MonthStart,Disease,PatientCount,ClaimAmount
1944-12-01,Acute bronchitis (disorder),1,500
1955-05-01,Acute bronchitis (disorder),1,500
1958-10-01,Acute bronchitis (disorder),1,500
1963-01-01,Acute bronchitis (disorder),1,500
1965-05-01,Acute bronchitis (disorder),1,500
1966-11-01,Acute bronchitis (disorder),1,500
1967-02-01,Acute bronchitis (disorder),1,500
1967-09-01,Acute bronchitis (disorder),1,500
1970-08-01,Acute bronchitis (disorder),1,500
1970-12-01,Acute bronchitis (disorder),1,500
1974-03-01,Acute bronchitis (disorder),1,500
1975-12-01,Acute bronchitis (disorder),1,500
1977-07-01,Acute bronchitis (disorder),1,500
1978-01-01,Acute bronchitis (disorder),1,500
1978-12-01,Acute bronchitis (disorder),1,500
1979-09-01,Acute bronchitis (disorder),1,500
1980-02-01,Acute bronchitis (disorder),1,500
1980-10-01,Acute bronchitis (disorder),1,500
1981-04-01,Acute bronchitis (disorder),1,500
1982-09-01,Acute bronchitis (disorder),1,500
1983-02-01,Acute bronchitis (disorder),1,500
1983-10-01,Acute bronchitis (disorder),1,500
1983-11-01,Acute bronchitis (disorder),1,500
1984-07-01,Acute bronchitis (disorder),1,500
1984-08-01,Acute bronchitis (disorder),1,500
1985-03-01,Acute bronchitis (disorder),1,500
1988-07-01,Acute bronchitis (disorder),2,1000
1988-09-01,Acute bronchitis (disorder),1,500
1989-03-01,Acute bronchitis (disorder),1,500
1989-04-01,Acute bronchitis (disorder),1,500
1990-05-01,Acute bronchitis (disorder),1,500
1990-06-01,Acute bronchitis (disorder),1,500
1991-01-01,Acute bronchitis (disorder),1,500
1991-05-01,Acute bronchitis (disorder),1,500
1991-09-01,Acute bronchitis (disorder),1,500
1993-08-01,Acute bronchitis (disorder),2,1000
1993-11-01,Acute bronchitis (disorder),1,500
1994-07-01,Acute bronchitis (disorder),1,500
1995-01-01,Acute bronchitis (disorder),1,500
1995-10-01,Acute bronchitis (disorder),1,500
1996-01-01,Acute bronchitis (disorder),1,500
1996-04-01,Acute bronchitis (disorder),1,500
1996-06-01,Acute bronchitis (disorder),1,500
1996-08-01,Acute bronchitis (disorder),1,500
1996-10-01,Acute bronchitis (disorder),1,500
1997-05-01,Acute bronchitis (disorder),2,1000
1998-10-01,Acute bronchitis (disorder),1,500
1999-01-01,Acute bronchitis (disorder),1,500
1999-05-01,Acute bronchitis (disorder),1,500
1999-07-01,Acute bronchitis (disorder),1,500
1999-08-01,Acute bronchitis (disorder),1,500
1999-10-01,Acute bronchitis (disorder),2,1000
1999-11-01,Acute bronchitis (disorder),1,500
2000-04-01,Acute bronchitis (disorder),1,500
2000-09-01,Acute bronchitis (disorder),1,500
2001-04-01,Acute bronchitis (disorder),1,500
2001-10-01,Acute bronchitis (disorder),1,500
2001-12-01,Acute bronchitis (disorder),1,500
2002-05-01,Acute bronchitis (disorder),1,500
2002-11-01,Acute bronchitis (disorder),1,500
2003-07-01,Acute bronchitis (disorder),1,500
2003-08-01,Acute bronchitis (disorder),2,1000
2003-10-01,Acute bronchitis (disorder),1,500
2003-12-01,Acute bronchitis (disorder),1,500
2004-04-01,Acute bronchitis (disorder),1,500
2005-01-01,Acute bronchitis (disorder),1,500
2005-02-01,Acute bronchitis (disorder),1,500
2005-05-01,Acute bronchitis (disorder),1,500
2005-06-01,Acute bronchitis (disorder),1,500
2005-07-01,Acute bronchitis (disorder),1,500
2005-08-01,Acute bronchitis (disorder),2,1000
2005-09-01,Acute bronchitis (disorder),1,500
2006-01-01,Acute bronchitis (disorder),4,2000
2006-05-01,Acute bronchitis (disorder),1,500
2007-05-01,Acute bronchitis (disorder),1,500
2008-05-01,Acute bronchitis (disorder),1,500
2008-07-01,Acute bronchitis (disorder),1,500
2008-11-01,Acute bronchitis (disorder),1,500
2009-04-01,Acute bronchitis (disorder),1,500
2009-11-01,Acute bronchitis (disorder),1,500
2009-12-01,Acute bronchitis (disorder),1,500
2010-12-01,Acute bronchitis (disorder),2,1000
2011-03-01,Acute bronchitis (disorder),1,500
2011-05-01,Acute bronchitis (disorder),1,500
2011-06-01,Acute bronchitis (disorder),1,500
2011-08-01,Acute bronchitis (disorder),1,500
2011-12-01,Acute bronchitis (disorder),1,500
2012-12-01,Acute bronchitis (disorder),1,500
2013-08-01,Acute bronchitis (disorder),3,1500
2013-09-01,Acute bronchitis (disorder),1,500
2013-10-01,Acute bronchitis (disorder),1,500
2014-03-01,Acute bronchitis (disorder),1,500
2014-06-01,Acute bronchitis (disorder),1,500
2014-07-01,Acute bronchitis (disorder),1,500
2014-09-01,Acute bronchitis (disorder),1,500
2015-03-01,Acute bronchitis (disorder),1,500
2015-08-01,Acute bronchitis (disorder),1,500
2015-09-01,Acute bronchitis (disorder),2,1000
2015-11-01,Acute bronchitis (disorder),1,500
2015-12-01,Acute bronchitis (disorder),1,500
2016-02-01,Acute bronchitis (disorder),11,5500
2016-03-01,Acute bronchitis (disorder),11,5500
2016-04-01,Acute bronchitis (disorder),7,3500
2016-05-01,Acute bronchitis (disorder),12,6000
2016-06-01,Acute bronchitis (disorder),8,4000
2016-07-01,Acute bronchitis (disorder),8,4000
2016-08-01,Acute bronchitis (disorder),6,3000
2016-09-01,Acute bronchitis (disorder),9,4500
2016-10-01,Acute bronchitis (disorder),9,4500
2016-11-01,Acute bronchitis (disorder),8,4000
2016-12-01,Acute bronchitis (disorder),7,3500
2017-01-01,Acute bronchitis (disorder),9,4500
2017-02-01,Acute bronchitis (disorder),12,6000
2017-03-01,Acute bronchitis (disorder),10,5000
2017-04-01,Acute bronchitis (disorder),11,5500
2017-05-01,Acute bronchitis (disorder),8,4000
2017-06-01,Acute bronchitis (disorder),10,5000
2017-07-01,Acute bronchitis (disorder),6,3000
2017-08-01,Acute bronchitis (disorder),12,6000
2017-09-01,Acute bronchitis (disorder),6,3000
2017-10-01,Acute bronchitis (disorder),11,5500
2017-11-01,Acute bronchitis (disorder),8,4000
2017-12-01,Acute bronchitis (disorder),10,5000
2018-01-01,Acute bronchitis (disorder),11,5500
2018-02-01,Acute bronchitis (disorder),10,5000
2018-03-01,Acute bronchitis (disorder),7,3500
2018-04-01,Acute bronchitis (disorder),12,6000
2018-05-01,Acute bronchitis (disorder),5,2500
2018-06-01,Acute bronchitis (disorder),7,3500
2018-07-01,Acute bronchitis (disorder),9,4500
2018-08-01,Acute bronchitis (disorder),7,3500
2018-09-01,Acute bronchitis (disorder),7,3500
2018-10-01,Acute bronchitis (disorder),9,4500
2018-11-01,Acute bronchitis (disorder),4,2000
2018-12-01,Acute bronchitis (disorder),5,2500
2019-01-01,Acute bronchitis (disorder),12,6000
2019-02-01,Acute bronchitis (disorder),8,4000
2019-03-01,Acute bronchitis (disorder),5,2500
2019-04-01,Acute bronchitis (disorder),7,3500
2019-05-01,Acute bronchitis (disorder),11,5500
2019-06-01,Acute bronchitis (disorder),12,6000
2019-07-01,Acute bronchitis (disorder),9,4500
2019-08-01,Acute bronchitis (disorder),11,5500
2019-09-01,Acute bronchitis (disorder),7,3500
2019-10-01,Acute bronchitis (disorder),6,3000
2019-11-01,Acute bronchitis (disorder),9,4500
2019-12-01,Acute bronchitis (disorder),6,3000
2020-01-01,Acute bronchitis (disorder),9,4500
2020-02-01,Acute bronchitis (disorder),6,3000
2020-03-01,Acute bronchitis (disorder),4,2000
2020-04-01,Acute bronchitis (disorder),5,2500
2020-05-01,Acute bronchitis (disorder),9,4500
2020-06-01,Acute bronchitis (disorder),7,3500
2020-07-01,Acute bronchitis (disorder),6,3000
2020-08-01,Acute bronchitis (disorder),14,7000
2020-09-01,Acute bronchitis (disorder),8,4000
2020-10-01,Acute bronchitis (disorder),7,3500
2020-11-01,Acute bronchitis (disorder),5,2500
2020-12-01,Acute bronchitis (disorder),11,5500
2021-01-01,Acute bronchitis (disorder),6,3000
2021-02-01,Acute bronchitis (disorder),9,4500
2021-03-01,Acute bronchitis (disorder),6,3000
2021-04-01,Acute bronchitis (disorder),7,3500
2021-05-01,Acute bronchitis (disorder),9,4500
2021-06-01,Acute bronchitis (disorder),5,2500
2021-07-01,Acute bronchitis (disorder),13,6500
2021-08-01,Acute bronchitis (disorder),8,4000
2021-09-01,Acute bronchitis (disorder),7,3500
2021-10-01,Acute bronchitis (disorder),9,4500
2021-11-01,Acute bronchitis (disorder),7,3500
2021-12-01,Acute bronchitis (disorder),12,6000
2022-01-01,Acute bronchitis (disorder),10,5000
2022-02-01,Acute bronchitis (disorder),8,4000
2022-03-01,Acute bronchitis (disorder),8,4000
2022-04-01,Acute bronchitis (disorder),3,1500
2022-05-01,Acute bronchitis (disorder),8,4000
2022-06-01,Acute bronchitis (disorder),4,2000
2022-07-01,Acute bronchitis (disorder),10,5000
2022-08-01,Acute bronchitis (disorder),5,2500
2022-09-01,Acute bronchitis (disorder),10,5000
2022-10-01,Acute bronchitis (disorder),5,2500
2022-11-01,Acute bronchitis (disorder),3,1500
2022-12-01,Acute bronchitis (disorder),3,1500
2023-01-01,Acute bronchitis (disorder),8,4000
2023-02-01,Acute bronchitis (disorder),8,4000
2023-03-01,Acute bronchitis (disorder),9,4500
2023-04-01,Acute bronchitis (disorder),6,3000
2023-05-01,Acute bronchitis (disorder),5,2500
2023-06-01,Acute bronchitis (disorder),7,3500
2023-07-01,Acute bronchitis (disorder),4,2000
2023-08-01,Acute bronchitis (disorder),14,7000
2023-09-01,Acute bronchitis (disorder),6,3000
2023-10-01,Acute bronchitis (disorder),4,2000
2023-11-01,Acute bronchitis (disorder),9,4500
2023-12-01,Acute bronchitis (disorder),2,1000
2024-01-01,Acute bronchitis (disorder),7,3500
2024-02-01,Acute bronchitis (disorder),4,2000
2024-03-01,Acute bronchitis (disorder),8,4000
2024-04-01,Acute bronchitis (disorder),5,2500
2024-05-01,Acute bronchitis (disorder),7,3500
2024-06-01,Acute bronchitis (disorder),15,7500
2024-07-01,Acute bronchitis (disorder),11,5500
2024-08-01,Acute bronchitis (disorder),13,6500
2024-09-01,Acute bronchitis (disorder),13,6500
2024-10-01,Acute bronchitis (disorder),8,4000
2024-11-01,Acute bronchitis (disorder),7,3500
2024-12-01,Acute bronchitis (disorder),8,4000
2025-01-01,Acute bronchitis (disorder),11,5500
2025-02-01,Acute bronchitis (disorder),6,3000
2025-03-01,Acute bronchitis (disorder),8,4000
2025-04-01,Acute bronchitis (disorder),8,4000
2025-05-01,Acute bronchitis (disorder),8,4000
2025-06-01,Acute bronchitis (disorder),7,3500
2025-07-01,Acute bronchitis (disorder),7,3500
2025-08-01,Acute bronchitis (disorder),7,3500
2025-09-01,Acute bronchitis (disorder),9,4500
2025-10-01,Acute bronchitis (disorder),9,4500
2025-11-01,Acute bronchitis (disorder),7,3500
2025-12-01,Acute bronchitis (disorder),9,4500
2026-01-01,Acute bronchitis (disorder),10,5000
1940-05-01,Acute viral pharyngitis (disorder),1,500
1957-10-01,Acute viral pharyngitis (disorder),1,500
1959-05-01,Acute viral pharyngitis (disorder),1,500
1961-05-01,Acute viral pharyngitis (disorder),1,500
1964-09-01,Acute viral pharyngitis (disorder),1,500
1967-06-01,Acute viral pharyngitis (disorder),1,500
1968-05-01,Acute viral pharyngitis (disorder),1,500
1968-07-01,Acute viral pharyngitis (disorder),1,500
1969-06-01,Acute viral pharyngitis (disorder),1,500
1970-06-01,Acute viral pharyngitis (disorder),1,500
1976-05-01,Acute viral pharyngitis (disorder),1,500
1977-05-01,Acute viral pharyngitis (disorder),2,1000
1977-06-01,Acute viral pharyngitis (disorder),1,500
1977-10-01,Acute viral pharyngitis (disorder),1,500
1978-05-01,Acute viral pharyngitis (disorder),1,500
1978-10-01,Acute viral pharyngitis (disorder),1,500
1979-10-01,Acute viral pharyngitis (disorder),1,500
1980-02-01,Acute viral pharyngitis (disorder),1,500
1980-03-01,Acute viral pharyngitis (disorder),1,500
1980-10-01,Acute viral pharyngitis (disorder),1,500
1981-03-01,Acute viral pharyngitis (disorder),1,500
1981-05-01,Acute viral pharyngitis (disorder),1,500
1981-06-01,Acute viral pharyngitis (disorder),1,500
1983-06-01,Acute viral pharyngitis (disorder),1,500
1984-03-01,Acute viral pharyngitis (disorder),1,500
1984-04-01,Acute viral pharyngitis (disorder),1,500
1985-02-01,Acute viral pharyngitis (disorder),1,500
1985-03-01,Acute viral pharyngitis (disorder),1,500
1985-11-01,Acute viral pharyngitis (disorder),1,500
1986-03-01,Acute viral pharyngitis (disorder),1,500
1986-06-01,Acute viral pharyngitis (disorder),1,500
1987-04-01,Acute viral pharyngitis (disorder),1,500
1987-07-01,Acute viral pharyngitis (disorder),2,1000
1988-06-01,Acute viral pharyngitis (disorder),1,500
1988-08-01,Acute viral pharyngitis (disorder),1,500
1988-09-01,Acute viral pharyngitis (disorder),2,1000
1988-10-01,Acute viral pharyngitis (disorder),1,500
1989-05-01,Acute viral pharyngitis (disorder),1,500
1989-10-01,Acute viral pharyngitis (disorder),1,500
1990-03-01,Acute viral pharyngitis (disorder),1,500
1990-06-01,Acute viral pharyngitis (disorder),1,500
1991-08-01,Acute viral pharyngitis (disorder),1,500
1991-09-01,Acute viral pharyngitis (disorder),1,500
1993-06-01,Acute viral pharyngitis (disorder),2,1000
1993-08-01,Acute viral pharyngitis (disorder),1,500
1995-04-01,Acute viral pharyngitis (disorder),1,500
1995-05-01,Acute viral pharyngitis (disorder),1,500
1995-08-01,Acute viral pharyngitis (disorder),1,500
1995-09-01,Acute viral pharyngitis (disorder),1,500
1995-11-01,Acute viral pharyngitis (disorder),1,500
1996-04-01,Acute viral pharyngitis (disorder),1,500
1996-05-01,Acute viral pharyngitis (disorder),1,500
1996-07-01,Acute viral pharyngitis (disorder),1,500
1996-11-01,Acute viral pharyngitis (disorder),1,500
1997-06-01,Acute viral pharyngitis (disorder),1,500
1997-10-01,Acute viral pharyngitis (disorder),1,500
1998-05-01,Acute viral pharyngitis (disorder),1,500
1998-11-01,Acute viral pharyngitis (disorder),2,1000
1998-12-01,Acute viral pharyngitis (disorder),1,500
1999-03-01,Acute viral pharyngitis (disorder),1,500
1999-08-01,Acute viral pharyngitis (disorder),1,500
1999-09-01,Acute viral pharyngitis (disorder),1,500
1999-11-01,Acute viral pharyngitis (disorder),1,500
1999-12-01,Acute viral pharyngitis (disorder),2,1000
2000-03-01,Acute viral pharyngitis (disorder),1,500
2000-09-01,Acute viral pharyngitis (disorder),1,500
2000-10-01,Acute viral pharyngitis (disorder),1,500
2001-04-01,Acute viral pharyngitis (disorder),1,500
2002-06-01,Acute viral pharyngitis (disorder),1,500
2002-07-01,Acute viral pharyngitis (disorder),1,500
2002-08-01,Acute viral pharyngitis (disorder),1,500
2002-11-01,Acute viral pharyngitis (disorder),1,500
2003-03-01,Acute viral pharyngitis (disorder),1,500
2003-04-01,Acute viral pharyngitis (disorder),1,500
2003-08-01,Acute viral pharyngitis (disorder),1,500
2003-09-01,Acute viral pharyngitis (disorder),1,500
2003-12-01,Acute viral pharyngitis (disorder),2,1000
2004-04-01,Acute viral pharyngitis (disorder),1,500
2004-11-01,Acute viral pharyngitis (disorder),3,1500
2005-06-01,Acute viral pharyngitis (disorder),1,500
2005-11-01,Acute viral pharyngitis (disorder),1,500
2006-01-01,Acute viral pharyngitis (disorder),1,500
2006-06-01,Acute viral pharyngitis (disorder),1,500
2006-07-01,Acute viral pharyngitis (disorder),1,500
2006-09-01,Acute viral pharyngitis (disorder),1,500
2007-01-01,Acute viral pharyngitis (disorder),2,1000
2007-04-01,Acute viral pharyngitis (disorder),2,1000
2008-05-01,Acute viral pharyngitis (disorder),1,500
2009-01-01,Acute viral pharyngitis (disorder),1,500
2009-04-01,Acute viral pharyngitis (disorder),2,1000
2009-06-01,Acute viral pharyngitis (disorder),1,500
2009-08-01,Acute viral pharyngitis (disorder),1,500
2010-02-01,Acute viral pharyngitis (disorder),1,500
2010-04-01,Acute viral pharyngitis (disorder),1,500
2010-08-01,Acute viral pharyngitis (disorder),1,500
2010-10-01,Acute viral pharyngitis (disorder),2,1000
2011-03-01,Acute viral pharyngitis (disorder),1,500
2011-04-01,Acute viral pharyngitis (disorder),1,500
2011-05-01,Acute viral pharyngitis (disorder),1,500
2011-07-01,Acute viral pharyngitis (disorder),1,500
2011-12-01,Acute viral pharyngitis (disorder),1,500
2012-04-01,Acute viral pharyngitis (disorder),3,1500
2012-06-01,Acute viral pharyngitis (disorder),2,1000
2012-09-01,Acute viral pharyngitis (disorder),1,500
2013-04-01,Acute viral pharyngitis (disorder),1,500
2013-05-01,Acute viral pharyngitis (disorder),1,500
2014-05-01,Acute viral pharyngitis (disorder),2,1000
2014-08-01,Acute viral pharyngitis (disorder),1,500
2015-10-01,Acute viral pharyngitis (disorder),1,500
2015-12-01,Acute viral pharyngitis (disorder),1,500
2016-01-01,Acute viral pharyngitis (disorder),2,1000
2016-02-01,Acute viral pharyngitis (disorder),4,2000
2016-03-01,Acute viral pharyngitis (disorder),6,3000
2016-04-01,Acute viral pharyngitis (disorder),14,7000
2016-05-01,Acute viral pharyngitis (disorder),6,3000
2016-06-01,Acute viral pharyngitis (disorder),13,6500
2016-07-01,Acute viral pharyngitis (disorder),14,7000
2016-08-01,Acute viral pharyngitis (disorder),8,4000
2016-09-01,Acute viral pharyngitis (disorder),11,5500
2016-10-01,Acute viral pharyngitis (disorder),7,3500
2016-11-01,Acute viral pharyngitis (disorder),9,4500
2016-12-01,Acute viral pharyngitis (disorder),8,4000
2017-01-01,Acute viral pharyngitis (disorder),12,6000
2017-02-01,Acute viral pharyngitis (disorder),8,4000
2017-03-01,Acute viral pharyngitis (disorder),8,4000
2017-04-01,Acute viral pharyngitis (disorder),10,5000
2017-05-01,Acute viral pharyngitis (disorder),6,3000
2017-06-01,Acute viral pharyngitis (disorder),5,2500
2017-07-01,Acute viral pharyngitis (disorder),9,4500
2017-08-01,Acute viral pharyngitis (disorder),6,3000
2017-09-01,Acute viral pharyngitis (disorder),15,7500
2017-10-01,Acute viral pharyngitis (disorder),9,4500
2017-11-01,Acute viral pharyngitis (disorder),13,6500
2017-12-01,Acute viral pharyngitis (disorder),12,6000
2018-01-01,Acute viral pharyngitis (disorder),12,6000
2018-02-01,Acute viral pharyngitis (disorder),7,3500
2018-03-01,Acute viral pharyngitis (disorder),15,7500
2018-04-01,Acute viral pharyngitis (disorder),12,6000
2018-05-01,Acute viral pharyngitis (disorder),7,3500
2018-06-01,Acute viral pharyngitis (disorder),16,8000
2018-07-01,Acute viral pharyngitis (disorder),8,4000
2018-08-01,Acute viral pharyngitis (disorder),7,3500
2018-09-01,Acute viral pharyngitis (disorder),13,6500
2018-10-01,Acute viral pharyngitis (disorder),8,4000
2018-11-01,Acute viral pharyngitis (disorder),12,6000
2018-12-01,Acute viral pharyngitis (disorder),18,9000
2019-01-01,Acute viral pharyngitis (disorder),13,6500
2019-02-01,Acute viral pharyngitis (disorder),6,3000
2019-03-01,Acute viral pharyngitis (disorder),8,4000
2019-04-01,Acute viral pharyngitis (disorder),10,5000
2019-05-01,Acute viral pharyngitis (disorder),11,5500
2019-06-01,Acute viral pharyngitis (disorder),8,4000
2019-07-01,Acute viral pharyngitis (disorder),14,7000
2019-08-01,Acute viral pharyngitis (disorder),9,4500
2019-09-01,Acute viral pharyngitis (disorder),9,4500
2019-10-01,Acute viral pharyngitis (disorder),12,6000
2019-11-01,Acute viral pharyngitis (disorder),8,4000
2019-12-01,Acute viral pharyngitis (disorder),5,2500
2020-01-01,Acute viral pharyngitis (disorder),8,4000
2020-02-01,Acute viral pharyngitis (disorder),11,5500
2020-03-01,Acute viral pharyngitis (disorder),5,2500
2020-04-01,Acute viral pharyngitis (disorder),6,3000
2020-05-01,Acute viral pharyngitis (disorder),11,5500
2020-06-01,Acute viral pharyngitis (disorder),9,4500
2020-07-01,Acute viral pharyngitis (disorder),10,5000
2020-08-01,Acute viral pharyngitis (disorder),8,4000
2020-09-01,Acute viral pharyngitis (disorder),6,3000
2020-10-01,Acute viral pharyngitis (disorder),9,4500
2020-11-01,Acute viral pharyngitis (disorder),15,7500
2020-12-01,Acute viral pharyngitis (disorder),12,6000
2021-01-01,Acute viral pharyngitis (disorder),15,7500
2021-02-01,Acute viral pharyngitis (disorder),9,4500
2021-03-01,Acute viral pharyngitis (disorder),15,7500
2021-04-01,Acute viral pharyngitis (disorder),7,3500
2021-05-01,Acute viral pharyngitis (disorder),11,5500
2021-06-01,Acute viral pharyngitis (disorder),11,5500
2021-07-01,Acute viral pharyngitis (disorder),6,3000
2021-08-01,Acute viral pharyngitis (disorder),9,4500
2021-09-01,Acute viral pharyngitis (disorder),13,6500
2021-10-01,Acute viral pharyngitis (disorder),7,3500
2021-11-01,Acute viral pharyngitis (disorder),16,8000
2021-12-01,Acute viral pharyngitis (disorder),7,3500
2022-01-01,Acute viral pharyngitis (disorder),8,4000
2022-02-01,Acute viral pharyngitis (disorder),9,4500
2022-03-01,Acute viral pharyngitis (disorder),15,7500
2022-04-01,Acute viral pharyngitis (disorder),13,6500
2022-05-01,Acute viral pharyngitis (disorder),12,6000
2022-06-01,Acute viral pharyngitis (disorder),8,4000
2022-07-01,Acute viral pharyngitis (disorder),12,6000
2022-08-01,Acute viral pharyngitis (disorder),9,4500
2022-09-01,Acute viral pharyngitis (disorder),11,5500
2022-10-01,Acute viral pharyngitis (disorder),11,5500
2022-11-01,Acute viral pharyngitis (disorder),8,4000
2022-12-01,Acute viral pharyngitis (disorder),14,7000
2023-01-01,Acute viral pharyngitis (disorder),16,8000
2023-02-01,Acute viral pharyngitis (disorder),9,4500
2023-03-01,Acute viral pharyngitis (disorder),14,7000
2023-04-01,Acute viral pharyngitis (disorder),9,4500
2023-05-01,Acute viral pharyngitis (disorder),12,6000
2023-06-01,Acute viral pharyngitis (disorder),9,4500
2023-07-01,Acute viral pharyngitis (disorder),10,5000
2023-08-01,Acute viral pharyngitis (disorder),5,2500
2023-09-01,Acute viral pharyngitis (disorder),12,6000
2023-10-01,Acute viral pharyngitis (disorder),10,5000
2023-11-01,Acute viral pharyngitis (disorder),13,6500
2023-12-01,Acute viral pharyngitis (disorder),13,6500
2024-01-01,Acute viral pharyngitis (disorder),5,2500
2024-02-01,Acute viral pharyngitis (disorder),12,6000
2024-03-01,Acute viral pharyngitis (disorder),12,6000
2024-04-01,Acute viral pharyngitis (disorder),10,5000
2024-05-01,Acute viral pharyngitis (disorder),7,3500
2024-06-01,Acute viral pharyngitis (disorder),9,4500
2024-07-01,Acute viral pharyngitis (disorder),9,4500
2024-08-01,Acute viral pharyngitis (disorder),11,5500
2024-09-01,Acute viral pharyngitis (disorder),8,4000
2024-10-01,Acute viral pharyngitis (disorder),17,8500
2024-11-01,Acute viral pharyngitis (disorder),14,7000
2024-12-01,Acute viral pharyngitis (disorder),10,5000
2025-01-01,Acute viral pharyngitis (disorder),12,6000
2025-02-01,Acute viral pharyngitis (disorder),6,3000
2025-03-01,Acute viral pharyngitis (disorder),7,3500
2025-04-01,Acute viral pharyngitis (disorder),7,3500
2025-05-01,Acute viral pharyngitis (disorder),15,7500
2025-06-01,Acute viral pharyngitis (disorder),6,3000
2025-07-01,Acute viral pharyngitis (disorder),15,7500
2025-08-01,Acute viral pharyngitis (disorder),12,6000
2025-09-01,Acute viral pharyngitis (disorder),8,4000
2025-10-01,Acute viral pharyngitis (disorder),10,5000
2025-11-01,Acute viral pharyngitis (disorder),4,2000
2025-12-01,Acute viral pharyngitis (disorder),8,4000
2026-01-01,Acute viral pharyngitis (disorder),8,4000
1937-10-01,Anemia (disorder),1,500
1942-12-01,Anemia (disorder),2,1000
1943-06-01,Anemia (disorder),1,500
1943-11-01,Anemia (disorder),1,500
1944-07-01,Anemia (disorder),1,500
1947-07-01,Anemia (disorder),1,500
1948-04-01,Anemia (disorder),1,500
1948-11-01,Anemia (disorder),1,500
1949-02-01,Anemia (disorder),1,500
1949-06-01,Anemia (disorder),1,500
1950-11-01,Anemia (disorder),1,500
1950-12-01,Anemia (disorder),2,1000
1951-02-01,Anemia (disorder),1,500
1952-08-01,Anemia (disorder),1,500
1952-11-01,Anemia (disorder),1,500
1953-01-01,Anemia (disorder),1,500
1955-05-01,Anemia (disorder),1,500
1955-07-01,Anemia (disorder),1,500
1955-09-01,Anemia (disorder),1,500
1956-05-01,Anemia (disorder),1,500
1957-03-01,Anemia (disorder),1,500
1957-06-01,Anemia (disorder),1,500
1957-08-01,Anemia (disorder),1,500
1958-10-01,Anemia (disorder),1,500
1958-12-01,Anemia (disorder),2,1000
1959-07-01,Anemia (disorder),1,500
1959-08-01,Anemia (disorder),1,500
1959-12-01,Anemia (disorder),1,500
1960-05-01,Anemia (disorder),1,500
1960-12-01,Anemia (disorder),1,500
1961-01-01,Anemia (disorder),1,500
1961-04-01,Anemia (disorder),1,500
1961-12-01,Anemia (disorder),1,500
1962-07-01,Anemia (disorder),1,500
1962-10-01,Anemia (disorder),1,500
1963-03-01,Anemia (disorder),3,1500
1963-10-01,Anemia (disorder),1,500
1963-11-01,Anemia (disorder),1,500
1964-10-01,Anemia (disorder),1,500
1965-06-01,Anemia (disorder),1,500
1966-03-01,Anemia (disorder),1,500
1966-05-01,Anemia (disorder),1,500
1966-09-01,Anemia (disorder),1,500
1966-10-01,Anemia (disorder),1,500
1967-02-01,Anemia (disorder),1,500
1967-07-01,Anemia (disorder),1,500
1967-08-01,Anemia (disorder),1,500
1967-10-01,Anemia (disorder),1,500
1967-11-01,Anemia (disorder),1,500
1968-02-01,Anemia (disorder),1,500
1968-06-01,Anemia (disorder),1,500
1968-10-01,Anemia (disorder),2,1000
1969-02-01,Anemia (disorder),1,500
1969-09-01,Anemia (disorder),1,500
1969-10-01,Anemia (disorder),1,500
1969-12-01,Anemia (disorder),1,500
1970-03-01,Anemia (disorder),2,1000
1970-05-01,Anemia (disorder),2,1000
1970-08-01,Anemia (disorder),1,500
1970-12-01,Anemia (disorder),1,500
1971-10-01,Anemia (disorder),2,1000
1972-03-01,Anemia (disorder),1,500
1972-04-01,Anemia (disorder),2,1000
1972-09-01,Anemia (disorder),1,500
1973-01-01,Anemia (disorder),1,500
1973-03-01,Anemia (disorder),1,500
1973-07-01,Anemia (disorder),2,1000
1973-08-01,Anemia (disorder),1,500
1973-10-01,Anemia (disorder),1,500
1973-11-01,Anemia (disorder),1,500
1974-02-01,Anemia (disorder),1,500
1974-05-01,Anemia (disorder),1,500
1974-11-01,Anemia (disorder),1,500
1975-05-01,Anemia (disorder),1,500
1975-10-01,Anemia (disorder),1,500
1976-02-01,Anemia (disorder),1,500
1976-05-01,Anemia (disorder),1,500
1976-08-01,Anemia (disorder),1,500
1976-09-01,Anemia (disorder),2,1000
1977-01-01,Anemia (disorder),1,500
1977-02-01,Anemia (disorder),1,500
1977-03-01,Anemia (disorder),2,1000
1977-05-01,Anemia (disorder),1,500
1977-09-01,Anemia (disorder),1,500
1978-01-01,Anemia (disorder),1,500
1978-03-01,Anemia (disorder),2,1000
1978-05-01,Anemia (disorder),1,500
1978-06-01,Anemia (disorder),1,500
1979-02-01,Anemia (disorder),1,500
1979-03-01,Anemia (disorder),2,1000
1979-04-01,Anemia (disorder),1,500
1979-06-01,Anemia (disorder),1,500
1979-11-01,Anemia (disorder),1,500
1980-01-01,Anemia (disorder),1,500
1980-03-01,Anemia (disorder),1,500
1980-04-01,Anemia (disorder),1,500
1980-06-01,Anemia (disorder),1,500
1980-07-01,Anemia (disorder),1,500
1980-08-01,Anemia (disorder),1,500
1980-09-01,Anemia (disorder),1,500
1980-10-01,Anemia (disorder),2,1000
1980-11-01,Anemia (disorder),3,1500
1981-05-01,Anemia (disorder),2,1000
1981-06-01,Anemia (disorder),1,500
1981-07-01,Anemia (disorder),1,500
1981-12-01,Anemia (disorder),3,1500
1982-06-01,Anemia (disorder),2,1000
1982-07-01,Anemia (disorder),3,1500
1982-11-01,Anemia (disorder),1,500
1983-01-01,Anemia (disorder),1,500
1983-02-01,Anemia (disorder),1,500
1983-09-01,Anemia (disorder),2,1000
1983-10-01,Anemia (disorder),1,500
1983-12-01,Anemia (disorder),1,500
1984-03-01,Anemia (disorder),2,1000
1984-07-01,Anemia (disorder),1,500
1984-09-01,Anemia (disorder),2,1000
1984-12-01,Anemia (disorder),2,1000
1985-01-01,Anemia (disorder),1,500
1985-03-01,Anemia (disorder),2,1000
1985-08-01,Anemia (disorder),2,1000
1985-11-01,Anemia (disorder),1,500
1985-12-01,Anemia (disorder),1,500
1986-02-01,Anemia (disorder),1,500
1986-06-01,Anemia (disorder),1,500
1986-09-01,Anemia (disorder),1,500
1986-10-01,Anemia (disorder),1,500
1986-12-01,Anemia (disorder),2,1000
1987-01-01,Anemia (disorder),1,500
1987-02-01,Anemia (disorder),2,1000
1987-03-01,Anemia (disorder),1,500
1987-04-01,Anemia (disorder),2,1000
1987-05-01,Anemia (disorder),2,1000
1987-07-01,Anemia (disorder),1,500
1987-08-01,Anemia (disorder),2,1000
1987-09-01,Anemia (disorder),1,500
1987-10-01,Anemia (disorder),1,500
1988-01-01,Anemia (disorder),1,500
1988-02-01,Anemia (disorder),3,1500
1988-05-01,Anemia (disorder),1,500
1988-06-01,Anemia (disorder),1,500
1988-08-01,Anemia (disorder),1,500
1988-10-01,Anemia (disorder),1,500
1989-03-01,Anemia (disorder),1,500
1989-04-01,Anemia (disorder),1,500
1989-09-01,Anemia (disorder),1,500
1989-10-01,Anemia (disorder),1,500
1989-11-01,Anemia (disorder),2,1000
1990-01-01,Anemia (disorder),2,1000
1990-03-01,Anemia (disorder),1,500
1990-07-01,Anemia (disorder),3,1500
1990-10-01,Anemia (disorder),1,500
1990-11-01,Anemia (disorder),1,500
1991-01-01,Anemia (disorder),2,1000
1991-03-01,Anemia (disorder),1,500
1991-05-01,Anemia (disorder),2,1000
1991-06-01,Anemia (disorder),2,1000
1991-11-01,Anemia (disorder),1,500
1991-12-01,Anemia (disorder),2,1000
1992-01-01,Anemia (disorder),1,500
1992-06-01,Anemia (disorder),1,500
1992-08-01,Anemia (disorder),1,500
1992-09-01,Anemia (disorder),1,500
1993-01-01,Anemia (disorder),3,1500
1993-02-01,Anemia (disorder),2,1000
1993-03-01,Anemia (disorder),1,500
1993-06-01,Anemia (disorder),1,500
1993-07-01,Anemia (disorder),1,500
1993-08-01,Anemia (disorder),1,500
1993-09-01,Anemia (disorder),2,1000
1993-10-01,Anemia (disorder),1,500
1993-11-01,Anemia (disorder),1,500
1993-12-01,Anemia (disorder),2,1000
1994-01-01,Anemia (disorder),2,1000
1994-05-01,Anemia (disorder),1,500
1994-06-01,Anemia (disorder),1,500
1994-08-01,Anemia (disorder),1,500
1994-10-01,Anemia (disorder),2,1000
1994-11-01,Anemia (disorder),2,1000
1994-12-01,Anemia (disorder),1,500
1995-01-01,Anemia (disorder),2,1000
1995-03-01,Anemia (disorder),3,1500
1995-04-01,Anemia (disorder),1,500
1995-05-01,Anemia (disorder),1,500
1995-06-01,Anemia (disorder),1,500
1995-08-01,Anemia (disorder),3,1500
1995-09-01,Anemia (disorder),2,1000
1995-11-01,Anemia (disorder),3,1500
1996-03-01,Anemia (disorder),1,500
1996-04-01,Anemia (disorder),1,500
1996-05-01,Anemia (disorder),1,500
1996-06-01,Anemia (disorder),1,500
1996-07-01,Anemia (disorder),1,500
1996-08-01,Anemia (disorder),2,1000
1996-09-01,Anemia (disorder),1,500
1996-11-01,Anemia (disorder),3,1500
1997-01-01,Anemia (disorder),1,500
1997-02-01,Anemia (disorder),3,1500
1997-03-01,Anemia (disorder),1,500
1997-05-01,Anemia (disorder),2,1000
1997-06-01,Anemia (disorder),2,1000
1997-07-01,Anemia (disorder),1,500
1997-08-01,Anemia (disorder),2,1000
1997-10-01,Anemia (disorder),1,500
1998-01-01,Anemia (disorder),3,1500
1998-02-01,Anemia (disorder),3,1500
1998-03-01,Anemia (disorder),1,500
1998-08-01,Anemia (disorder),4,2000
1998-09-01,Anemia (disorder),1,500
1998-11-01,Anemia (disorder),1,500
1999-01-01,Anemia (disorder),2,1000
1999-02-01,Anemia (disorder),1,500
1999-03-01,Anemia (disorder),3,1500
1999-06-01,Anemia (disorder),1,500
1999-07-01,Anemia (disorder),1,500
1999-09-01,Anemia (disorder),1,500
1999-10-01,Anemia (disorder),1,500
1999-11-01,Anemia (disorder),1,500
1999-12-01,Anemia (disorder),2,1000
2000-02-01,Anemia (disorder),1,500
2000-03-01,Anemia (disorder),2,1000
2000-04-01,Anemia (disorder),1,500
2000-05-01,Anemia (disorder),1,500
2000-06-01,Anemia (disorder),2,1000
2000-07-01,Anemia (disorder),2,1000
2001-02-01,Anemia (disorder),1,500
2001-03-01,Anemia (disorder),1,500
2001-04-01,Anemia (disorder),2,1000
2001-06-01,Anemia (disorder),1,500
2001-07-01,Anemia (disorder),2,1000
2001-08-01,Anemia (disorder),1,500
2001-09-01,Anemia (disorder),1,500
2001-10-01,Anemia (disorder),2,1000
2001-11-01,Anemia (disorder),1,500
2001-12-01,Anemia (disorder),1,500
2002-01-01,Anemia (disorder),2,1000
2002-02-01,Anemia (disorder),2,1000
2002-04-01,Anemia (disorder),1,500
2002-05-01,Anemia (disorder),1,500
2002-06-01,Anemia (disorder),1,500
2002-07-01,Anemia (disorder),1,500
2002-08-01,Anemia (disorder),2,1000
2002-09-01,Anemia (disorder),1,500
2002-10-01,Anemia (disorder),4,2000
2002-11-01,Anemia (disorder),3,1500
2002-12-01,Anemia (disorder),1,500
2003-01-01,Anemia (disorder),2,1000
2003-02-01,Anemia (disorder),1,500
2003-03-01,Anemia (disorder),1,500
2003-04-01,Anemia (disorder),1,500
2003-08-01,Anemia (disorder),1,500
2003-09-01,Anemia (disorder),5,2500
2003-10-01,Anemia (disorder),3,1500
2003-11-01,Anemia (disorder),1,500
2003-12-01,Anemia (disorder),2,1000
2004-01-01,Anemia (disorder),2,1000
2004-04-01,Anemia (disorder),1,500
2004-05-01,Anemia (disorder),2,1000
2004-07-01,Anemia (disorder),3,1500
2004-08-01,Anemia (disorder),1,500
2004-09-01,Anemia (disorder),1,500
2004-12-01,Anemia (disorder),1,500
2005-01-01,Anemia (disorder),1,500
2005-02-01,Anemia (disorder),1,500
2005-04-01,Anemia (disorder),2,1000
2005-05-01,Anemia (disorder),1,500
2005-06-01,Anemia (disorder),1,500
2005-07-01,Anemia (disorder),3,1500
2005-08-01,Anemia (disorder),1,500
2005-09-01,Anemia (disorder),2,1000
2005-10-01,Anemia (disorder),1,500
2005-12-01,Anemia (disorder),3,1500
2006-01-01,Anemia (disorder),1,500
2006-02-01,Anemia (disorder),1,500
2006-04-01,Anemia (disorder),3,1500
2006-05-01,Anemia (disorder),1,500
2006-06-01,Anemia (disorder),1,500
2006-07-01,Anemia (disorder),3,1500
2006-12-01,Anemia (disorder),3,1500
2007-02-01,Anemia (disorder),1,500
2007-03-01,Anemia (disorder),1,500
2007-05-01,Anemia (disorder),3,1500
2007-06-01,Anemia (disorder),3,1500
2007-10-01,Anemia (disorder),4,2000
2007-11-01,Anemia (disorder),1,500
2007-12-01,Anemia (disorder),1,500
2008-01-01,Anemia (disorder),1,500
2008-03-01,Anemia (disorder),1,500
2008-06-01,Anemia (disorder),1,500
2008-07-01,Anemia (disorder),3,1500
2008-08-01,Anemia (disorder),1,500
2008-09-01,Anemia (disorder),1,500
2008-10-01,Anemia (disorder),1,500
2008-11-01,Anemia (disorder),1,500
2008-12-01,Anemia (disorder),5,2500
2009-01-01,Anemia (disorder),1,500
2009-02-01,Anemia (disorder),3,1500
2009-05-01,Anemia (disorder),2,1000
2009-06-01,Anemia (disorder),5,2500
2009-07-01,Anemia (disorder),1,500
2009-10-01,Anemia (disorder),2,1000
2009-12-01,Anemia (disorder),1,500
2010-01-01,Anemia (disorder),1,500
2010-02-01,Anemia (disorder),2,1000
2010-06-01,Anemia (disorder),1,500
2010-08-01,Anemia (disorder),1,500
2010-10-01,Anemia (disorder),1,500
2010-12-01,Anemia (disorder),2,1000
2011-01-01,Anemia (disorder),2,1000
2011-03-01,Anemia (disorder),1,500
2011-04-01,Anemia (disorder),1,500
2011-05-01,Anemia (disorder),2,1000
2011-07-01,Anemia (disorder),2,1000
2011-08-01,Anemia (disorder),2,1000
2011-09-01,Anemia (disorder),1,500
2011-10-01,Anemia (disorder),2,1000
2011-12-01,Anemia (disorder),1,500
2012-01-01,Anemia (disorder),1,500
2012-03-01,Anemia (disorder),1,500
2012-05-01,Anemia (disorder),3,1500
2012-06-01,Anemia (disorder),2,1000
2012-07-01,Anemia (disorder),1,500
2012-08-01,Anemia (disorder),3,1500
2012-09-01,Anemia (disorder),1,500
2012-11-01,Anemia (disorder),2,1000
2012-12-01,Anemia (disorder),1,500
2013-01-01,Anemia (disorder),2,1000
2013-02-01,Anemia (disorder),1,500
2013-03-01,Anemia (disorder),1,500
2013-06-01,Anemia (disorder),1,500
2013-07-01,Anemia (disorder),1,500
2013-08-01,Anemia (disorder),3,1500
2013-09-01,Anemia (disorder),1,500
2013-10-01,Anemia (disorder),2,1000
2013-11-01,Anemia (disorder),1,500
2014-02-01,Anemia (disorder),6,3000
2014-06-01,Anemia (disorder),1,500
2014-07-01,Anemia (disorder),1,500
2014-08-01,Anemia (disorder),2,1000
2014-09-01,Anemia (disorder),2,1000
2014-12-01,Anemia (disorder),1,500
2015-02-01,Anemia (disorder),5,2500
2015-04-01,Anemia (disorder),1,500
2015-05-01,Anemia (disorder),2,1000
2015-06-01,Anemia (disorder),2,1000
2015-07-01,Anemia (disorder),2,1000
2015-08-01,Anemia (disorder),1,500
2015-09-01,Anemia (disorder),1,500
2015-11-01,Anemia (disorder),1,500
2015-12-01,Anemia (disorder),2,1000
2016-02-01,Anemia (disorder),1,500
2016-03-01,Anemia (disorder),4,2000
2016-04-01,Anemia (disorder),2,1000
2016-05-01,Anemia (disorder),6,3000
2016-06-01,Anemia (disorder),1,500
2016-07-01,Anemia (disorder),4,2000
2016-08-01,Anemia (disorder),1,500
2016-09-01,Anemia (disorder),2,1000
2016-10-01,Anemia (disorder),1,500
2016-11-01,Anemia (disorder),2,1000
2017-03-01,Anemia (disorder),3,1500
2017-05-01,Anemia (disorder),1,500
2017-06-01,Anemia (disorder),3,1500
2017-07-01,Anemia (disorder),5,2500
2017-08-01,Anemia (disorder),1,500
2017-09-01,Anemia (disorder),1,500
2017-10-01,Anemia (disorder),1,500
2017-11-01,Anemia (disorder),3,1500
2017-12-01,Anemia (disorder),1,500
2018-01-01,Anemia (disorder),1,500
2018-02-01,Anemia (disorder),3,1500
2018-03-01,Anemia (disorder),4,2000
2018-04-01,Anemia (disorder),1,500
2018-05-01,Anemia (disorder),2,1000
2018-06-01,Anemia (disorder),4,2000
2018-07-01,Anemia (disorder),1,500
2018-08-01,Anemia (disorder),1,500
2018-09-01,Anemia (disorder),2,1000
2018-10-01,Anemia (disorder),3,1500
2018-11-01,Anemia (disorder),2,1000
2018-12-01,Anemia (disorder),1,500
2019-01-01,Anemia (disorder),1,500
2019-02-01,Anemia (disorder),1,500
2019-03-01,Anemia (disorder),2,1000
2019-04-01,Anemia (disorder),1,500
2019-08-01,Anemia (disorder),6,3000
2019-09-01,Anemia (disorder),1,500
2019-10-01,Anemia (disorder),2,1000
2019-11-01,Anemia (disorder),1,500
2020-01-01,Anemia (disorder),1,500
2020-02-01,Anemia (disorder),1,500
2020-03-01,Anemia (disorder),2,1000
2020-04-01,Anemia (disorder),3,1500
2020-05-01,Anemia (disorder),2,1000
2020-07-01,Anemia (disorder),4,2000
2020-08-01,Anemia (disorder),2,1000
2020-09-01,Anemia (disorder),1,500
2020-10-01,Anemia (disorder),2,1000
2020-11-01,Anemia (disorder),2,1000
2020-12-01,Anemia (disorder),3,1500
2021-01-01,Anemia (disorder),1,500
2021-02-01,Anemia (disorder),2,1000
2021-03-01,Anemia (disorder),5,2500
2021-04-01,Anemia (disorder),2,1000
2021-05-01,Anemia (disorder),1,500
2021-06-01,Anemia (disorder),1,500
2021-07-01,Anemia (disorder),2,1000
2021-09-01,Anemia (disorder),2,1000
2021-10-01,Anemia (disorder),3,1500
2021-11-01,Anemia (disorder),3,1500
2021-12-01,Anemia (disorder),3,1500
2022-01-01,Anemia (disorder),1,500
2022-02-01,Anemia (disorder),1,500
2022-04-01,Anemia (disorder),1,500
2022-05-01,Anemia (disorder),5,2500
2022-07-01,Anemia (disorder),3,1500
2022-08-01,Anemia (disorder),1,500
2022-10-01,Anemia (disorder),2,1000
2022-11-01,Anemia (disorder),1,500
2022-12-01,Anemia (disorder),4,2000
2023-01-01,Anemia (disorder),3,1500
2023-02-01,Anemia (disorder),4,2000
2023-03-01,Anemia (disorder),3,1500
2023-04-01,Anemia (disorder),2,1000
2023-05-01,Anemia (disorder),1,500
2023-07-01,Anemia (disorder),5,2500
2023-08-01,Anemia (disorder),2,1000
2023-09-01,Anemia (disorder),4,2000
2023-11-01,Anemia (disorder),2,1000
2023-12-01,Anemia (disorder),2,1000
2024-01-01,Anemia (disorder),2,1000
2024-02-01,Anemia (disorder),3,1500
2024-03-01,Anemia (disorder),1,500
2024-04-01,Anemia (disorder),5,2500
2024-05-01,Anemia (disorder),2,1000
2024-06-01,Anemia (disorder),3,1500
2024-07-01,Anemia (disorder),2,1000
2024-08-01,Anemia (disorder),2,1000
2024-11-01,Anemia (disorder),2,1000
2024-12-01,Anemia (disorder),2,1000
2025-01-01,Anemia (disorder),2,1000
2025-02-01,Anemia (disorder),3,1500
2025-03-01,Anemia (disorder),1,500
2025-04-01,Anemia (disorder),1,500
2025-05-01,Anemia (disorder),3,1500
2025-06-01,Anemia (disorder),2,1000
2025-07-01,Anemia (disorder),3,1500
2025-09-01,Anemia (disorder),2,1000
2025-10-01,Anemia (disorder),2,1000
2025-11-01,Anemia (disorder),2,1000
2025-12-01,Anemia (disorder),2,1000
2026-01-01,Anemia (disorder),1,500
1940-11-01,Body mass index 30+ - obesity (finding),1,500
1941-11-01,Body mass index 30+ - obesity (finding),1,500
1943-02-01,Body mass index 30+ - obesity (finding),1,500
1943-06-01,Body mass index 30+ - obesity (finding),1,500
1944-10-01,Body mass index 30+ - obesity (finding),1,500
1944-12-01,Body mass index 30+ - obesity (finding),2,1000
1946-02-01,Body mass index 30+ - obesity (finding),2,1000
1946-06-01,Body mass index 30+ - obesity (finding),1,500
1947-12-01,Body mass index 30+ - obesity (finding),2,1000
1948-02-01,Body mass index 30+ - obesity (finding),1,500
1948-06-01,Body mass index 30+ - obesity (finding),1,500
1949-02-01,Body mass index 30+ - obesity (finding),1,500
1949-07-01,Body mass index 30+ - obesity (finding),2,1000
1950-07-01,Body mass index 30+ - obesity (finding),1,500
1950-12-01,Body mass index 30+ - obesity (finding),2,1000
1951-02-01,Body mass index 30+ - obesity (finding),1,500
1952-02-01,Body mass index 30+ - obesity (finding),1,500
1952-07-01,Body mass index 30+ - obesity (finding),2,1000
1952-09-01,Body mass index 30+ - obesity (finding),2,1000
1953-02-01,Body mass index 30+ - obesity (finding),1,500
1953-08-01,Body mass index 30+ - obesity (finding),1,500
1954-10-01,Body mass index 30+ - obesity (finding),1,500
1954-12-01,Body mass index 30+ - obesity (finding),1,500
1955-01-01,Body mass index 30+ - obesity (finding),1,500
1955-02-01,Body mass index 30+ - obesity (finding),1,500
1955-07-01,Body mass index 30+ - obesity (finding),1,500
1955-08-01,Body mass index 30+ - obesity (finding),2,1000
1956-08-01,Body mass index 30+ - obesity (finding),1,500
1957-01-01,Body mass index 30+ - obesity (finding),1,500
1957-03-01,Body mass index 30+ - obesity (finding),1,500
1957-09-01,Body mass index 30+ - obesity (finding),2,1000
1957-10-01,Body mass index 30+ - obesity (finding),1,500
1958-02-01,Body mass index 30+ - obesity (finding),2,1000
1958-05-01,Body mass index 30+ - obesity (finding),1,500
1958-09-01,Body mass index 30+ - obesity (finding),1,500
1958-10-01,Body mass index 30+ - obesity (finding),2,1000
1959-06-01,Body mass index 30+ - obesity (finding),1,500
1959-07-01,Body mass index 30+ - obesity (finding),3,1500
1959-09-01,Body mass index 30+ - obesity (finding),1,500
1959-12-01,Body mass index 30+ - obesity (finding),1,500
1960-05-01,Body mass index 30+ - obesity (finding),1,500
1960-06-01,Body mass index 30+ - obesity (finding),2,1000
1960-10-01,Body mass index 30+ - obesity (finding),1,500
1960-12-01,Body mass index 30+ - obesity (finding),1,500
1961-04-01,Body mass index 30+ - obesity (finding),1,500
1961-05-01,Body mass index 30+ - obesity (finding),1,500
1961-09-01,Body mass index 30+ - obesity (finding),1,500
1961-11-01,Body mass index 30+ - obesity (finding),1,500
1962-07-01,Body mass index 30+ - obesity (finding),1,500
1963-04-01,Body mass index 30+ - obesity (finding),1,500
1963-06-01,Body mass index 30+ - obesity (finding),1,500
1963-10-01,Body mass index 30+ - obesity (finding),1,500
1965-02-01,Body mass index 30+ - obesity (finding),1,500
1965-05-01,Body mass index 30+ - obesity (finding),3,1500
1965-07-01,Body mass index 30+ - obesity (finding),1,500
1966-06-01,Body mass index 30+ - obesity (finding),1,500
1966-08-01,Body mass index 30+ - obesity (finding),1,500
1966-10-01,Body mass index 30+ - obesity (finding),1,500
1967-01-01,Body mass index 30+ - obesity (finding),1,500
1967-03-01,Body mass index 30+ - obesity (finding),3,1500
1967-05-01,Body mass index 30+ - obesity (finding),1,500
1967-07-01,Body mass index 30+ - obesity (finding),1,500
1967-10-01,Body mass index 30+ - obesity (finding),1,500
1968-01-01,Body mass index 30+ - obesity (finding),1,500
1968-06-01,Body mass index 30+ - obesity (finding),1,500
1968-12-01,Body mass index 30+ - obesity (finding),1,500
1969-01-01,Body mass index 30+ - obesity (finding),1,500
1969-04-01,Body mass index 30+ - obesity (finding),1,500
1969-05-01,Body mass index 30+ - obesity (finding),1,500
1969-07-01,Body mass index 30+ - obesity (finding),1,500
1969-10-01,Body mass index 30+ - obesity (finding),2,1000
1970-01-01,Body mass index 30+ - obesity (finding),2,1000
1970-02-01,Body mass index 30+ - obesity (finding),1,500
1970-03-01,Body mass index 30+ - obesity (finding),1,500
1970-12-01,Body mass index 30+ - obesity (finding),1,500
1971-01-01,Body mass index 30+ - obesity (finding),1,500
1971-04-01,Body mass index 30+ - obesity (finding),2,1000
1971-06-01,Body mass index 30+ - obesity (finding),1,500
1971-12-01,Body mass index 30+ - obesity (finding),1,500
1972-03-01,Body mass index 30+ - obesity (finding),3,1500
1972-11-01,Body mass index 30+ - obesity (finding),1,500
1972-12-01,Body mass index 30+ - obesity (finding),1,500
1973-08-01,Body mass index 30+ - obesity (finding),1,500
1973-09-01,Body mass index 30+ - obesity (finding),1,500
1974-02-01,Body mass index 30+ - obesity (finding),1,500
1974-03-01,Body mass index 30+ - obesity (finding),2,1000
1974-10-01,Body mass index 30+ - obesity (finding),3,1500
1974-12-01,Body mass index 30+ - obesity (finding),1,500
1975-01-01,Body mass index 30+ - obesity (finding),1,500
1975-03-01,Body mass index 30+ - obesity (finding),1,500
1975-05-01,Body mass index 30+ - obesity (finding),3,1500
1975-06-01,Body mass index 30+ - obesity (finding),1,500
1975-10-01,Body mass index 30+ - obesity (finding),1,500
1975-12-01,Body mass index 30+ - obesity (finding),1,500
1976-01-01,Body mass index 30+ - obesity (finding),2,1000
1976-02-01,Body mass index 30+ - obesity (finding),1,500
1976-03-01,Body mass index 30+ - obesity (finding),1,500
1976-09-01,Body mass index 30+ - obesity (finding),1,500
1976-10-01,Body mass index 30+ - obesity (finding),1,500
1976-12-01,Body mass index 30+ - obesity (finding),1,500
1977-01-01,Body mass index 30+ - obesity (finding),2,1000
1977-02-01,Body mass index 30+ - obesity (finding),2,1000
1977-03-01,Body mass index 30+ - obesity (finding),1,500
1977-08-01,Body mass index 30+ - obesity (finding),1,500
1977-12-01,Body mass index 30+ - obesity (finding),1,500
1978-02-01,Body mass index 30+ - obesity (finding),1,500
1978-04-01,Body mass index 30+ - obesity (finding),1,500
1978-05-01,Body mass index 30+ - obesity (finding),3,1500
1978-06-01,Body mass index 30+ - obesity (finding),1,500
1978-11-01,Body mass index 30+ - obesity (finding),2,1000
1978-12-01,Body mass index 30+ - obesity (finding),1,500
1979-03-01,Body mass index 30+ - obesity (finding),1,500
1979-04-01,Body mass index 30+ - obesity (finding),1,500
1979-06-01,Body mass index 30+ - obesity (finding),1,500
1979-10-01,Body mass index 30+ - obesity (finding),1,500
1979-11-01,Body mass index 30+ - obesity (finding),2,1000
1980-03-01,Body mass index 30+ - obesity (finding),1,500
1980-05-01,Body mass index 30+ - obesity (finding),1,500
1980-07-01,Body mass index 30+ - obesity (finding),1,500
1980-09-01,Body mass index 30+ - obesity (finding),1,500
1980-10-01,Body mass index 30+ - obesity (finding),1,500
1980-11-01,Body mass index 30+ - obesity (finding),1,500
1980-12-01,Body mass index 30+ - obesity (finding),2,1000
1981-01-01,Body mass index 30+ - obesity (finding),1,500
1981-03-01,Body mass index 30+ - obesity (finding),1,500
1981-05-01,Body mass index 30+ - obesity (finding),1,500
1981-09-01,Body mass index 30+ - obesity (finding),1,500
1981-11-01,Body mass index 30+ - obesity (finding),1,500
1982-02-01,Body mass index 30+ - obesity (finding),1,500
1982-06-01,Body mass index 30+ - obesity (finding),1,500
1982-07-01,Body mass index 30+ - obesity (finding),2,1000
1982-08-01,Body mass index 30+ - obesity (finding),2,1000
1982-10-01,Body mass index 30+ - obesity (finding),1,500
1982-11-01,Body mass index 30+ - obesity (finding),1,500
1983-02-01,Body mass index 30+ - obesity (finding),2,1000
1983-03-01,Body mass index 30+ - obesity (finding),1,500
1983-04-01,Body mass index 30+ - obesity (finding),1,500
1983-05-01,Body mass index 30+ - obesity (finding),1,500
1983-08-01,Body mass index 30+ - obesity (finding),2,1000
1983-09-01,Body mass index 30+ - obesity (finding),1,500
1983-10-01,Body mass index 30+ - obesity (finding),2,1000
1983-11-01,Body mass index 30+ - obesity (finding),2,1000
1983-12-01,Body mass index 30+ - obesity (finding),3,1500
1984-01-01,Body mass index 30+ - obesity (finding),2,1000
1984-02-01,Body mass index 30+ - obesity (finding),2,1000
1984-03-01,Body mass index 30+ - obesity (finding),3,1500
1984-04-01,Body mass index 30+ - obesity (finding),1,500
1984-05-01,Body mass index 30+ - obesity (finding),2,1000
1984-06-01,Body mass index 30+ - obesity (finding),1,500
1984-08-01,Body mass index 30+ - obesity (finding),2,1000
1984-09-01,Body mass index 30+ - obesity (finding),2,1000
1984-11-01,Body mass index 30+ - obesity (finding),1,500
1984-12-01,Body mass index 30+ - obesity (finding),1,500
1985-02-01,Body mass index 30+ - obesity (finding),2,1000
1985-03-01,Body mass index 30+ - obesity (finding),1,500
1985-04-01,Body mass index 30+ - obesity (finding),2,1000
1985-08-01,Body mass index 30+ - obesity (finding),3,1500
1985-11-01,Body mass index 30+ - obesity (finding),1,500
1985-12-01,Body mass index 30+ - obesity (finding),2,1000
1986-01-01,Body mass index 30+ - obesity (finding),1,500
1986-03-01,Body mass index 30+ - obesity (finding),1,500
1986-10-01,Body mass index 30+ - obesity (finding),1,500
1986-12-01,Body mass index 30+ - obesity (finding),1,500
1987-01-01,Body mass index 30+ - obesity (finding),1,500
1987-02-01,Body mass index 30+ - obesity (finding),2,1000
1987-03-01,Body mass index 30+ - obesity (finding),2,1000
1987-04-01,Body mass index 30+ - obesity (finding),2,1000
1987-07-01,Body mass index 30+ - obesity (finding),1,500
1987-08-01,Body mass index 30+ - obesity (finding),2,1000
1987-09-01,Body mass index 30+ - obesity (finding),1,500
1987-11-01,Body mass index 30+ - obesity (finding),1,500
1988-01-01,Body mass index 30+ - obesity (finding),1,500
1988-02-01,Body mass index 30+ - obesity (finding),2,1000
1988-03-01,Body mass index 30+ - obesity (finding),2,1000
1988-04-01,Body mass index 30+ - obesity (finding),1,500
1988-05-01,Body mass index 30+ - obesity (finding),2,1000
1988-06-01,Body mass index 30+ - obesity (finding),1,500
1988-08-01,Body mass index 30+ - obesity (finding),1,500
1988-10-01,Body mass index 30+ - obesity (finding),1,500
1988-11-01,Body mass index 30+ - obesity (finding),1,500
1988-12-01,Body mass index 30+ - obesity (finding),1,500
1989-01-01,Body mass index 30+ - obesity (finding),3,1500
1989-02-01,Body mass index 30+ - obesity (finding),1,500
1989-03-01,Body mass index 30+ - obesity (finding),3,1500
1989-04-01,Body mass index 30+ - obesity (finding),3,1500
1989-05-01,Body mass index 30+ - obesity (finding),3,1500
1989-08-01,Body mass index 30+ - obesity (finding),2,1000
1989-09-01,Body mass index 30+ - obesity (finding),1,500
1989-10-01,Body mass index 30+ - obesity (finding),1,500
1989-11-01,Body mass index 30+ - obesity (finding),2,1000
1989-12-01,Body mass index 30+ - obesity (finding),2,1000
1990-03-01,Body mass index 30+ - obesity (finding),3,1500
1990-04-01,Body mass index 30+ - obesity (finding),3,1500
1990-05-01,Body mass index 30+ - obesity (finding),2,1000
1990-06-01,Body mass index 30+ - obesity (finding),1,500
1990-07-01,Body mass index 30+ - obesity (finding),2,1000
1990-08-01,Body mass index 30+ - obesity (finding),2,1000
1990-10-01,Body mass index 30+ - obesity (finding),1,500
1990-12-01,Body mass index 30+ - obesity (finding),1,500
1991-01-01,Body mass index 30+ - obesity (finding),1,500
1991-03-01,Body mass index 30+ - obesity (finding),2,1000
1991-04-01,Body mass index 30+ - obesity (finding),1,500
1991-05-01,Body mass index 30+ - obesity (finding),1,500
1991-06-01,Body mass index 30+ - obesity (finding),2,1000
1991-07-01,Body mass index 30+ - obesity (finding),1,500
1991-08-01,Body mass index 30+ - obesity (finding),1,500
1991-10-01,Body mass index 30+ - obesity (finding),1,500
1991-12-01,Body mass index 30+ - obesity (finding),2,1000
1992-01-01,Body mass index 30+ - obesity (finding),1,500
1992-02-01,Body mass index 30+ - obesity (finding),1,500
1992-03-01,Body mass index 30+ - obesity (finding),1,500
1992-04-01,Body mass index 30+ - obesity (finding),2,1000
1992-05-01,Body mass index 30+ - obesity (finding),2,1000
1992-06-01,Body mass index 30+ - obesity (finding),2,1000
1992-07-01,Body mass index 30+ - obesity (finding),1,500
1992-08-01,Body mass index 30+ - obesity (finding),3,1500
1992-09-01,Body mass index 30+ - obesity (finding),2,1000
1992-11-01,Body mass index 30+ - obesity (finding),1,500
1992-12-01,Body mass index 30+ - obesity (finding),2,1000
1993-03-01,Body mass index 30+ - obesity (finding),4,2000
1993-04-01,Body mass index 30+ - obesity (finding),1,500
1993-06-01,Body mass index 30+ - obesity (finding),1,500
1993-09-01,Body mass index 30+ - obesity (finding),2,1000
1993-10-01,Body mass index 30+ - obesity (finding),1,500
1993-12-01,Body mass index 30+ - obesity (finding),3,1500
1994-01-01,Body mass index 30+ - obesity (finding),3,1500
1994-02-01,Body mass index 30+ - obesity (finding),1,500
1994-04-01,Body mass index 30+ - obesity (finding),2,1000
1994-05-01,Body mass index 30+ - obesity (finding),2,1000
1994-06-01,Body mass index 30+ - obesity (finding),2,1000
1994-07-01,Body mass index 30+ - obesity (finding),1,500
1994-08-01,Body mass index 30+ - obesity (finding),2,1000
1994-10-01,Body mass index 30+ - obesity (finding),2,1000
1994-11-01,Body mass index 30+ - obesity (finding),1,500
1994-12-01,Body mass index 30+ - obesity (finding),2,1000
1995-02-01,Body mass index 30+ - obesity (finding),1,500
1995-03-01,Body mass index 30+ - obesity (finding),1,500
1995-05-01,Body mass index 30+ - obesity (finding),1,500
1995-06-01,Body mass index 30+ - obesity (finding),1,500
1995-07-01,Body mass index 30+ - obesity (finding),1,500
1995-08-01,Body mass index 30+ - obesity (finding),1,500
1995-09-01,Body mass index 30+ - obesity (finding),2,1000
1995-10-01,Body mass index 30+ - obesity (finding),1,500
1995-11-01,Body mass index 30+ - obesity (finding),1,500
1995-12-01,Body mass index 30+ - obesity (finding),2,1000
1996-01-01,Body mass index 30+ - obesity (finding),2,1000
1996-02-01,Body mass index 30+ - obesity (finding),1,500
1996-03-01,Body mass index 30+ - obesity (finding),2,1000
1996-04-01,Body mass index 30+ - obesity (finding),2,1000
1996-05-01,Body mass index 30+ - obesity (finding),1,500
1996-08-01,Body mass index 30+ - obesity (finding),2,1000
1996-09-01,Body mass index 30+ - obesity (finding),2,1000
1996-10-01,Body mass index 30+ - obesity (finding),1,500
1996-12-01,Body mass index 30+ - obesity (finding),5,2500
1997-01-01,Body mass index 30+ - obesity (finding),3,1500
1997-02-01,Body mass index 30+ - obesity (finding),3,1500
1997-03-01,Body mass index 30+ - obesity (finding),1,500
1997-04-01,Body mass index 30+ - obesity (finding),3,1500
1997-05-01,Body mass index 30+ - obesity (finding),2,1000
1997-07-01,Body mass index 30+ - obesity (finding),2,1000
1997-08-01,Body mass index 30+ - obesity (finding),1,500
1997-09-01,Body mass index 30+ - obesity (finding),1,500
1997-12-01,Body mass index 30+ - obesity (finding),1,500
1998-03-01,Body mass index 30+ - obesity (finding),1,500
1998-04-01,Body mass index 30+ - obesity (finding),3,1500
1998-05-01,Body mass index 30+ - obesity (finding),3,1500
1998-06-01,Body mass index 30+ - obesity (finding),2,1000
1998-11-01,Body mass index 30+ - obesity (finding),2,1000
1998-12-01,Body mass index 30+ - obesity (finding),4,2000
1999-01-01,Body mass index 30+ - obesity (finding),1,500
1999-02-01,Body mass index 30+ - obesity (finding),2,1000
1999-03-01,Body mass index 30+ - obesity (finding),2,1000
1999-04-01,Body mass index 30+ - obesity (finding),1,500
1999-05-01,Body mass index 30+ - obesity (finding),1,500
1999-06-01,Body mass index 30+ - obesity (finding),1,500
1999-07-01,Body mass index 30+ - obesity (finding),2,1000
1999-08-01,Body mass index 30+ - obesity (finding),2,1000
1999-09-01,Body mass index 30+ - obesity (finding),1,500
1999-10-01,Body mass index 30+ - obesity (finding),2,1000
1999-11-01,Body mass index 30+ - obesity (finding),1,500
1999-12-01,Body mass index 30+ - obesity (finding),4,2000
2000-01-01,Body mass index 30+ - obesity (finding),1,500
2000-02-01,Body mass index 30+ - obesity (finding),1,500
2000-03-01,Body mass index 30+ - obesity (finding),1,500
2000-04-01,Body mass index 30+ - obesity (finding),2,1000
2000-05-01,Body mass index 30+ - obesity (finding),3,1500
2000-08-01,Body mass index 30+ - obesity (finding),3,1500
2000-09-01,Body mass index 30+ - obesity (finding),3,1500
2000-11-01,Body mass index 30+ - obesity (finding),3,1500
2000-12-01,Body mass index 30+ - obesity (finding),2,1000
2001-01-01,Body mass index 30+ - obesity (finding),3,1500
2001-03-01,Body mass index 30+ - obesity (finding),1,500
2001-05-01,Body mass index 30+ - obesity (finding),2,1000
2001-06-01,Body mass index 30+ - obesity (finding),1,500
2001-07-01,Body mass index 30+ - obesity (finding),1,500
2001-08-01,Body mass index 30+ - obesity (finding),4,2000
2001-09-01,Body mass index 30+ - obesity (finding),4,2000
2001-10-01,Body mass index 30+ - obesity (finding),1,500
2001-11-01,Body mass index 30+ - obesity (finding),2,1000
2001-12-01,Body mass index 30+ - obesity (finding),1,500
2002-01-01,Body mass index 30+ - obesity (finding),4,2000
2002-02-01,Body mass index 30+ - obesity (finding),1,500
2002-03-01,Body mass index 30+ - obesity (finding),5,2500
2002-05-01,Body mass index 30+ - obesity (finding),2,1000
2002-06-01,Body mass index 30+ - obesity (finding),2,1000
2002-07-01,Body mass index 30+ - obesity (finding),3,1500
2002-08-01,Body mass index 30+ - obesity (finding),5,2500
2002-09-01,Body mass index 30+ - obesity (finding),3,1500
2002-10-01,Body mass index 30+ - obesity (finding),2,1000
2002-12-01,Body mass index 30+ - obesity (finding),3,1500
2003-01-01,Body mass index 30+ - obesity (finding),1,500
2003-02-01,Body mass index 30+ - obesity (finding),1,500
2003-03-01,Body mass index 30+ - obesity (finding),1,500
2003-04-01,Body mass index 30+ - obesity (finding),2,1000
2003-05-01,Body mass index 30+ - obesity (finding),1,500
2003-06-01,Body mass index 30+ - obesity (finding),3,1500
2003-07-01,Body mass index 30+ - obesity (finding),2,1000
2003-08-01,Body mass index 30+ - obesity (finding),1,500
2003-10-01,Body mass index 30+ - obesity (finding),2,1000
2003-11-01,Body mass index 30+ - obesity (finding),1,500
2003-12-01,Body mass index 30+ - obesity (finding),1,500
2004-01-01,Body mass index 30+ - obesity (finding),1,500
2004-02-01,Body mass index 30+ - obesity (finding),1,500
2004-03-01,Body mass index 30+ - obesity (finding),1,500
2004-04-01,Body mass index 30+ - obesity (finding),1,500
2004-05-01,Body mass index 30+ - obesity (finding),4,2000
2004-06-01,Body mass index 30+ - obesity (finding),4,2000
2004-07-01,Body mass index 30+ - obesity (finding),3,1500
2004-08-01,Body mass index 30+ - obesity (finding),1,500
2004-09-01,Body mass index 30+ - obesity (finding),1,500
2004-10-01,Body mass index 30+ - obesity (finding),2,1000
2004-11-01,Body mass index 30+ - obesity (finding),2,1000
2004-12-01,Body mass index 30+ - obesity (finding),7,3500
2005-01-01,Body mass index 30+ - obesity (finding),3,1500
2005-02-01,Body mass index 30+ - obesity (finding),1,500
2005-03-01,Body mass index 30+ - obesity (finding),1,500
2005-04-01,Body mass index 30+ - obesity (finding),2,1000
2005-05-01,Body mass index 30+ - obesity (finding),3,1500
2005-07-01,Body mass index 30+ - obesity (finding),1,500
2005-10-01,Body mass index 30+ - obesity (finding),3,1500
2005-12-01,Body mass index 30+ - obesity (finding),2,1000
2006-02-01,Body mass index 30+ - obesity (finding),3,1500
2006-03-01,Body mass index 30+ - obesity (finding),2,1000
2006-04-01,Body mass index 30+ - obesity (finding),2,1000
2006-05-01,Body mass index 30+ - obesity (finding),2,1000
2006-06-01,Body mass index 30+ - obesity (finding),2,1000
2006-07-01,Body mass index 30+ - obesity (finding),4,2000
2006-08-01,Body mass index 30+ - obesity (finding),4,2000
2006-09-01,Body mass index 30+ - obesity (finding),1,500
2006-10-01,Body mass index 30+ - obesity (finding),2,1000
2006-11-01,Body mass index 30+ - obesity (finding),1,500
2006-12-01,Body mass index 30+ - obesity (finding),2,1000
2007-01-01,Body mass index 30+ - obesity (finding),3,1500
2007-02-01,Body mass index 30+ - obesity (finding),1,500
2007-03-01,Body mass index 30+ - obesity (finding),1,500
2007-04-01,Body mass index 30+ - obesity (finding),1,500
2007-05-01,Body mass index 30+ - obesity (finding),5,2500
2007-06-01,Body mass index 30+ - obesity (finding),1,500
2007-07-01,Body mass index 30+ - obesity (finding),4,2000
2007-09-01,Body mass index 30+ - obesity (finding),1,500
2007-10-01,Body mass index 30+ - obesity (finding),2,1000
2007-11-01,Body mass index 30+ - obesity (finding),4,2000
2007-12-01,Body mass index 30+ - obesity (finding),2,1000
2008-01-01,Body mass index 30+ - obesity (finding),1,500
2008-02-01,Body mass index 30+ - obesity (finding),1,500
2008-03-01,Body mass index 30+ - obesity (finding),3,1500
2008-04-01,Body mass index 30+ - obesity (finding),2,1000
2008-05-01,Body mass index 30+ - obesity (finding),1,500
2008-07-01,Body mass index 30+ - obesity (finding),1,500
2008-08-01,Body mass index 30+ - obesity (finding),3,1500
2008-10-01,Body mass index 30+ - obesity (finding),1,500
2008-11-01,Body mass index 30+ - obesity (finding),1,500
2008-12-01,Body mass index 30+ - obesity (finding),1,500
2009-01-01,Body mass index 30+ - obesity (finding),1,500
2009-02-01,Body mass index 30+ - obesity (finding),2,1000
2009-03-01,Body mass index 30+ - obesity (finding),2,1000
2009-05-01,Body mass index 30+ - obesity (finding),2,1000
2009-06-01,Body mass index 30+ - obesity (finding),1,500
2009-07-01,Body mass index 30+ - obesity (finding),3,1500
2009-08-01,Body mass index 30+ - obesity (finding),3,1500
2009-09-01,Body mass index 30+ - obesity (finding),1,500
2009-10-01,Body mass index 30+ - obesity (finding),1,500
2009-11-01,Body mass index 30+ - obesity (finding),1,500
2009-12-01,Body mass index 30+ - obesity (finding),1,500
2010-01-01,Body mass index 30+ - obesity (finding),1,500
2010-02-01,Body mass index 30+ - obesity (finding),3,1500
2010-03-01,Body mass index 30+ - obesity (finding),4,2000
2010-05-01,Body mass index 30+ - obesity (finding),2,1000
2010-06-01,Body mass index 30+ - obesity (finding),5,2500
2010-07-01,Body mass index 30+ - obesity (finding),1,500
2010-08-01,Body mass index 30+ - obesity (finding),1,500
2010-09-01,Body mass index 30+ - obesity (finding),2,1000
2010-10-01,Body mass index 30+ - obesity (finding),5,2500
2010-12-01,Body mass index 30+ - obesity (finding),2,1000
2011-01-01,Body mass index 30+ - obesity (finding),1,500
2011-03-01,Body mass index 30+ - obesity (finding),2,1000
2011-04-01,Body mass index 30+ - obesity (finding),1,500
2011-05-01,Body mass index 30+ - obesity (finding),2,1000
2011-07-01,Body mass index 30+ - obesity (finding),3,1500
2011-08-01,Body mass index 30+ - obesity (finding),3,1500
2011-09-01,Body mass index 30+ - obesity (finding),4,2000
2011-10-01,Body mass index 30+ - obesity (finding),3,1500
2011-12-01,Body mass index 30+ - obesity (finding),2,1000
2012-01-01,Body mass index 30+ - obesity (finding),3,1500
2012-02-01,Body mass index 30+ - obesity (finding),5,2500
2012-03-01,Body mass index 30+ - obesity (finding),4,2000
2012-05-01,Body mass index 30+ - obesity (finding),2,1000
2012-06-01,Body mass index 30+ - obesity (finding),2,1000
2012-08-01,Body mass index 30+ - obesity (finding),1,500
2012-09-01,Body mass index 30+ - obesity (finding),3,1500
2012-10-01,Body mass index 30+ - obesity (finding),2,1000
2012-11-01,Body mass index 30+ - obesity (finding),5,2500
2012-12-01,Body mass index 30+ - obesity (finding),2,1000
2013-01-01,Body mass index 30+ - obesity (finding),1,500
2013-02-01,Body mass index 30+ - obesity (finding),1,500
2013-03-01,Body mass index 30+ - obesity (finding),1,500
2013-04-01,Body mass index 30+ - obesity (finding),1,500
2013-05-01,Body mass index 30+ - obesity (finding),3,1500
2013-06-01,Body mass index 30+ - obesity (finding),2,1000
2013-07-01,Body mass index 30+ - obesity (finding),1,500
2013-09-01,Body mass index 30+ - obesity (finding),4,2000
2013-10-01,Body mass index 30+ - obesity (finding),3,1500
2013-11-01,Body mass index 30+ - obesity (finding),2,1000
2014-01-01,Body mass index 30+ - obesity (finding),2,1000
2014-02-01,Body mass index 30+ - obesity (finding),3,1500
2014-03-01,Body mass index 30+ - obesity (finding),1,500
2014-04-01,Body mass index 30+ - obesity (finding),3,1500
2014-05-01,Body mass index 30+ - obesity (finding),5,2500
2014-07-01,Body mass index 30+ - obesity (finding),2,1000
2014-08-01,Body mass index 30+ - obesity (finding),1,500
2014-10-01,Body mass index 30+ - obesity (finding),2,1000
2014-11-01,Body mass index 30+ - obesity (finding),3,1500
2014-12-01,Body mass index 30+ - obesity (finding),3,1500
2015-01-01,Body mass index 30+ - obesity (finding),2,1000
2015-02-01,Body mass index 30+ - obesity (finding),7,3500
2015-04-01,Body mass index 30+ - obesity (finding),3,1500
2015-05-01,Body mass index 30+ - obesity (finding),1,500
2015-06-01,Body mass index 30+ - obesity (finding),1,500
2015-07-01,Body mass index 30+ - obesity (finding),2,1000
2015-08-01,Body mass index 30+ - obesity (finding),3,1500
2015-10-01,Body mass index 30+ - obesity (finding),2,1000
2015-11-01,Body mass index 30+ - obesity (finding),4,2000
2015-12-01,Body mass index 30+ - obesity (finding),2,1000
2016-01-01,Body mass index 30+ - obesity (finding),2,1000
2016-02-01,Body mass index 30+ - obesity (finding),4,2000
2016-03-01,Body mass index 30+ - obesity (finding),6,3000
2016-04-01,Body mass index 30+ - obesity (finding),1,500
2016-05-01,Body mass index 30+ - obesity (finding),2,1000
2016-06-01,Body mass index 30+ - obesity (finding),1,500
2016-08-01,Body mass index 30+ - obesity (finding),3,1500
2016-09-01,Body mass index 30+ - obesity (finding),3,1500
2016-10-01,Body mass index 30+ - obesity (finding),2,1000
2016-12-01,Body mass index 30+ - obesity (finding),1,500
2017-01-01,Body mass index 30+ - obesity (finding),2,1000
2017-02-01,Body mass index 30+ - obesity (finding),1,500
2017-03-01,Body mass index 30+ - obesity (finding),4,2000
2017-05-01,Body mass index 30+ - obesity (finding),1,500
2017-06-01,Body mass index 30+ - obesity (finding),3,1500
2017-07-01,Body mass index 30+ - obesity (finding),3,1500
2017-08-01,Body mass index 30+ - obesity (finding),3,1500
2017-10-01,Body mass index 30+ - obesity (finding),4,2000
2017-11-01,Body mass index 30+ - obesity (finding),2,1000
2017-12-01,Body mass index 30+ - obesity (finding),1,500
2018-01-01,Body mass index 30+ - obesity (finding),1,500
2018-02-01,Body mass index 30+ - obesity (finding),3,1500
2018-03-01,Body mass index 30+ - obesity (finding),4,2000
2018-04-01,Body mass index 30+ - obesity (finding),2,1000
2018-05-01,Body mass index 30+ - obesity (finding),1,500
2018-06-01,Body mass index 30+ - obesity (finding),2,1000
2018-07-01,Body mass index 30+ - obesity (finding),1,500
2018-08-01,Body mass index 30+ - obesity (finding),2,1000
2018-09-01,Body mass index 30+ - obesity (finding),3,1500
2018-10-01,Body mass index 30+ - obesity (finding),1,500
2018-11-01,Body mass index 30+ - obesity (finding),1,500
2018-12-01,Body mass index 30+ - obesity (finding),2,1000
2019-01-01,Body mass index 30+ - obesity (finding),2,1000
2019-02-01,Body mass index 30+ - obesity (finding),2,1000
2019-03-01,Body mass index 30+ - obesity (finding),1,500
2019-04-01,Body mass index 30+ - obesity (finding),5,2500
2019-06-01,Body mass index 30+ - obesity (finding),2,1000
2019-07-01,Body mass index 30+ - obesity (finding),4,2000
2019-08-01,Body mass index 30+ - obesity (finding),5,2500
2019-09-01,Body mass index 30+ - obesity (finding),2,1000
2019-11-01,Body mass index 30+ - obesity (finding),3,1500
2019-12-01,Body mass index 30+ - obesity (finding),1,500
2020-01-01,Body mass index 30+ - obesity (finding),1,500
2020-03-01,Body mass index 30+ - obesity (finding),2,1000
2020-04-01,Body mass index 30+ - obesity (finding),1,500
2020-05-01,Body mass index 30+ - obesity (finding),3,1500
2020-06-01,Body mass index 30+ - obesity (finding),2,1000
2020-07-01,Body mass index 30+ - obesity (finding),3,1500
2020-08-01,Body mass index 30+ - obesity (finding),1,500
2020-10-01,Body mass index 30+ - obesity (finding),1,500
2020-11-01,Body mass index 30+ - obesity (finding),2,1000
2020-12-01,Body mass index 30+ - obesity (finding),2,1000
2021-01-01,Body mass index 30+ - obesity (finding),2,1000
2021-02-01,Body mass index 30+ - obesity (finding),2,1000
2021-03-01,Body mass index 30+ - obesity (finding),4,2000
2021-04-01,Body mass index 30+ - obesity (finding),1,500
2021-05-01,Body mass index 30+ - obesity (finding),2,1000
2021-06-01,Body mass index 30+ - obesity (finding),3,1500
2021-07-01,Body mass index 30+ - obesity (finding),1,500
2021-08-01,Body mass index 30+ - obesity (finding),2,1000
2021-10-01,Body mass index 30+ - obesity (finding),1,500
2021-11-01,Body mass index 30+ - obesity (finding),1,500
2021-12-01,Body mass index 30+ - obesity (finding),1,500
2022-01-01,Body mass index 30+ - obesity (finding),2,1000
2022-02-01,Body mass index 30+ - obesity (finding),2,1000
2022-03-01,Body mass index 30+ - obesity (finding),3,1500
2022-04-01,Body mass index 30+ - obesity (finding),3,1500
2022-05-01,Body mass index 30+ - obesity (finding),1,500
2022-06-01,Body mass index 30+ - obesity (finding),1,500
2022-09-01,Body mass index 30+ - obesity (finding),2,1000
2022-10-01,Body mass index 30+ - obesity (finding),2,1000
2022-11-01,Body mass index 30+ - obesity (finding),1,500
2022-12-01,Body mass index 30+ - obesity (finding),1,500
2023-01-01,Body mass index 30+ - obesity (finding),1,500
2023-02-01,Body mass index 30+ - obesity (finding),2,1000
2023-03-01,Body mass index 30+ - obesity (finding),2,1000
2023-04-01,Body mass index 30+ - obesity (finding),2,1000
2023-05-01,Body mass index 30+ - obesity (finding),1,500
2023-06-01,Body mass index 30+ - obesity (finding),2,1000
2023-08-01,Body mass index 30+ - obesity (finding),3,1500
2023-09-01,Body mass index 30+ - obesity (finding),2,1000
2023-11-01,Body mass index 30+ - obesity (finding),1,500
2023-12-01,Body mass index 30+ - obesity (finding),1,500
2024-01-01,Body mass index 30+ - obesity (finding),2,1000
2024-02-01,Body mass index 30+ - obesity (finding),2,1000
2024-03-01,Body mass index 30+ - obesity (finding),1,500
2024-04-01,Body mass index 30+ - obesity (finding),8,4000
2024-05-01,Body mass index 30+ - obesity (finding),2,1000
2024-06-01,Body mass index 30+ - obesity (finding),4,2000
2024-07-01,Body mass index 30+ - obesity (finding),4,2000
2024-08-01,Body mass index 30+ - obesity (finding),1,500
2024-09-01,Body mass index 30+ - obesity (finding),1,500
2024-10-01,Body mass index 30+ - obesity (finding),3,1500
2024-12-01,Body mass index 30+ - obesity (finding),3,1500
2025-01-01,Body mass index 30+ - obesity (finding),6,3000
2025-02-01,Body mass index 30+ - obesity (finding),3,1500
2025-03-01,Body mass index 30+ - obesity (finding),1,500
2025-04-01,Body mass index 30+ - obesity (finding),2,1000
2025-05-01,Body mass index 30+ - obesity (finding),1,500
2025-07-01,Body mass index 30+ - obesity (finding),2,1000
2025-08-01,Body mass index 30+ - obesity (finding),1,500
2025-09-01,Body mass index 30+ - obesity (finding),2,1000
2025-10-01,Body mass index 30+ - obesity (finding),1,500
2025-11-01,Body mass index 30+ - obesity (finding),2,1000
2025-12-01,Body mass index 30+ - obesity (finding),1,500
2026-01-01,Body mass index 30+ - obesity (finding),2,1000
2014-01-01,Chronic low back pain (finding),45,22500
2014-02-01,Chronic low back pain (finding),245,122500
2014-03-01,Chronic low back pain (finding),5,2500
2014-04-01,Chronic low back pain (finding),2,1000
2014-05-01,Chronic low back pain (finding),2,1000
2014-06-01,Chronic low back pain (finding),2,1000
2014-11-01,Chronic low back pain (finding),1,500
2014-12-01,Chronic low back pain (finding),2,1000
2015-03-01,Chronic low back pain (finding),3,1500
2015-05-01,Chronic low back pain (finding),1,500
2015-06-01,Chronic low back pain (finding),1,500
2015-07-01,Chronic low back pain (finding),1,500
2015-09-01,Chronic low back pain (finding),1,500
2016-01-01,Chronic low back pain (finding),1,500
2016-02-01,Chronic low back pain (finding),1,500
2016-03-01,Chronic low back pain (finding),1,500
2016-04-01,Chronic low back pain (finding),1,500
2016-06-01,Chronic low back pain (finding),1,500
2016-08-01,Chronic low back pain (finding),1,500
2017-03-01,Chronic low back pain (finding),1,500
2017-04-01,Chronic low back pain (finding),2,1000
2017-10-01,Chronic low back pain (finding),1,500
2017-11-01,Chronic low back pain (finding),2,1000
2018-04-01,Chronic low back pain (finding),2,1000
2018-08-01,Chronic low back pain (finding),1,500
2018-10-01,Chronic low back pain (finding),2,1000
2019-01-01,Chronic low back pain (finding),1,500
2019-05-01,Chronic low back pain (finding),1,500
2019-06-01,Chronic low back pain (finding),1,500
2019-07-01,Chronic low back pain (finding),1,500
2020-01-01,Chronic low back pain (finding),2,1000
2020-03-01,Chronic low back pain (finding),1,500
2020-05-01,Chronic low back pain (finding),3,1500
2020-06-01,Chronic low back pain (finding),1,500
2020-09-01,Chronic low back pain (finding),3,1500
2020-11-01,Chronic low back pain (finding),1,500
2020-12-01,Chronic low back pain (finding),3,1500
2021-02-01,Chronic low back pain (finding),1,500
2021-04-01,Chronic low back pain (finding),1,500
2021-06-01,Chronic low back pain (finding),1,500
2021-09-01,Chronic low back pain (finding),1,500
2021-12-01,Chronic low back pain (finding),1,500
2022-02-01,Chronic low back pain (finding),1,500
2022-04-01,Chronic low back pain (finding),2,1000
2022-05-01,Chronic low back pain (finding),2,1000
2022-07-01,Chronic low back pain (finding),1,500
2022-12-01,Chronic low back pain (finding),1,500
2023-02-01,Chronic low back pain (finding),2,1000
2023-04-01,Chronic low back pain (finding),1,500
2023-06-01,Chronic low back pain (finding),1,500
2023-07-01,Chronic low back pain (finding),1,500
2024-01-01,Chronic low back pain (finding),1,500
2024-04-01,Chronic low back pain (finding),1,500
2024-05-01,Chronic low back pain (finding),1,500
2024-06-01,Chronic low back pain (finding),2,1000
2024-07-01,Chronic low back pain (finding),1,500
2024-08-01,Chronic low back pain (finding),1,500
2024-10-01,Chronic low back pain (finding),1,500
2024-11-01,Chronic low back pain (finding),2,1000
2025-03-01,Chronic low back pain (finding),2,1000
2025-05-01,Chronic low back pain (finding),2,1000
2025-09-01,Chronic low back pain (finding),1,500
2025-10-01,Chronic low back pain (finding),1,500
1990-01-01,Chronic pain (finding),2,1000
1990-02-01,Chronic pain (finding),5,2500
1990-03-01,Chronic pain (finding),4,2000
1990-04-01,Chronic pain (finding),8,4000
1990-05-01,Chronic pain (finding),6,3000
1990-06-01,Chronic pain (finding),4,2000
1990-07-01,Chronic pain (finding),3,1500
1990-08-01,Chronic pain (finding),4,2000
1990-09-01,Chronic pain (finding),2,1000
1990-10-01,Chronic pain (finding),4,2000
1990-11-01,Chronic pain (finding),2,1000
1990-12-01,Chronic pain (finding),2,1000
1991-02-01,Chronic pain (finding),2,1000
1991-04-01,Chronic pain (finding),1,500
1991-07-01,Chronic pain (finding),1,500
1991-08-01,Chronic pain (finding),1,500
1991-09-01,Chronic pain (finding),2,1000
1991-10-01,Chronic pain (finding),2,1000
1992-01-01,Chronic pain (finding),1,500
1992-03-01,Chronic pain (finding),1,500
1992-10-01,Chronic pain (finding),1,500
1993-04-01,Chronic pain (finding),1,500
1993-09-01,Chronic pain (finding),1,500
1994-04-01,Chronic pain (finding),1,500
1994-05-01,Chronic pain (finding),1,500
1994-10-01,Chronic pain (finding),1,500
1994-11-01,Chronic pain (finding),1,500
1995-07-01,Chronic pain (finding),1,500
1995-12-01,Chronic pain (finding),1,500
1997-03-01,Chronic pain (finding),1,500
1997-05-01,Chronic pain (finding),1,500
1999-10-01,Chronic pain (finding),1,500
2002-05-01,Chronic pain (finding),1,500
2003-11-01,Chronic pain (finding),1,500
2006-10-01,Chronic pain (finding),2,1000
2006-11-01,Chronic pain (finding),1,500
2006-12-01,Chronic pain (finding),1,500
2007-06-01,Chronic pain (finding),1,500
2008-07-01,Chronic pain (finding),1,500
2009-01-01,Chronic pain (finding),1,500
2009-11-01,Chronic pain (finding),1,500
2010-02-01,Chronic pain (finding),1,500
2010-06-01,Chronic pain (finding),1,500
2010-11-01,Chronic pain (finding),1,500
2011-08-01,Chronic pain (finding),1,500
2011-10-01,Chronic pain (finding),1,500
2013-12-01,Chronic pain (finding),1,500
2014-01-01,Chronic pain (finding),50,25000
2014-02-01,Chronic pain (finding),258,129000
2014-03-01,Chronic pain (finding),5,2500
2014-04-01,Chronic pain (finding),2,1000
2014-05-01,Chronic pain (finding),2,1000
2014-06-01,Chronic pain (finding),2,1000
2014-09-01,Chronic pain (finding),1,500
2014-11-01,Chronic pain (finding),1,500
2014-12-01,Chronic pain (finding),2,1000
2015-02-01,Chronic pain (finding),1,500
2015-03-01,Chronic pain (finding),3,1500
2015-05-01,Chronic pain (finding),1,500
2015-06-01,Chronic pain (finding),1,500
2015-07-01,Chronic pain (finding),1,500
2015-09-01,Chronic pain (finding),1,500
2016-01-01,Chronic pain (finding),1,500
2016-02-01,Chronic pain (finding),1,500
2016-03-01,Chronic pain (finding),1,500
2016-04-01,Chronic pain (finding),1,500
2016-06-01,Chronic pain (finding),1,500
2016-08-01,Chronic pain (finding),1,500
2016-10-01,Chronic pain (finding),1,500
2017-03-01,Chronic pain (finding),2,1000
2017-04-01,Chronic pain (finding),2,1000
2017-10-01,Chronic pain (finding),1,500
2017-11-01,Chronic pain (finding),2,1000
2018-04-01,Chronic pain (finding),2,1000
2018-08-01,Chronic pain (finding),1,500
2018-10-01,Chronic pain (finding),3,1500
2019-01-01,Chronic pain (finding),1,500
2019-05-01,Chronic pain (finding),1,500
2019-06-01,Chronic pain (finding),1,500
2019-07-01,Chronic pain (finding),1,500
2020-01-01,Chronic pain (finding),2,1000
2020-03-01,Chronic pain (finding),1,500
2020-05-01,Chronic pain (finding),3,1500
2020-06-01,Chronic pain (finding),1,500
2020-07-01,Chronic pain (finding),1,500
2020-09-01,Chronic pain (finding),4,2000
2020-11-01,Chronic pain (finding),1,500
2020-12-01,Chronic pain (finding),4,2000
2021-02-01,Chronic pain (finding),2,1000
2021-04-01,Chronic pain (finding),1,500
2021-06-01,Chronic pain (finding),1,500
2021-08-01,Chronic pain (finding),1,500
2021-09-01,Chronic pain (finding),1,500
2021-12-01,Chronic pain (finding),1,500
2022-02-01,Chronic pain (finding),1,500
2022-04-01,Chronic pain (finding),3,1500
2022-05-01,Chronic pain (finding),2,1000
2022-06-01,Chronic pain (finding),1,500
2022-07-01,Chronic pain (finding),1,500
2022-12-01,Chronic pain (finding),2,1000
2023-02-01,Chronic pain (finding),2,1000
2023-03-01,Chronic pain (finding),1,500
2023-04-01,Chronic pain (finding),1,500
2023-06-01,Chronic pain (finding),1,500
2023-07-01,Chronic pain (finding),1,500
2024-01-01,Chronic pain (finding),1,500
2024-04-01,Chronic pain (finding),1,500
2024-05-01,Chronic pain (finding),1,500
2024-06-01,Chronic pain (finding),2,1000
2024-07-01,Chronic pain (finding),1,500
2024-08-01,Chronic pain (finding),1,500
2024-10-01,Chronic pain (finding),1,500
2024-11-01,Chronic pain (finding),2,1000
2025-03-01,Chronic pain (finding),2,1000
2025-05-01,Chronic pain (finding),2,1000
2025-09-01,Chronic pain (finding),1,500
2025-10-01,Chronic pain (finding),1,500
2025-11-01,Chronic pain (finding),1,500
1918-04-01,Chronic sinusitis (disorder),1,500
1924-12-01,Chronic sinusitis (disorder),1,500
1926-07-01,Chronic sinusitis (disorder),1,500
1929-02-01,Chronic sinusitis (disorder),1,500
1929-09-01,Chronic sinusitis (disorder),1,500
1933-02-01,Chronic sinusitis (disorder),1,500
1934-12-01,Chronic sinusitis (disorder),1,500
1939-12-01,Chronic sinusitis (disorder),1,500
1940-03-01,Chronic sinusitis (disorder),1,500
1940-07-01,Chronic sinusitis (disorder),1,500
1942-02-01,Chronic sinusitis (disorder),1,500
1943-01-01,Chronic sinusitis (disorder),1,500
1943-08-01,Chronic sinusitis (disorder),1,500
1943-12-01,Chronic sinusitis (disorder),1,500
1945-08-01,Chronic sinusitis (disorder),1,500
1946-08-01,Chronic sinusitis (disorder),1,500
1947-02-01,Chronic sinusitis (disorder),1,500
1947-03-01,Chronic sinusitis (disorder),1,500
1951-06-01,Chronic sinusitis (disorder),1,500
1954-12-01,Chronic sinusitis (disorder),1,500
1955-12-01,Chronic sinusitis (disorder),1,500
1956-01-01,Chronic sinusitis (disorder),1,500
1956-03-01,Chronic sinusitis (disorder),1,500
1956-10-01,Chronic sinusitis (disorder),1,500
1957-07-01,Chronic sinusitis (disorder),1,500
1957-11-01,Chronic sinusitis (disorder),1,500
1959-04-01,Chronic sinusitis (disorder),1,500
1960-01-01,Chronic sinusitis (disorder),1,500
1960-04-01,Chronic sinusitis (disorder),2,1000
1960-06-01,Chronic sinusitis (disorder),2,1000
1960-10-01,Chronic sinusitis (disorder),1,500
1961-12-01,Chronic sinusitis (disorder),1,500
1962-06-01,Chronic sinusitis (disorder),1,500
1962-08-01,Chronic sinusitis (disorder),1,500
1962-10-01,Chronic sinusitis (disorder),1,500
1963-02-01,Chronic sinusitis (disorder),1,500
1963-09-01,Chronic sinusitis (disorder),1,500
1964-04-01,Chronic sinusitis (disorder),1,500
1964-12-01,Chronic sinusitis (disorder),2,1000
1965-05-01,Chronic sinusitis (disorder),1,500
1966-02-01,Chronic sinusitis (disorder),1,500
1967-07-01,Chronic sinusitis (disorder),1,500
1968-12-01,Chronic sinusitis (disorder),1,500
1969-06-01,Chronic sinusitis (disorder),1,500
1969-07-01,Chronic sinusitis (disorder),1,500
1969-10-01,Chronic sinusitis (disorder),1,500
1970-01-01,Chronic sinusitis (disorder),1,500
1970-03-01,Chronic sinusitis (disorder),1,500
1970-06-01,Chronic sinusitis (disorder),2,1000
1970-08-01,Chronic sinusitis (disorder),2,1000
1970-09-01,Chronic sinusitis (disorder),1,500
1971-01-01,Chronic sinusitis (disorder),1,500
1971-04-01,Chronic sinusitis (disorder),1,500
1971-06-01,Chronic sinusitis (disorder),1,500
1971-08-01,Chronic sinusitis (disorder),1,500
1971-09-01,Chronic sinusitis (disorder),1,500
1971-10-01,Chronic sinusitis (disorder),1,500
1972-07-01,Chronic sinusitis (disorder),1,500
1973-08-01,Chronic sinusitis (disorder),1,500
1973-10-01,Chronic sinusitis (disorder),1,500
1974-06-01,Chronic sinusitis (disorder),2,1000
1975-04-01,Chronic sinusitis (disorder),1,500
1975-05-01,Chronic sinusitis (disorder),2,1000
1975-07-01,Chronic sinusitis (disorder),2,1000
1975-11-01,Chronic sinusitis (disorder),2,1000
1975-12-01,Chronic sinusitis (disorder),1,500
1976-01-01,Chronic sinusitis (disorder),3,1500
1976-04-01,Chronic sinusitis (disorder),1,500
1976-06-01,Chronic sinusitis (disorder),2,1000
1976-10-01,Chronic sinusitis (disorder),1,500
1977-04-01,Chronic sinusitis (disorder),1,500
1977-05-01,Chronic sinusitis (disorder),1,500
1977-06-01,Chronic sinusitis (disorder),1,500
1977-10-01,Chronic sinusitis (disorder),1,500
1977-12-01,Chronic sinusitis (disorder),1,500
1978-01-01,Chronic sinusitis (disorder),2,1000
1978-03-01,Chronic sinusitis (disorder),1,500
1979-03-01,Chronic sinusitis (disorder),2,1000
1979-04-01,Chronic sinusitis (disorder),1,500
1979-07-01,Chronic sinusitis (disorder),1,500
1979-09-01,Chronic sinusitis (disorder),1,500
1980-02-01,Chronic sinusitis (disorder),1,500
1980-05-01,Chronic sinusitis (disorder),1,500
1980-07-01,Chronic sinusitis (disorder),1,500
1981-05-01,Chronic sinusitis (disorder),1,500
1981-07-01,Chronic sinusitis (disorder),1,500
1981-08-01,Chronic sinusitis (disorder),3,1500
1981-10-01,Chronic sinusitis (disorder),1,500
1982-03-01,Chronic sinusitis (disorder),1,500
1982-10-01,Chronic sinusitis (disorder),1,500
1982-11-01,Chronic sinusitis (disorder),1,500
1982-12-01,Chronic sinusitis (disorder),1,500
1983-01-01,Chronic sinusitis (disorder),1,500
1983-04-01,Chronic sinusitis (disorder),1,500
1983-07-01,Chronic sinusitis (disorder),1,500
1983-11-01,Chronic sinusitis (disorder),1,500
1983-12-01,Chronic sinusitis (disorder),1,500
1984-01-01,Chronic sinusitis (disorder),1,500
1984-03-01,Chronic sinusitis (disorder),1,500
1984-04-01,Chronic sinusitis (disorder),1,500
1984-06-01,Chronic sinusitis (disorder),1,500
1984-09-01,Chronic sinusitis (disorder),1,500
1984-11-01,Chronic sinusitis (disorder),1,500
1985-04-01,Chronic sinusitis (disorder),2,1000
1985-05-01,Chronic sinusitis (disorder),1,500
1985-06-01,Chronic sinusitis (disorder),1,500
1985-07-01,Chronic sinusitis (disorder),1,500
1985-08-01,Chronic sinusitis (disorder),1,500
1986-04-01,Chronic sinusitis (disorder),1,500
1987-08-01,Chronic sinusitis (disorder),1,500
1987-12-01,Chronic sinusitis (disorder),1,500
1988-07-01,Chronic sinusitis (disorder),1,500
1988-10-01,Chronic sinusitis (disorder),1,500
1988-12-01,Chronic sinusitis (disorder),1,500
1989-02-01,Chronic sinusitis (disorder),1,500
1989-03-01,Chronic sinusitis (disorder),3,1500
1989-06-01,Chronic sinusitis (disorder),1,500
1989-10-01,Chronic sinusitis (disorder),2,1000
1989-12-01,Chronic sinusitis (disorder),1,500
1990-02-01,Chronic sinusitis (disorder),1,500
1990-05-01,Chronic sinusitis (disorder),1,500
1990-06-01,Chronic sinusitis (disorder),2,1000
1990-08-01,Chronic sinusitis (disorder),1,500
1990-09-01,Chronic sinusitis (disorder),1,500
1990-11-01,Chronic sinusitis (disorder),1,500
1991-03-01,Chronic sinusitis (disorder),1,500
1992-03-01,Chronic sinusitis (disorder),1,500
1992-07-01,Chronic sinusitis (disorder),1,500
1992-09-01,Chronic sinusitis (disorder),2,1000
1992-10-01,Chronic sinusitis (disorder),2,1000
1993-04-01,Chronic sinusitis (disorder),1,500
1993-05-01,Chronic sinusitis (disorder),1,500
1993-07-01,Chronic sinusitis (disorder),1,500
1994-02-01,Chronic sinusitis (disorder),2,1000
1994-04-01,Chronic sinusitis (disorder),2,1000
1994-09-01,Chronic sinusitis (disorder),1,500
1994-10-01,Chronic sinusitis (disorder),1,500
1994-11-01,Chronic sinusitis (disorder),1,500
1995-04-01,Chronic sinusitis (disorder),1,500
1995-05-01,Chronic sinusitis (disorder),1,500
1995-10-01,Chronic sinusitis (disorder),1,500
1995-11-01,Chronic sinusitis (disorder),2,1000
1995-12-01,Chronic sinusitis (disorder),1,500
1996-01-01,Chronic sinusitis (disorder),1,500
1996-02-01,Chronic sinusitis (disorder),1,500
1996-03-01,Chronic sinusitis (disorder),1,500
1996-04-01,Chronic sinusitis (disorder),2,1000
1996-05-01,Chronic sinusitis (disorder),1,500
1996-07-01,Chronic sinusitis (disorder),1,500
1996-10-01,Chronic sinusitis (disorder),1,500
1996-12-01,Chronic sinusitis (disorder),1,500
1997-01-01,Chronic sinusitis (disorder),2,1000
1997-02-01,Chronic sinusitis (disorder),1,500
1997-04-01,Chronic sinusitis (disorder),2,1000
1997-07-01,Chronic sinusitis (disorder),1,500
1997-08-01,Chronic sinusitis (disorder),2,1000
1997-09-01,Chronic sinusitis (disorder),1,500
1997-10-01,Chronic sinusitis (disorder),1,500
1997-12-01,Chronic sinusitis (disorder),2,1000
1998-02-01,Chronic sinusitis (disorder),1,500
1998-03-01,Chronic sinusitis (disorder),1,500
1998-04-01,Chronic sinusitis (disorder),1,500
1998-05-01,Chronic sinusitis (disorder),1,500
1998-06-01,Chronic sinusitis (disorder),1,500
1998-10-01,Chronic sinusitis (disorder),1,500
1998-11-01,Chronic sinusitis (disorder),1,500
1998-12-01,Chronic sinusitis (disorder),2,1000
1999-05-01,Chronic sinusitis (disorder),2,1000
1999-08-01,Chronic sinusitis (disorder),1,500
1999-10-01,Chronic sinusitis (disorder),1,500
1999-12-01,Chronic sinusitis (disorder),2,1000
2000-01-01,Chronic sinusitis (disorder),2,1000
2000-02-01,Chronic sinusitis (disorder),1,500
2000-03-01,Chronic sinusitis (disorder),1,500
2000-09-01,Chronic sinusitis (disorder),1,500
2001-01-01,Chronic sinusitis (disorder),1,500
2001-02-01,Chronic sinusitis (disorder),1,500
2001-04-01,Chronic sinusitis (disorder),1,500
2001-05-01,Chronic sinusitis (disorder),1,500
2001-07-01,Chronic sinusitis (disorder),1,500
2001-08-01,Chronic sinusitis (disorder),1,500
2001-10-01,Chronic sinusitis (disorder),1,500
2002-04-01,Chronic sinusitis (disorder),1,500
2002-07-01,Chronic sinusitis (disorder),1,500
2002-08-01,Chronic sinusitis (disorder),1,500
2002-09-01,Chronic sinusitis (disorder),1,500
2002-12-01,Chronic sinusitis (disorder),2,1000
2003-05-01,Chronic sinusitis (disorder),2,1000
2003-06-01,Chronic sinusitis (disorder),1,500
2003-08-01,Chronic sinusitis (disorder),2,1000
2003-09-01,Chronic sinusitis (disorder),1,500
2003-12-01,Chronic sinusitis (disorder),2,1000
2004-02-01,Chronic sinusitis (disorder),2,1000
2004-05-01,Chronic sinusitis (disorder),1,500
2004-06-01,Chronic sinusitis (disorder),2,1000
2004-08-01,Chronic sinusitis (disorder),1,500
2004-09-01,Chronic sinusitis (disorder),2,1000
2004-11-01,Chronic sinusitis (disorder),2,1000
2004-12-01,Chronic sinusitis (disorder),2,1000
2005-01-01,Chronic sinusitis (disorder),1,500
2005-02-01,Chronic sinusitis (disorder),1,500
2005-06-01,Chronic sinusitis (disorder),1,500
2005-07-01,Chronic sinusitis (disorder),2,1000
2005-10-01,Chronic sinusitis (disorder),4,2000
2006-01-01,Chronic sinusitis (disorder),2,1000
2006-02-01,Chronic sinusitis (disorder),1,500
2006-04-01,Chronic sinusitis (disorder),1,500
2006-09-01,Chronic sinusitis (disorder),1,500
2007-04-01,Chronic sinusitis (disorder),3,1500
2007-05-01,Chronic sinusitis (disorder),2,1000
2007-06-01,Chronic sinusitis (disorder),1,500
2007-09-01,Chronic sinusitis (disorder),1,500
2007-10-01,Chronic sinusitis (disorder),1,500
2007-11-01,Chronic sinusitis (disorder),1,500
2007-12-01,Chronic sinusitis (disorder),2,1000
2008-02-01,Chronic sinusitis (disorder),2,1000
2008-05-01,Chronic sinusitis (disorder),1,500
2009-03-01,Chronic sinusitis (disorder),4,2000
2009-07-01,Chronic sinusitis (disorder),1,500
2009-08-01,Chronic sinusitis (disorder),2,1000
2009-12-01,Chronic sinusitis (disorder),1,500
2010-02-01,Chronic sinusitis (disorder),1,500
2010-09-01,Chronic sinusitis (disorder),1,500
2010-10-01,Chronic sinusitis (disorder),3,1500
2011-01-01,Chronic sinusitis (disorder),1,500
2011-02-01,Chronic sinusitis (disorder),1,500
2011-05-01,Chronic sinusitis (disorder),1,500
2011-06-01,Chronic sinusitis (disorder),1,500
2011-08-01,Chronic sinusitis (disorder),3,1500
2011-09-01,Chronic sinusitis (disorder),2,1000
2011-10-01,Chronic sinusitis (disorder),2,1000
2011-11-01,Chronic sinusitis (disorder),1,500
2012-03-01,Chronic sinusitis (disorder),2,1000
2012-08-01,Chronic sinusitis (disorder),1,500
2012-09-01,Chronic sinusitis (disorder),1,500
2012-10-01,Chronic sinusitis (disorder),1,500
2012-12-01,Chronic sinusitis (disorder),2,1000
2013-02-01,Chronic sinusitis (disorder),1,500
2013-07-01,Chronic sinusitis (disorder),1,500
2013-10-01,Chronic sinusitis (disorder),1,500
2013-12-01,Chronic sinusitis (disorder),1,500
2014-06-01,Chronic sinusitis (disorder),1,500
2014-07-01,Chronic sinusitis (disorder),2,1000
2014-10-01,Chronic sinusitis (disorder),1,500
2015-01-01,Chronic sinusitis (disorder),1,500
2015-02-01,Chronic sinusitis (disorder),1,500
2015-04-01,Chronic sinusitis (disorder),1,500
2015-05-01,Chronic sinusitis (disorder),2,1000
2015-06-01,Chronic sinusitis (disorder),2,1000
2015-10-01,Chronic sinusitis (disorder),1,500
2016-03-01,Chronic sinusitis (disorder),1,500
2016-04-01,Chronic sinusitis (disorder),1,500
2016-07-01,Chronic sinusitis (disorder),1,500
2016-08-01,Chronic sinusitis (disorder),1,500
2016-09-01,Chronic sinusitis (disorder),1,500
2016-12-01,Chronic sinusitis (disorder),1,500
2017-01-01,Chronic sinusitis (disorder),1,500
2017-03-01,Chronic sinusitis (disorder),1,500
2017-04-01,Chronic sinusitis (disorder),4,2000
2017-09-01,Chronic sinusitis (disorder),3,1500
2017-10-01,Chronic sinusitis (disorder),1,500
2017-11-01,Chronic sinusitis (disorder),6,3000
2017-12-01,Chronic sinusitis (disorder),1,500
2018-05-01,Chronic sinusitis (disorder),1,500
2018-07-01,Chronic sinusitis (disorder),2,1000
2018-08-01,Chronic sinusitis (disorder),1,500
2018-10-01,Chronic sinusitis (disorder),1,500
2018-11-01,Chronic sinusitis (disorder),2,1000
2018-12-01,Chronic sinusitis (disorder),2,1000
2019-03-01,Chronic sinusitis (disorder),1,500
2019-05-01,Chronic sinusitis (disorder),1,500
2019-07-01,Chronic sinusitis (disorder),2,1000
2019-09-01,Chronic sinusitis (disorder),1,500
2019-10-01,Chronic sinusitis (disorder),1,500
2019-12-01,Chronic sinusitis (disorder),1,500
2020-01-01,Chronic sinusitis (disorder),2,1000
2020-04-01,Chronic sinusitis (disorder),1,500
2020-08-01,Chronic sinusitis (disorder),1,500
2020-09-01,Chronic sinusitis (disorder),2,1000
2020-10-01,Chronic sinusitis (disorder),2,1000
2021-02-01,Chronic sinusitis (disorder),3,1500
2021-03-01,Chronic sinusitis (disorder),1,500
2021-08-01,Chronic sinusitis (disorder),1,500
2021-11-01,Chronic sinusitis (disorder),2,1000
2021-12-01,Chronic sinusitis (disorder),1,500
2022-01-01,Chronic sinusitis (disorder),1,500
2022-02-01,Chronic sinusitis (disorder),1,500
2022-03-01,Chronic sinusitis (disorder),1,500
2022-05-01,Chronic sinusitis (disorder),2,1000
2022-09-01,Chronic sinusitis (disorder),3,1500
2022-10-01,Chronic sinusitis (disorder),1,500
2023-01-01,Chronic sinusitis (disorder),1,500
2023-02-01,Chronic sinusitis (disorder),1,500
2023-03-01,Chronic sinusitis (disorder),1,500
2023-04-01,Chronic sinusitis (disorder),1,500
2023-06-01,Chronic sinusitis (disorder),1,500
2023-07-01,Chronic sinusitis (disorder),2,1000
2023-10-01,Chronic sinusitis (disorder),1,500
2024-01-01,Chronic sinusitis (disorder),1,500
2024-02-01,Chronic sinusitis (disorder),1,500
2024-04-01,Chronic sinusitis (disorder),2,1000
2024-07-01,Chronic sinusitis (disorder),2,1000
2024-12-01,Chronic sinusitis (disorder),1,500
2025-02-01,Chronic sinusitis (disorder),3,1500
2025-03-01,Chronic sinusitis (disorder),2,1000
2025-05-01,Chronic sinusitis (disorder),1,500
2025-07-01,Chronic sinusitis (disorder),1,500
2025-08-01,Chronic sinusitis (disorder),3,1500
2026-01-01,Chronic sinusitis (disorder),2,1000
1935-12-01,Educated to high school level (finding),2,1000
1937-12-01,Educated to high school level (finding),3,1500
1944-06-01,Educated to high school level (finding),3,1500
1944-09-01,Educated to high school level (finding),3,1500
1946-06-01,Educated to high school level (finding),3,1500
1946-07-01,Educated to high school level (finding),8,4000
1946-09-01,Educated to high school level (finding),2,1000
1952-01-01,Educated to high school level (finding),1,500
1955-12-01,Educated to high school level (finding),1,500
1960-03-01,Educated to high school level (finding),6,3000
1963-07-01,Educated to high school level (finding),1,500
1963-10-01,Educated to high school level (finding),2,1000
1964-01-01,Educated to high school level (finding),2,1000
1964-09-01,Educated to high school level (finding),1,500
1966-05-01,Educated to high school level (finding),1,500
1966-10-01,Educated to high school level (finding),1,500
1968-06-01,Educated to high school level (finding),1,500
1968-11-01,Educated to high school level (finding),1,500
1969-02-01,Educated to high school level (finding),1,500
1969-06-01,Educated to high school level (finding),3,1500
1969-09-01,Educated to high school level (finding),1,500
1969-10-01,Educated to high school level (finding),2,1000
1970-01-01,Educated to high school level (finding),4,2000
1970-02-01,Educated to high school level (finding),3,1500
1970-05-01,Educated to high school level (finding),2,1000
1970-09-01,Educated to high school level (finding),3,1500
1970-11-01,Educated to high school level (finding),1,500
1971-02-01,Educated to high school level (finding),1,500
1971-05-01,Educated to high school level (finding),1,500
1972-04-01,Educated to high school level (finding),1,500
1972-08-01,Educated to high school level (finding),1,500
1972-10-01,Educated to high school level (finding),1,500
1973-02-01,Educated to high school level (finding),1,500
1973-07-01,Educated to high school level (finding),1,500
1973-08-01,Educated to high school level (finding),1,500
1974-04-01,Educated to high school level (finding),1,500
1974-05-01,Educated to high school level (finding),1,500
1974-10-01,Educated to high school level (finding),1,500
1974-11-01,Educated to high school level (finding),2,1000
1975-01-01,Educated to high school level (finding),1,500
1975-03-01,Educated to high school level (finding),1,500
1975-04-01,Educated to high school level (finding),1,500
1975-10-01,Educated to high school level (finding),1,500
1976-03-01,Educated to high school level (finding),1,500
1976-06-01,Educated to high school level (finding),1,500
1976-07-01,Educated to high school level (finding),1,500
1976-08-01,Educated to high school level (finding),1,500
1978-07-01,Educated to high school level (finding),1,500
1978-10-01,Educated to high school level (finding),1,500
1979-01-01,Educated to high school level (finding),1,500
1979-02-01,Educated to high school level (finding),1,500
1979-04-01,Educated to high school level (finding),1,500
1979-06-01,Educated to high school level (finding),1,500
1979-08-01,Educated to high school level (finding),2,1000
1979-09-01,Educated to high school level (finding),1,500
1979-10-01,Educated to high school level (finding),1,500
1979-12-01,Educated to high school level (finding),1,500
1980-01-01,Educated to high school level (finding),1,500
1980-03-01,Educated to high school level (finding),3,1500
1980-04-01,Educated to high school level (finding),1,500
1980-06-01,Educated to high school level (finding),2,1000
1980-09-01,Educated to high school level (finding),2,1000
1981-01-01,Educated to high school level (finding),1,500
1981-04-01,Educated to high school level (finding),1,500
1981-05-01,Educated to high school level (finding),1,500
1981-11-01,Educated to high school level (finding),1,500
1982-02-01,Educated to high school level (finding),1,500
1982-09-01,Educated to high school level (finding),1,500
1982-12-01,Educated to high school level (finding),2,1000
1983-02-01,Educated to high school level (finding),2,1000
1983-06-01,Educated to high school level (finding),1,500
1983-07-01,Educated to high school level (finding),1,500
1983-08-01,Educated to high school level (finding),1,500
1983-10-01,Educated to high school level (finding),1,500
1984-02-01,Educated to high school level (finding),1,500
1984-04-01,Educated to high school level (finding),1,500
1984-05-01,Educated to high school level (finding),1,500
1984-08-01,Educated to high school level (finding),1,500
1984-09-01,Educated to high school level (finding),1,500
1984-10-01,Educated to high school level (finding),1,500
1985-02-01,Educated to high school level (finding),1,500
1985-04-01,Educated to high school level (finding),1,500
1985-06-01,Educated to high school level (finding),2,1000
1985-07-01,Educated to high school level (finding),2,1000
1985-08-01,Educated to high school level (finding),1,500
1985-12-01,Educated to high school level (finding),1,500
1986-03-01,Educated to high school level (finding),1,500
1986-04-01,Educated to high school level (finding),2,1000
1986-05-01,Educated to high school level (finding),1,500
1986-07-01,Educated to high school level (finding),1,500
1986-08-01,Educated to high school level (finding),1,500
1986-09-01,Educated to high school level (finding),2,1000
1986-11-01,Educated to high school level (finding),1,500
1986-12-01,Educated to high school level (finding),1,500
1987-04-01,Educated to high school level (finding),1,500
1987-06-01,Educated to high school level (finding),1,500
1987-08-01,Educated to high school level (finding),1,500
1987-11-01,Educated to high school level (finding),1,500
1987-12-01,Educated to high school level (finding),1,500
1988-02-01,Educated to high school level (finding),2,1000
1988-04-01,Educated to high school level (finding),1,500
1988-05-01,Educated to high school level (finding),1,500
1988-06-01,Educated to high school level (finding),1,500
1988-09-01,Educated to high school level (finding),1,500
1988-10-01,Educated to high school level (finding),1,500
1988-11-01,Educated to high school level (finding),1,500
1988-12-01,Educated to high school level (finding),1,500
1989-02-01,Educated to high school level (finding),1,500
1989-05-01,Educated to high school level (finding),1,500
1989-07-01,Educated to high school level (finding),1,500
1989-11-01,Educated to high school level (finding),1,500
1989-12-01,Educated to high school level (finding),1,500
1990-02-01,Educated to high school level (finding),1,500
1990-05-01,Educated to high school level (finding),4,2000
1990-06-01,Educated to high school level (finding),3,1500
1990-07-01,Educated to high school level (finding),2,1000
1990-10-01,Educated to high school level (finding),1,500
1991-04-01,Educated to high school level (finding),2,1000
1991-07-01,Educated to high school level (finding),1,500
1991-08-01,Educated to high school level (finding),1,500
1991-09-01,Educated to high school level (finding),2,1000
1991-10-01,Educated to high school level (finding),1,500
1991-11-01,Educated to high school level (finding),1,500
1991-12-01,Educated to high school level (finding),2,1000
1992-04-01,Educated to high school level (finding),1,500
1992-06-01,Educated to high school level (finding),2,1000
1992-07-01,Educated to high school level (finding),2,1000
1992-08-01,Educated to high school level (finding),4,2000
1992-09-01,Educated to high school level (finding),1,500
1992-10-01,Educated to high school level (finding),1,500
1992-11-01,Educated to high school level (finding),1,500
1993-01-01,Educated to high school level (finding),1,500
1993-04-01,Educated to high school level (finding),1,500
1993-05-01,Educated to high school level (finding),1,500
1993-09-01,Educated to high school level (finding),1,500
1993-10-01,Educated to high school level (finding),1,500
1994-03-01,Educated to high school level (finding),1,500
1994-06-01,Educated to high school level (finding),2,1000
1994-07-01,Educated to high school level (finding),1,500
1994-11-01,Educated to high school level (finding),2,1000
1994-12-01,Educated to high school level (finding),1,500
1995-01-01,Educated to high school level (finding),1,500
1995-02-01,Educated to high school level (finding),1,500
1995-05-01,Educated to high school level (finding),1,500
1995-06-01,Educated to high school level (finding),2,1000
1995-07-01,Educated to high school level (finding),2,1000
1995-10-01,Educated to high school level (finding),1,500
1996-01-01,Educated to high school level (finding),2,1000
1996-04-01,Educated to high school level (finding),4,2000
1996-06-01,Educated to high school level (finding),1,500
1996-10-01,Educated to high school level (finding),1,500
1996-12-01,Educated to high school level (finding),2,1000
1997-03-01,Educated to high school level (finding),1,500
1997-04-01,Educated to high school level (finding),1,500
1997-07-01,Educated to high school level (finding),2,1000
1997-09-01,Educated to high school level (finding),2,1000
1997-11-01,Educated to high school level (finding),1,500
1998-01-01,Educated to high school level (finding),1,500
1998-03-01,Educated to high school level (finding),2,1000
1998-06-01,Educated to high school level (finding),1,500
1998-07-01,Educated to high school level (finding),1,500
1998-08-01,Educated to high school level (finding),1,500
1998-09-01,Educated to high school level (finding),3,1500
1998-10-01,Educated to high school level (finding),1,500
1998-12-01,Educated to high school level (finding),2,1000
1999-03-01,Educated to high school level (finding),1,500
1999-06-01,Educated to high school level (finding),2,1000
1999-10-01,Educated to high school level (finding),1,500
1999-11-01,Educated to high school level (finding),1,500
2000-06-01,Educated to high school level (finding),1,500
2000-07-01,Educated to high school level (finding),1,500
2000-11-01,Educated to high school level (finding),1,500
2001-01-01,Educated to high school level (finding),1,500
2001-03-01,Educated to high school level (finding),1,500
2001-04-01,Educated to high school level (finding),3,1500
2001-06-01,Educated to high school level (finding),1,500
2001-10-01,Educated to high school level (finding),2,1000
2001-11-01,Educated to high school level (finding),1,500
2002-01-01,Educated to high school level (finding),2,1000
2002-07-01,Educated to high school level (finding),1,500
2002-08-01,Educated to high school level (finding),1,500
2002-10-01,Educated to high school level (finding),1,500
2002-11-01,Educated to high school level (finding),2,1000
2003-01-01,Educated to high school level (finding),1,500
2003-02-01,Educated to high school level (finding),1,500
2003-03-01,Educated to high school level (finding),2,1000
2003-05-01,Educated to high school level (finding),3,1500
2003-09-01,Educated to high school level (finding),1,500
2003-11-01,Educated to high school level (finding),2,1000
2004-01-01,Educated to high school level (finding),1,500
2004-06-01,Educated to high school level (finding),1,500
2004-07-01,Educated to high school level (finding),1,500
2004-08-01,Educated to high school level (finding),2,1000
2005-01-01,Educated to high school level (finding),1,500
2005-04-01,Educated to high school level (finding),1,500
2005-05-01,Educated to high school level (finding),1,500
2005-09-01,Educated to high school level (finding),1,500
2005-10-01,Educated to high school level (finding),1,500
2005-11-01,Educated to high school level (finding),1,500
2006-01-01,Educated to high school level (finding),1,500
2006-02-01,Educated to high school level (finding),1,500
2006-04-01,Educated to high school level (finding),1,500
2006-05-01,Educated to high school level (finding),3,1500
2006-06-01,Educated to high school level (finding),2,1000
2006-09-01,Educated to high school level (finding),1,500
2006-10-01,Educated to high school level (finding),2,1000
2006-12-01,Educated to high school level (finding),1,500
2007-01-01,Educated to high school level (finding),1,500
2007-03-01,Educated to high school level (finding),1,500
2007-04-01,Educated to high school level (finding),1,500
2007-06-01,Educated to high school level (finding),1,500
2007-07-01,Educated to high school level (finding),1,500
2007-08-01,Educated to high school level (finding),2,1000
2007-11-01,Educated to high school level (finding),2,1000
2007-12-01,Educated to high school level (finding),2,1000
2008-01-01,Educated to high school level (finding),1,500
2008-06-01,Educated to high school level (finding),1,500
2008-07-01,Educated to high school level (finding),1,500
2008-08-01,Educated to high school level (finding),1,500
2008-12-01,Educated to high school level (finding),2,1000
2009-04-01,Educated to high school level (finding),2,1000
2009-05-01,Educated to high school level (finding),2,1000
2009-07-01,Educated to high school level (finding),1,500
2009-08-01,Educated to high school level (finding),1,500
2010-05-01,Educated to high school level (finding),2,1000
2010-06-01,Educated to high school level (finding),2,1000
2010-08-01,Educated to high school level (finding),1,500
2010-09-01,Educated to high school level (finding),1,500
2010-10-01,Educated to high school level (finding),1,500
2011-01-01,Educated to high school level (finding),1,500
2011-02-01,Educated to high school level (finding),1,500
2011-05-01,Educated to high school level (finding),2,1000
2012-01-01,Educated to high school level (finding),1,500
2012-03-01,Educated to high school level (finding),2,1000
2012-08-01,Educated to high school level (finding),3,1500
2012-10-01,Educated to high school level (finding),1,500
2013-01-01,Educated to high school level (finding),2,1000
2013-03-01,Educated to high school level (finding),1,500
2013-05-01,Educated to high school level (finding),2,1000
2013-10-01,Educated to high school level (finding),1,500
2013-11-01,Educated to high school level (finding),1,500
2014-01-01,Educated to high school level (finding),1,500
2014-02-01,Educated to high school level (finding),1,500
2014-04-01,Educated to high school level (finding),3,1500
2014-05-01,Educated to high school level (finding),1,500
2014-07-01,Educated to high school level (finding),3,1500
2014-12-01,Educated to high school level (finding),1,500
2015-01-01,Educated to high school level (finding),1,500
2015-04-01,Educated to high school level (finding),2,1000
2015-06-01,Educated to high school level (finding),1,500
2015-10-01,Educated to high school level (finding),2,1000
2015-12-01,Educated to high school level (finding),1,500
2016-03-01,Educated to high school level (finding),1,500
2016-04-01,Educated to high school level (finding),2,1000
2016-06-01,Educated to high school level (finding),1,500
2016-08-01,Educated to high school level (finding),1,500
2016-09-01,Educated to high school level (finding),1,500
2017-01-01,Educated to high school level (finding),1,500
2017-04-01,Educated to high school level (finding),2,1000
2017-07-01,Educated to high school level (finding),1,500
2017-08-01,Educated to high school level (finding),1,500
2018-01-01,Educated to high school level (finding),2,1000
2018-06-01,Educated to high school level (finding),2,1000
2018-07-01,Educated to high school level (finding),1,500
2018-09-01,Educated to high school level (finding),1,500
2018-11-01,Educated to high school level (finding),1,500
2019-01-01,Educated to high school level (finding),1,500
2019-06-01,Educated to high school level (finding),1,500
2019-07-01,Educated to high school level (finding),1,500
2019-11-01,Educated to high school level (finding),1,500
2019-12-01,Educated to high school level (finding),2,1000
2020-01-01,Educated to high school level (finding),1,500
2020-04-01,Educated to high school level (finding),1,500
2020-05-01,Educated to high school level (finding),1,500
2020-06-01,Educated to high school level (finding),2,1000
2020-09-01,Educated to high school level (finding),1,500
2020-12-01,Educated to high school level (finding),2,1000
2021-03-01,Educated to high school level (finding),1,500
2021-04-01,Educated to high school level (finding),1,500
2021-06-01,Educated to high school level (finding),2,1000
2021-10-01,Educated to high school level (finding),1,500
2022-05-01,Educated to high school level (finding),3,1500
2022-07-01,Educated to high school level (finding),1,500
2022-08-01,Educated to high school level (finding),1,500
2022-09-01,Educated to high school level (finding),1,500
2022-10-01,Educated to high school level (finding),1,500
2022-12-01,Educated to high school level (finding),2,1000
2023-02-01,Educated to high school level (finding),1,500
2023-04-01,Educated to high school level (finding),1,500
2023-09-01,Educated to high school level (finding),1,500
2023-10-01,Educated to high school level (finding),1,500
2023-12-01,Educated to high school level (finding),2,1000
2024-07-01,Educated to high school level (finding),3,1500
2024-08-01,Educated to high school level (finding),1,500
2024-10-01,Educated to high school level (finding),1,500
2024-11-01,Educated to high school level (finding),1,500
2025-01-01,Educated to high school level (finding),2,1000
2025-05-01,Educated to high school level (finding),1,500
2025-09-01,Educated to high school level (finding),1,500
2025-11-01,Educated to high school level (finding),1,500
1946-06-01,Essential hypertension (disorder),1,500
1950-07-01,Essential hypertension (disorder),1,500
1951-07-01,Essential hypertension (disorder),1,500
1952-02-01,Essential hypertension (disorder),1,500
1955-07-01,Essential hypertension (disorder),1,500
1957-09-01,Essential hypertension (disorder),1,500
1958-02-01,Essential hypertension (disorder),1,500
1960-05-01,Essential hypertension (disorder),2,1000
1960-10-01,Essential hypertension (disorder),1,500
1960-12-01,Essential hypertension (disorder),1,500
1961-09-01,Essential hypertension (disorder),1,500
1962-07-01,Essential hypertension (disorder),2,1000
1962-10-01,Essential hypertension (disorder),1,500
1962-12-01,Essential hypertension (disorder),2,1000
1964-10-01,Essential hypertension (disorder),1,500
1965-02-01,Essential hypertension (disorder),1,500
1965-11-01,Essential hypertension (disorder),1,500
1966-12-01,Essential hypertension (disorder),2,1000
1967-03-01,Essential hypertension (disorder),2,1000
1968-01-01,Essential hypertension (disorder),1,500
1968-05-01,Essential hypertension (disorder),3,1500
1969-03-01,Essential hypertension (disorder),1,500
1969-05-01,Essential hypertension (disorder),1,500
1970-03-01,Essential hypertension (disorder),1,500
1970-04-01,Essential hypertension (disorder),1,500
1970-05-01,Essential hypertension (disorder),1,500
1970-07-01,Essential hypertension (disorder),1,500
1971-01-01,Essential hypertension (disorder),1,500
1971-07-01,Essential hypertension (disorder),1,500
1972-04-01,Essential hypertension (disorder),1,500
1972-10-01,Essential hypertension (disorder),1,500
1973-05-01,Essential hypertension (disorder),1,500
1975-04-01,Essential hypertension (disorder),1,500
1975-08-01,Essential hypertension (disorder),1,500
1975-10-01,Essential hypertension (disorder),1,500
1975-12-01,Essential hypertension (disorder),1,500
1976-01-01,Essential hypertension (disorder),1,500
1976-04-01,Essential hypertension (disorder),1,500
1977-01-01,Essential hypertension (disorder),1,500
1977-04-01,Essential hypertension (disorder),1,500
1977-12-01,Essential hypertension (disorder),1,500
1978-11-01,Essential hypertension (disorder),1,500
1979-01-01,Essential hypertension (disorder),2,1000
1979-04-01,Essential hypertension (disorder),1,500
1979-10-01,Essential hypertension (disorder),1,500
1980-01-01,Essential hypertension (disorder),1,500
1980-02-01,Essential hypertension (disorder),1,500
1980-03-01,Essential hypertension (disorder),1,500
1980-07-01,Essential hypertension (disorder),1,500
1980-10-01,Essential hypertension (disorder),1,500
1980-12-01,Essential hypertension (disorder),1,500
1981-01-01,Essential hypertension (disorder),2,1000
1981-06-01,Essential hypertension (disorder),1,500
1981-08-01,Essential hypertension (disorder),1,500
1981-09-01,Essential hypertension (disorder),1,500
1982-12-01,Essential hypertension (disorder),2,1000
1983-01-01,Essential hypertension (disorder),2,1000
1983-08-01,Essential hypertension (disorder),1,500
1983-12-01,Essential hypertension (disorder),1,500
1984-03-01,Essential hypertension (disorder),1,500
1984-05-01,Essential hypertension (disorder),1,500
1984-06-01,Essential hypertension (disorder),1,500
1984-07-01,Essential hypertension (disorder),1,500
1984-08-01,Essential hypertension (disorder),1,500
1984-10-01,Essential hypertension (disorder),1,500
1984-11-01,Essential hypertension (disorder),1,500
1985-01-01,Essential hypertension (disorder),1,500
1985-02-01,Essential hypertension (disorder),1,500
1985-03-01,Essential hypertension (disorder),1,500
1985-07-01,Essential hypertension (disorder),1,500
1985-11-01,Essential hypertension (disorder),1,500
1986-03-01,Essential hypertension (disorder),1,500
1987-02-01,Essential hypertension (disorder),2,1000
1987-06-01,Essential hypertension (disorder),1,500
1987-08-01,Essential hypertension (disorder),2,1000
1987-12-01,Essential hypertension (disorder),2,1000
1988-03-01,Essential hypertension (disorder),1,500
1988-05-01,Essential hypertension (disorder),1,500
1988-08-01,Essential hypertension (disorder),2,1000
1988-12-01,Essential hypertension (disorder),1,500
1989-02-01,Essential hypertension (disorder),1,500
1989-03-01,Essential hypertension (disorder),1,500
1989-04-01,Essential hypertension (disorder),2,1000
1989-10-01,Essential hypertension (disorder),1,500
1989-11-01,Essential hypertension (disorder),1,500
1989-12-01,Essential hypertension (disorder),1,500
1990-01-01,Essential hypertension (disorder),1,500
1990-03-01,Essential hypertension (disorder),2,1000
1990-05-01,Essential hypertension (disorder),1,500
1990-07-01,Essential hypertension (disorder),1,500
1990-10-01,Essential hypertension (disorder),1,500
1990-12-01,Essential hypertension (disorder),1,500
1991-03-01,Essential hypertension (disorder),1,500
1991-04-01,Essential hypertension (disorder),1,500
1991-08-01,Essential hypertension (disorder),1,500
1991-09-01,Essential hypertension (disorder),3,1500
1992-05-01,Essential hypertension (disorder),1,500
1992-09-01,Essential hypertension (disorder),1,500
1992-11-01,Essential hypertension (disorder),2,1000
1993-03-01,Essential hypertension (disorder),3,1500
1993-04-01,Essential hypertension (disorder),1,500
1993-07-01,Essential hypertension (disorder),2,1000
1993-09-01,Essential hypertension (disorder),1,500
1993-10-01,Essential hypertension (disorder),1,500
1993-11-01,Essential hypertension (disorder),1,500
1994-01-01,Essential hypertension (disorder),1,500
1994-02-01,Essential hypertension (disorder),1,500
1994-04-01,Essential hypertension (disorder),1,500
1994-05-01,Essential hypertension (disorder),2,1000
1994-08-01,Essential hypertension (disorder),1,500
1994-12-01,Essential hypertension (disorder),3,1500
1995-01-01,Essential hypertension (disorder),2,1000
1995-03-01,Essential hypertension (disorder),1,500
1995-06-01,Essential hypertension (disorder),1,500
1995-08-01,Essential hypertension (disorder),1,500
1996-01-01,Essential hypertension (disorder),2,1000
1996-02-01,Essential hypertension (disorder),2,1000
1996-05-01,Essential hypertension (disorder),1,500
1996-09-01,Essential hypertension (disorder),1,500
1996-10-01,Essential hypertension (disorder),2,1000
1996-12-01,Essential hypertension (disorder),2,1000
1997-02-01,Essential hypertension (disorder),1,500
1997-03-01,Essential hypertension (disorder),2,1000
1997-04-01,Essential hypertension (disorder),1,500
1997-05-01,Essential hypertension (disorder),3,1500
1997-10-01,Essential hypertension (disorder),1,500
1997-11-01,Essential hypertension (disorder),2,1000
1997-12-01,Essential hypertension (disorder),1,500
1998-01-01,Essential hypertension (disorder),2,1000
1998-02-01,Essential hypertension (disorder),1,500
1998-03-01,Essential hypertension (disorder),4,2000
1998-04-01,Essential hypertension (disorder),2,1000
1998-05-01,Essential hypertension (disorder),3,1500
1998-09-01,Essential hypertension (disorder),1,500
1998-11-01,Essential hypertension (disorder),1,500
1998-12-01,Essential hypertension (disorder),2,1000
1999-01-01,Essential hypertension (disorder),1,500
1999-03-01,Essential hypertension (disorder),1,500
1999-04-01,Essential hypertension (disorder),2,1000
1999-10-01,Essential hypertension (disorder),2,1000
1999-11-01,Essential hypertension (disorder),1,500
2000-05-01,Essential hypertension (disorder),1,500
2000-07-01,Essential hypertension (disorder),1,500
2000-08-01,Essential hypertension (disorder),1,500
2000-10-01,Essential hypertension (disorder),1,500
2000-11-01,Essential hypertension (disorder),1,500
2001-02-01,Essential hypertension (disorder),1,500
2001-03-01,Essential hypertension (disorder),2,1000
2001-04-01,Essential hypertension (disorder),1,500
2001-07-01,Essential hypertension (disorder),1,500
2001-12-01,Essential hypertension (disorder),3,1500
2002-03-01,Essential hypertension (disorder),1,500
2002-06-01,Essential hypertension (disorder),1,500
2002-08-01,Essential hypertension (disorder),1,500
2002-10-01,Essential hypertension (disorder),1,500
2002-12-01,Essential hypertension (disorder),1,500
2003-02-01,Essential hypertension (disorder),1,500
2003-04-01,Essential hypertension (disorder),2,1000
2003-05-01,Essential hypertension (disorder),1,500
2003-06-01,Essential hypertension (disorder),1,500
2003-08-01,Essential hypertension (disorder),1,500
2003-09-01,Essential hypertension (disorder),2,1000
2003-10-01,Essential hypertension (disorder),1,500
2003-11-01,Essential hypertension (disorder),1,500
2004-05-01,Essential hypertension (disorder),1,500
2004-07-01,Essential hypertension (disorder),1,500
2004-08-01,Essential hypertension (disorder),2,1000
2004-10-01,Essential hypertension (disorder),2,1000
2004-12-01,Essential hypertension (disorder),3,1500
2005-01-01,Essential hypertension (disorder),3,1500
2005-04-01,Essential hypertension (disorder),1,500
2005-05-01,Essential hypertension (disorder),1,500
2005-07-01,Essential hypertension (disorder),2,1000
2005-09-01,Essential hypertension (disorder),1,500
2005-10-01,Essential hypertension (disorder),1,500
2005-11-01,Essential hypertension (disorder),1,500
2005-12-01,Essential hypertension (disorder),2,1000
2006-01-01,Essential hypertension (disorder),1,500
2006-02-01,Essential hypertension (disorder),1,500
2006-04-01,Essential hypertension (disorder),3,1500
2006-07-01,Essential hypertension (disorder),1,500
2006-08-01,Essential hypertension (disorder),1,500
2006-12-01,Essential hypertension (disorder),1,500
2007-01-01,Essential hypertension (disorder),2,1000
2007-02-01,Essential hypertension (disorder),1,500
2007-03-01,Essential hypertension (disorder),2,1000
2007-05-01,Essential hypertension (disorder),1,500
2007-06-01,Essential hypertension (disorder),2,1000
2007-11-01,Essential hypertension (disorder),2,1000
2008-01-01,Essential hypertension (disorder),1,500
2008-03-01,Essential hypertension (disorder),2,1000
2008-04-01,Essential hypertension (disorder),2,1000
2008-05-01,Essential hypertension (disorder),1,500
2008-06-01,Essential hypertension (disorder),2,1000
2008-08-01,Essential hypertension (disorder),4,2000
2008-12-01,Essential hypertension (disorder),1,500
2009-01-01,Essential hypertension (disorder),1,500
2009-03-01,Essential hypertension (disorder),1,500
2009-05-01,Essential hypertension (disorder),2,1000
2009-07-01,Essential hypertension (disorder),1,500
2009-09-01,Essential hypertension (disorder),1,500
2009-11-01,Essential hypertension (disorder),1,500
2010-03-01,Essential hypertension (disorder),1,500
2010-04-01,Essential hypertension (disorder),1,500
2010-07-01,Essential hypertension (disorder),1,500
2010-08-01,Essential hypertension (disorder),1,500
2010-09-01,Essential hypertension (disorder),1,500
2010-10-01,Essential hypertension (disorder),2,1000
2010-11-01,Essential hypertension (disorder),1,500
2011-01-01,Essential hypertension (disorder),1,500
2011-02-01,Essential hypertension (disorder),3,1500
2011-03-01,Essential hypertension (disorder),1,500
2011-04-01,Essential hypertension (disorder),1,500
2011-05-01,Essential hypertension (disorder),1,500
2011-06-01,Essential hypertension (disorder),2,1000
2011-07-01,Essential hypertension (disorder),2,1000
2011-09-01,Essential hypertension (disorder),1,500
2011-11-01,Essential hypertension (disorder),1,500
2012-05-01,Essential hypertension (disorder),1,500
2012-06-01,Essential hypertension (disorder),1,500
2012-07-01,Essential hypertension (disorder),2,1000
2012-08-01,Essential hypertension (disorder),1,500
2012-10-01,Essential hypertension (disorder),1,500
2012-11-01,Essential hypertension (disorder),3,1500
2012-12-01,Essential hypertension (disorder),2,1000
2013-01-01,Essential hypertension (disorder),5,2500
2013-03-01,Essential hypertension (disorder),1,500
2013-04-01,Essential hypertension (disorder),1,500
2013-05-01,Essential hypertension (disorder),2,1000
2013-07-01,Essential hypertension (disorder),3,1500
2013-08-01,Essential hypertension (disorder),1,500
2013-10-01,Essential hypertension (disorder),3,1500
2013-11-01,Essential hypertension (disorder),1,500
2014-01-01,Essential hypertension (disorder),2,1000
2014-02-01,Essential hypertension (disorder),4,2000
2014-04-01,Essential hypertension (disorder),2,1000
2014-05-01,Essential hypertension (disorder),1,500
2014-08-01,Essential hypertension (disorder),2,1000
2014-09-01,Essential hypertension (disorder),1,500
2014-11-01,Essential hypertension (disorder),1,500
2015-02-01,Essential hypertension (disorder),1,500
2015-03-01,Essential hypertension (disorder),2,1000
2015-05-01,Essential hypertension (disorder),3,1500
2015-06-01,Essential hypertension (disorder),3,1500
2015-07-01,Essential hypertension (disorder),1,500
2015-12-01,Essential hypertension (disorder),1,500
2016-01-01,Essential hypertension (disorder),1,500
2016-02-01,Essential hypertension (disorder),1,500
2016-03-01,Essential hypertension (disorder),2,1000
2016-04-01,Essential hypertension (disorder),2,1000
2016-05-01,Essential hypertension (disorder),1,500
2016-06-01,Essential hypertension (disorder),2,1000
2016-09-01,Essential hypertension (disorder),1,500
2016-10-01,Essential hypertension (disorder),5,2500
2017-07-01,Essential hypertension (disorder),1,500
2017-08-01,Essential hypertension (disorder),1,500
2017-09-01,Essential hypertension (disorder),1,500
2017-10-01,Essential hypertension (disorder),2,1000
2017-11-01,Essential hypertension (disorder),2,1000
2017-12-01,Essential hypertension (disorder),1,500
2018-01-01,Essential hypertension (disorder),1,500
2018-03-01,Essential hypertension (disorder),3,1500
2018-08-01,Essential hypertension (disorder),4,2000
2018-09-01,Essential hypertension (disorder),1,500
2018-11-01,Essential hypertension (disorder),2,1000
2018-12-01,Essential hypertension (disorder),1,500
2019-01-01,Essential hypertension (disorder),1,500
2019-03-01,Essential hypertension (disorder),3,1500
2019-05-01,Essential hypertension (disorder),1,500
2019-07-01,Essential hypertension (disorder),2,1000
2019-09-01,Essential hypertension (disorder),2,1000
2019-11-01,Essential hypertension (disorder),2,1000
2019-12-01,Essential hypertension (disorder),1,500
2020-01-01,Essential hypertension (disorder),1,500
2020-02-01,Essential hypertension (disorder),1,500
2020-03-01,Essential hypertension (disorder),3,1500
2020-04-01,Essential hypertension (disorder),1,500
2020-05-01,Essential hypertension (disorder),1,500
2020-06-01,Essential hypertension (disorder),1,500
2020-07-01,Essential hypertension (disorder),3,1500
2020-08-01,Essential hypertension (disorder),3,1500
2020-09-01,Essential hypertension (disorder),2,1000
2020-10-01,Essential hypertension (disorder),1,500
2020-11-01,Essential hypertension (disorder),1,500
2020-12-01,Essential hypertension (disorder),1,500
2021-02-01,Essential hypertension (disorder),1,500
2021-03-01,Essential hypertension (disorder),2,1000
2021-05-01,Essential hypertension (disorder),4,2000
2021-06-01,Essential hypertension (disorder),3,1500
2021-08-01,Essential hypertension (disorder),1,500
2021-09-01,Essential hypertension (disorder),3,1500
2021-10-01,Essential hypertension (disorder),1,500
2021-12-01,Essential hypertension (disorder),3,1500
2022-01-01,Essential hypertension (disorder),1,500
2022-02-01,Essential hypertension (disorder),1,500
2022-03-01,Essential hypertension (disorder),5,2500
2022-04-01,Essential hypertension (disorder),1,500
2022-05-01,Essential hypertension (disorder),1,500
2022-07-01,Essential hypertension (disorder),1,500
2022-09-01,Essential hypertension (disorder),1,500
2022-10-01,Essential hypertension (disorder),1,500
2022-11-01,Essential hypertension (disorder),3,1500
2022-12-01,Essential hypertension (disorder),3,1500
2023-04-01,Essential hypertension (disorder),2,1000
2023-05-01,Essential hypertension (disorder),1,500
2023-07-01,Essential hypertension (disorder),1,500
2023-08-01,Essential hypertension (disorder),2,1000
2023-10-01,Essential hypertension (disorder),2,1000
2023-11-01,Essential hypertension (disorder),1,500
2023-12-01,Essential hypertension (disorder),1,500
2024-01-01,Essential hypertension (disorder),1,500
2024-02-01,Essential hypertension (disorder),2,1000
2024-04-01,Essential hypertension (disorder),2,1000
2024-05-01,Essential hypertension (disorder),1,500
2024-06-01,Essential hypertension (disorder),1,500
2024-07-01,Essential hypertension (disorder),2,1000
2024-09-01,Essential hypertension (disorder),1,500
2024-11-01,Essential hypertension (disorder),2,1000
2025-01-01,Essential hypertension (disorder),1,500
2025-03-01,Essential hypertension (disorder),2,1000
2025-04-01,Essential hypertension (disorder),2,1000
2025-05-01,Essential hypertension (disorder),1,500
2025-08-01,Essential hypertension (disorder),2,1000
2025-10-01,Essential hypertension (disorder),2,1000
2025-11-01,Essential hypertension (disorder),1,500
2025-12-01,Essential hypertension (disorder),1,500
2026-01-01,Essential hypertension (disorder),2,1000
1934-11-01,Full-time employment (finding),1,500
1942-12-01,Full-time employment (finding),1,500
1944-12-01,Full-time employment (finding),1,500
1945-09-01,Full-time employment (finding),1,500
1946-06-01,Full-time employment (finding),1,500
1947-08-01,Full-time employment (finding),1,500
1947-10-01,Full-time employment (finding),1,500
1952-02-01,Full-time employment (finding),1,500
1955-05-01,Full-time employment (finding),1,500
1955-12-01,Full-time employment (finding),1,500
1956-07-01,Full-time employment (finding),1,500
1957-08-01,Full-time employment (finding),1,500
1961-07-01,Full-time employment (finding),1,500
1962-02-01,Full-time employment (finding),1,500
1962-04-01,Full-time employment (finding),1,500
1962-07-01,Full-time employment (finding),2,1000
1964-03-01,Full-time employment (finding),1,500
1965-05-01,Full-time employment (finding),1,500
1965-10-01,Full-time employment (finding),1,500
1966-05-01,Full-time employment (finding),1,500
1967-08-01,Full-time employment (finding),1,500
1968-03-01,Full-time employment (finding),1,500
1968-04-01,Full-time employment (finding),1,500
1969-05-01,Full-time employment (finding),1,500
1969-07-01,Full-time employment (finding),1,500
1969-11-01,Full-time employment (finding),1,500
1970-01-01,Full-time employment (finding),1,500
1970-03-01,Full-time employment (finding),1,500
1970-04-01,Full-time employment (finding),1,500
1970-11-01,Full-time employment (finding),1,500
1971-03-01,Full-time employment (finding),1,500
1971-05-01,Full-time employment (finding),1,500
1971-07-01,Full-time employment (finding),1,500
1972-02-01,Full-time employment (finding),1,500
1972-04-01,Full-time employment (finding),1,500
1972-11-01,Full-time employment (finding),1,500
1973-05-01,Full-time employment (finding),1,500
1973-12-01,Full-time employment (finding),1,500
1974-02-01,Full-time employment (finding),1,500
1974-04-01,Full-time employment (finding),1,500
1974-09-01,Full-time employment (finding),1,500
1974-10-01,Full-time employment (finding),1,500
1974-11-01,Full-time employment (finding),1,500
1975-01-01,Full-time employment (finding),1,500
1975-02-01,Full-time employment (finding),2,1000
1975-05-01,Full-time employment (finding),1,500
1975-07-01,Full-time employment (finding),2,1000
1975-12-01,Full-time employment (finding),1,500
1976-01-01,Full-time employment (finding),1,500
1976-03-01,Full-time employment (finding),1,500
1976-06-01,Full-time employment (finding),1,500
1976-08-01,Full-time employment (finding),1,500
1976-09-01,Full-time employment (finding),1,500
1976-10-01,Full-time employment (finding),1,500
1977-05-01,Full-time employment (finding),1,500
1977-08-01,Full-time employment (finding),1,500
1977-09-01,Full-time employment (finding),1,500
1977-10-01,Full-time employment (finding),1,500
1977-12-01,Full-time employment (finding),2,1000
1978-01-01,Full-time employment (finding),1,500
1978-05-01,Full-time employment (finding),1,500
1978-07-01,Full-time employment (finding),2,1000
1978-08-01,Full-time employment (finding),1,500
1978-12-01,Full-time employment (finding),1,500
1979-01-01,Full-time employment (finding),1,500
1979-03-01,Full-time employment (finding),1,500
1979-04-01,Full-time employment (finding),1,500
1979-05-01,Full-time employment (finding),1,500
1979-06-01,Full-time employment (finding),1,500
1979-07-01,Full-time employment (finding),1,500
1979-09-01,Full-time employment (finding),1,500
1979-11-01,Full-time employment (finding),1,500
1979-12-01,Full-time employment (finding),2,1000
1980-01-01,Full-time employment (finding),1,500
1980-09-01,Full-time employment (finding),1,500
1980-10-01,Full-time employment (finding),1,500
1980-11-01,Full-time employment (finding),1,500
1980-12-01,Full-time employment (finding),2,1000
1981-01-01,Full-time employment (finding),1,500
1981-02-01,Full-time employment (finding),1,500
1981-04-01,Full-time employment (finding),1,500
1981-05-01,Full-time employment (finding),1,500
1981-06-01,Full-time employment (finding),1,500
1981-07-01,Full-time employment (finding),1,500
1981-09-01,Full-time employment (finding),2,1000
1981-11-01,Full-time employment (finding),1,500
1982-01-01,Full-time employment (finding),1,500
1982-02-01,Full-time employment (finding),1,500
1982-07-01,Full-time employment (finding),1,500
1982-08-01,Full-time employment (finding),1,500
1982-09-01,Full-time employment (finding),1,500
1982-10-01,Full-time employment (finding),1,500
1982-12-01,Full-time employment (finding),5,2500
1983-01-01,Full-time employment (finding),2,1000
1983-02-01,Full-time employment (finding),1,500
1983-03-01,Full-time employment (finding),1,500
1983-04-01,Full-time employment (finding),1,500
1983-05-01,Full-time employment (finding),1,500
1983-08-01,Full-time employment (finding),3,1500
1983-10-01,Full-time employment (finding),2,1000
1983-12-01,Full-time employment (finding),2,1000
1984-04-01,Full-time employment (finding),1,500
1984-06-01,Full-time employment (finding),2,1000
1984-07-01,Full-time employment (finding),2,1500
1984-08-01,Full-time employment (finding),1,500
1984-10-01,Full-time employment (finding),1,500
1984-11-01,Full-time employment (finding),1,500
1984-12-01,Full-time employment (finding),1,500
1985-01-01,Full-time employment (finding),2,1000
1985-02-01,Full-time employment (finding),2,1000
1985-03-01,Full-time employment (finding),2,1000
1985-05-01,Full-time employment (finding),1,500
1985-06-01,Full-time employment (finding),1,500
1985-09-01,Full-time employment (finding),1,500
1985-11-01,Full-time employment (finding),2,1000
1985-12-01,Full-time employment (finding),2,1000
1986-02-01,Full-time employment (finding),3,1500
1986-03-01,Full-time employment (finding),1,500
1986-05-01,Full-time employment (finding),2,1000
1986-06-01,Full-time employment (finding),2,1000
1986-08-01,Full-time employment (finding),1,500
1986-11-01,Full-time employment (finding),1,500
1986-12-01,Full-time employment (finding),3,1500
1987-01-01,Full-time employment (finding),1,500
1987-03-01,Full-time employment (finding),2,1000
1987-04-01,Full-time employment (finding),1,500
1987-06-01,Full-time employment (finding),1,500
1987-07-01,Full-time employment (finding),2,1000
1987-08-01,Full-time employment (finding),1,500
1987-09-01,Full-time employment (finding),2,1000
1987-11-01,Full-time employment (finding),2,1000
1988-01-01,Full-time employment (finding),2,1000
1988-02-01,Full-time employment (finding),3,1500
1988-03-01,Full-time employment (finding),4,2000
1988-04-01,Full-time employment (finding),1,500
1988-05-01,Full-time employment (finding),1,500
1988-07-01,Full-time employment (finding),2,1000
1988-08-01,Full-time employment (finding),1,500
1988-09-01,Full-time employment (finding),2,1000
1988-12-01,Full-time employment (finding),4,2000
1989-01-01,Full-time employment (finding),1,500
1989-03-01,Full-time employment (finding),6,3000
1989-05-01,Full-time employment (finding),2,1000
1989-06-01,Full-time employment (finding),3,1500
1989-08-01,Full-time employment (finding),1,500
1989-09-01,Full-time employment (finding),2,1000
1989-12-01,Full-time employment (finding),2,1000
1990-01-01,Full-time employment (finding),2,1000
1990-03-01,Full-time employment (finding),3,1500
1990-07-01,Full-time employment (finding),1,500
1990-08-01,Full-time employment (finding),1,500
1990-09-01,Full-time employment (finding),2,1000
1990-10-01,Full-time employment (finding),1,500
1990-11-01,Full-time employment (finding),1,500
1990-12-01,Full-time employment (finding),1,500
1991-01-01,Full-time employment (finding),1,500
1991-02-01,Full-time employment (finding),2,1000
1991-03-01,Full-time employment (finding),1,500
1991-04-01,Full-time employment (finding),2,1000
1991-05-01,Full-time employment (finding),3,1500
1991-06-01,Full-time employment (finding),4,2000
1991-08-01,Full-time employment (finding),1,500
1991-09-01,Full-time employment (finding),3,1500
1991-10-01,Full-time employment (finding),1,500
1991-12-01,Full-time employment (finding),1,500
1992-01-01,Full-time employment (finding),1,500
1992-03-01,Full-time employment (finding),1,500
1992-07-01,Full-time employment (finding),1,500
1992-08-01,Full-time employment (finding),3,1500
1992-09-01,Full-time employment (finding),1,500
1992-12-01,Full-time employment (finding),3,1500
1993-01-01,Full-time employment (finding),2,1000
1993-03-01,Full-time employment (finding),2,1000
1993-05-01,Full-time employment (finding),2,1000
1993-06-01,Full-time employment (finding),1,500
1993-07-01,Full-time employment (finding),2,1000
1993-08-01,Full-time employment (finding),3,1500
1993-09-01,Full-time employment (finding),2,1000
1993-11-01,Full-time employment (finding),1,500
1993-12-01,Full-time employment (finding),2,1000
1994-01-01,Full-time employment (finding),2,1000
1994-02-01,Full-time employment (finding),2,1000
1994-03-01,Full-time employment (finding),2,1000
1994-04-01,Full-time employment (finding),3,1500
1994-05-01,Full-time employment (finding),3,1500
1994-06-01,Full-time employment (finding),2,1000
1994-07-01,Full-time employment (finding),1,500
1994-08-01,Full-time employment (finding),2,1000
1994-10-01,Full-time employment (finding),2,1000
1994-11-01,Full-time employment (finding),1,500
1994-12-01,Full-time employment (finding),2,1000
1995-01-01,Full-time employment (finding),2,1000
1995-03-01,Full-time employment (finding),1,500
1995-04-01,Full-time employment (finding),1,500
1995-05-01,Full-time employment (finding),2,1000
1995-06-01,Full-time employment (finding),3,1500
1995-07-01,Full-time employment (finding),3,1500
1995-08-01,Full-time employment (finding),1,500
1995-09-01,Full-time employment (finding),5,2500
1995-10-01,Full-time employment (finding),1,500
1995-12-01,Full-time employment (finding),1,500
1996-01-01,Full-time employment (finding),5,2500
1996-02-01,Full-time employment (finding),2,1000
1996-03-01,Full-time employment (finding),2,1000
1996-04-01,Full-time employment (finding),5,2500
1996-06-01,Full-time employment (finding),3,1500
1996-07-01,Full-time employment (finding),4,2000
1996-08-01,Full-time employment (finding),2,1000
1996-09-01,Full-time employment (finding),3,1500
1996-10-01,Full-time employment (finding),4,2000
1996-11-01,Full-time employment (finding),3,1500
1996-12-01,Full-time employment (finding),1,500
1997-01-01,Full-time employment (finding),1,500
1997-02-01,Full-time employment (finding),3,1500
1997-03-01,Full-time employment (finding),5,2500
1997-04-01,Full-time employment (finding),3,1500
1997-05-01,Full-time employment (finding),1,500
1997-06-01,Full-time employment (finding),2,1000
1997-07-01,Full-time employment (finding),4,2000
1997-08-01,Full-time employment (finding),2,1000
1997-09-01,Full-time employment (finding),2,1000
1997-10-01,Full-time employment (finding),3,1500
1997-11-01,Full-time employment (finding),2,1000
1997-12-01,Full-time employment (finding),2,1000
1998-01-01,Full-time employment (finding),3,1500
1998-02-01,Full-time employment (finding),2,1000
1998-03-01,Full-time employment (finding),2,1000
1998-04-01,Full-time employment (finding),1,500
1998-05-01,Full-time employment (finding),1,500
1998-06-01,Full-time employment (finding),1,500
1998-07-01,Full-time employment (finding),1,500
1998-08-01,Full-time employment (finding),1,500
1998-09-01,Full-time employment (finding),4,2000
1998-10-01,Full-time employment (finding),5,2500
1998-11-01,Full-time employment (finding),3,1500
1998-12-01,Full-time employment (finding),1,500
1999-01-01,Full-time employment (finding),3,1500
1999-02-01,Full-time employment (finding),1,500
1999-03-01,Full-time employment (finding),3,1500
1999-04-01,Full-time employment (finding),1,500
1999-05-01,Full-time employment (finding),3,1500
1999-06-01,Full-time employment (finding),4,2000
1999-07-01,Full-time employment (finding),1,500
1999-08-01,Full-time employment (finding),1,500
1999-09-01,Full-time employment (finding),3,1500
1999-10-01,Full-time employment (finding),5,3000
1999-11-01,Full-time employment (finding),4,2000
1999-12-01,Full-time employment (finding),4,2000
2000-01-01,Full-time employment (finding),3,1500
2000-02-01,Full-time employment (finding),2,1000
2000-03-01,Full-time employment (finding),7,3500
2000-04-01,Full-time employment (finding),1,500
2000-05-01,Full-time employment (finding),1,500
2000-06-01,Full-time employment (finding),1,500
2000-07-01,Full-time employment (finding),1,500
2000-08-01,Full-time employment (finding),2,1000
2000-09-01,Full-time employment (finding),1,500
2000-10-01,Full-time employment (finding),3,1500
2000-11-01,Full-time employment (finding),3,1500
2000-12-01,Full-time employment (finding),4,2000
2001-01-01,Full-time employment (finding),2,1000
2001-02-01,Full-time employment (finding),2,1000
2001-03-01,Full-time employment (finding),2,1000
2001-04-01,Full-time employment (finding),2,1000
2001-05-01,Full-time employment (finding),2,1000
2001-06-01,Full-time employment (finding),1,500
2001-07-01,Full-time employment (finding),3,1500
2001-08-01,Full-time employment (finding),2,1500
2001-09-01,Full-time employment (finding),2,1000
2001-10-01,Full-time employment (finding),2,1000
2001-11-01,Full-time employment (finding),2,1000
2001-12-01,Full-time employment (finding),1,500
2002-01-01,Full-time employment (finding),4,2000
2002-02-01,Full-time employment (finding),1,500
2002-03-01,Full-time employment (finding),1,500
2002-04-01,Full-time employment (finding),2,1000
2002-05-01,Full-time employment (finding),5,2500
2002-06-01,Full-time employment (finding),1,500
2002-07-01,Full-time employment (finding),2,1000
2002-08-01,Full-time employment (finding),4,2000
2002-09-01,Full-time employment (finding),2,1000
2002-10-01,Full-time employment (finding),1,500
2003-01-01,Full-time employment (finding),2,1000
2003-02-01,Full-time employment (finding),2,1000
2003-03-01,Full-time employment (finding),3,1500
2003-04-01,Full-time employment (finding),1,500
2003-05-01,Full-time employment (finding),3,1500
2003-06-01,Full-time employment (finding),8,4000
2003-07-01,Full-time employment (finding),2,1000
2003-08-01,Full-time employment (finding),7,3500
2003-09-01,Full-time employment (finding),4,2000
2003-10-01,Full-time employment (finding),1,500
2003-11-01,Full-time employment (finding),2,1000
2003-12-01,Full-time employment (finding),3,1500
2004-01-01,Full-time employment (finding),4,2000
2004-02-01,Full-time employment (finding),6,3000
2004-03-01,Full-time employment (finding),4,2000
2004-04-01,Full-time employment (finding),4,2000
2004-05-01,Full-time employment (finding),4,2000
2004-06-01,Full-time employment (finding),5,2500
2004-07-01,Full-time employment (finding),3,1500
2004-08-01,Full-time employment (finding),5,2500
2004-09-01,Full-time employment (finding),3,1500
2004-10-01,Full-time employment (finding),3,1500
2004-11-01,Full-time employment (finding),9,4500
2004-12-01,Full-time employment (finding),1,500
2005-01-01,Full-time employment (finding),2,1000
2005-02-01,Full-time employment (finding),6,3000
2005-03-01,Full-time employment (finding),3,1500
2005-04-01,Full-time employment (finding),5,2500
2005-05-01,Full-time employment (finding),1,500
2005-06-01,Full-time employment (finding),4,2000
2005-07-01,Full-time employment (finding),6,3000
2005-08-01,Full-time employment (finding),4,2000
2005-09-01,Full-time employment (finding),7,3500
2005-10-01,Full-time employment (finding),5,2500
2005-11-01,Full-time employment (finding),2,1000
2005-12-01,Full-time employment (finding),7,3500
2006-01-01,Full-time employment (finding),1,500
2006-02-01,Full-time employment (finding),6,3000
2006-03-01,Full-time employment (finding),6,3000
2006-04-01,Full-time employment (finding),6,3000
2006-06-01,Full-time employment (finding),11,5500
2006-07-01,Full-time employment (finding),3,1500
2006-08-01,Full-time employment (finding),3,1500
2006-09-01,Full-time employment (finding),4,2000
2006-10-01,Full-time employment (finding),5,2500
2006-11-01,Full-time employment (finding),5,2500
2006-12-01,Full-time employment (finding),2,1000
2007-01-01,Full-time employment (finding),5,2500
2007-02-01,Full-time employment (finding),6,3000
2007-03-01,Full-time employment (finding),1,500
2007-04-01,Full-time employment (finding),4,2000
2007-05-01,Full-time employment (finding),6,3000
2007-06-01,Full-time employment (finding),4,2000
2007-07-01,Full-time employment (finding),5,2500
2007-08-01,Full-time employment (finding),7,3500
2007-09-01,Full-time employment (finding),4,2000
2007-10-01,Full-time employment (finding),1,500
2007-11-01,Full-time employment (finding),5,2500
2007-12-01,Full-time employment (finding),1,500
2008-01-01,Full-time employment (finding),4,2000
2008-02-01,Full-time employment (finding),2,1000
2008-03-01,Full-time employment (finding),4,2000
2008-04-01,Full-time employment (finding),8,4000
2008-05-01,Full-time employment (finding),5,2500
2008-06-01,Full-time employment (finding),3,1500
2008-07-01,Full-time employment (finding),8,4000
2008-08-01,Full-time employment (finding),10,5000
2008-09-01,Full-time employment (finding),2,1000
2008-10-01,Full-time employment (finding),5,2500
2008-11-01,Full-time employment (finding),3,1500
2008-12-01,Full-time employment (finding),1,500
2009-01-01,Full-time employment (finding),5,2500
2009-02-01,Full-time employment (finding),6,3000
2009-03-01,Full-time employment (finding),2,1000
2009-04-01,Full-time employment (finding),5,2500
2009-05-01,Full-time employment (finding),4,2000
2009-06-01,Full-time employment (finding),3,1500
2009-07-01,Full-time employment (finding),6,3000
2009-08-01,Full-time employment (finding),6,3000
2009-09-01,Full-time employment (finding),5,2500
2009-10-01,Full-time employment (finding),7,3500
2009-11-01,Full-time employment (finding),4,2000
2009-12-01,Full-time employment (finding),8,4000
2010-01-01,Full-time employment (finding),11,5500
2010-02-01,Full-time employment (finding),4,2000
2010-03-01,Full-time employment (finding),5,2500
2010-04-01,Full-time employment (finding),7,3500
2010-05-01,Full-time employment (finding),8,4000
2010-06-01,Full-time employment (finding),9,4500
2010-07-01,Full-time employment (finding),12,6000
2010-08-01,Full-time employment (finding),11,5500
2010-09-01,Full-time employment (finding),4,2000
2010-10-01,Full-time employment (finding),11,5500
2010-11-01,Full-time employment (finding),7,3500
2010-12-01,Full-time employment (finding),9,4500
2011-01-01,Full-time employment (finding),10,5000
2011-02-01,Full-time employment (finding),7,3500
2011-03-01,Full-time employment (finding),11,5500
2011-04-01,Full-time employment (finding),8,4000
2011-05-01,Full-time employment (finding),5,2500
2011-06-01,Full-time employment (finding),5,2500
2011-07-01,Full-time employment (finding),11,5500
2011-08-01,Full-time employment (finding),4,2000
2011-09-01,Full-time employment (finding),12,6000
2011-10-01,Full-time employment (finding),6,3000
2011-11-01,Full-time employment (finding),8,4000
2011-12-01,Full-time employment (finding),6,3000
2012-01-01,Full-time employment (finding),10,5000
2012-02-01,Full-time employment (finding),5,2500
2012-03-01,Full-time employment (finding),10,5000
2012-04-01,Full-time employment (finding),8,4000
2012-05-01,Full-time employment (finding),15,7500
2012-06-01,Full-time employment (finding),13,6500
2012-07-01,Full-time employment (finding),9,4500
2012-08-01,Full-time employment (finding),12,6000
2012-09-01,Full-time employment (finding),5,2500
2012-10-01,Full-time employment (finding),10,5000
2012-11-01,Full-time employment (finding),12,6000
2012-12-01,Full-time employment (finding),12,6000
2013-01-01,Full-time employment (finding),12,6000
2013-02-01,Full-time employment (finding),9,4500
2013-03-01,Full-time employment (finding),7,3500
2013-04-01,Full-time employment (finding),7,3500
2013-05-01,Full-time employment (finding),17,8500
2013-06-01,Full-time employment (finding),11,5500
2013-07-01,Full-time employment (finding),13,6500
2013-08-01,Full-time employment (finding),10,5000
2013-09-01,Full-time employment (finding),13,6500
2013-10-01,Full-time employment (finding),14,7000
2013-11-01,Full-time employment (finding),10,5000
2013-12-01,Full-time employment (finding),15,7500
2014-01-01,Full-time employment (finding),10,5000
2014-02-01,Full-time employment (finding),25,12500
2014-03-01,Full-time employment (finding),17,8500
2014-04-01,Full-time employment (finding),15,7500
2014-05-01,Full-time employment (finding),19,9500
2014-06-01,Full-time employment (finding),9,4500
2014-07-01,Full-time employment (finding),17,8500
2014-08-01,Full-time employment (finding),18,9000
2014-09-01,Full-time employment (finding),20,10000
2014-10-01,Full-time employment (finding),10,5000
2014-11-01,Full-time employment (finding),11,5500
2014-12-01,Full-time employment (finding),14,7000
2015-01-01,Full-time employment (finding),17,8500
2015-02-01,Full-time employment (finding),33,16500
2015-03-01,Full-time employment (finding),19,9500
2015-04-01,Full-time employment (finding),18,9000
2015-05-01,Full-time employment (finding),19,9500
2015-06-01,Full-time employment (finding),20,10000
2015-07-01,Full-time employment (finding),23,11500
2015-08-01,Full-time employment (finding),19,9500
2015-09-01,Full-time employment (finding),19,9500
2015-10-01,Full-time employment (finding),23,11500
2015-11-01,Full-time employment (finding),11,5500
2015-12-01,Full-time employment (finding),19,9500
2016-01-01,Full-time employment (finding),25,12500
2016-02-01,Full-time employment (finding),35,17500
2016-03-01,Full-time employment (finding),37,18500
2016-04-01,Full-time employment (finding),26,13000
2016-05-01,Full-time employment (finding),28,14000
2016-06-01,Full-time employment (finding),21,10500
2016-07-01,Full-time employment (finding),29,14500
2016-08-01,Full-time employment (finding),36,18000
2016-09-01,Full-time employment (finding),19,9500
2016-10-01,Full-time employment (finding),25,12500
2016-11-01,Full-time employment (finding),15,7500
2016-12-01,Full-time employment (finding),24,12000
2017-01-01,Full-time employment (finding),16,8000
2017-02-01,Full-time employment (finding),17,8500
2017-03-01,Full-time employment (finding),33,16500
2017-04-01,Full-time employment (finding),23,11500
2017-05-01,Full-time employment (finding),29,14500
2017-06-01,Full-time employment (finding),36,18000
2017-07-01,Full-time employment (finding),35,17500
2017-08-01,Full-time employment (finding),33,16500
2017-09-01,Full-time employment (finding),15,7500
2017-10-01,Full-time employment (finding),24,12000
2017-11-01,Full-time employment (finding),28,14000
2017-12-01,Full-time employment (finding),27,13500
2018-01-01,Full-time employment (finding),21,10500
2018-02-01,Full-time employment (finding),24,12000
2018-03-01,Full-time employment (finding),46,23000
2018-04-01,Full-time employment (finding),25,12500
2018-05-01,Full-time employment (finding),29,14500
2018-06-01,Full-time employment (finding),24,12000
2018-07-01,Full-time employment (finding),35,17500
2018-08-01,Full-time employment (finding),33,16500
2018-09-01,Full-time employment (finding),20,10000
2018-10-01,Full-time employment (finding),23,11500
2018-11-01,Full-time employment (finding),26,13000
2018-12-01,Full-time employment (finding),20,10000
2019-01-01,Full-time employment (finding),23,11500
2019-02-01,Full-time employment (finding),19,9500
2019-03-01,Full-time employment (finding),37,18500
2019-04-01,Full-time employment (finding),17,8500
2019-05-01,Full-time employment (finding),25,12500
2019-06-01,Full-time employment (finding),28,14000
2019-07-01,Full-time employment (finding),27,13500
2019-08-01,Full-time employment (finding),40,20000
2019-09-01,Full-time employment (finding),18,9000
2019-10-01,Full-time employment (finding),27,14000
2019-11-01,Full-time employment (finding),27,13500
2019-12-01,Full-time employment (finding),21,10500
2020-01-01,Full-time employment (finding),21,10500
2020-02-01,Full-time employment (finding),21,10500
2020-03-01,Full-time employment (finding),44,22000
2020-04-01,Full-time employment (finding),29,14500
2020-05-01,Full-time employment (finding),25,12500
2020-06-01,Full-time employment (finding),35,17500
2020-07-01,Full-time employment (finding),30,15000
2020-08-01,Full-time employment (finding),22,11000
2020-09-01,Full-time employment (finding),24,12000
2020-10-01,Full-time employment (finding),25,12500
2020-11-01,Full-time employment (finding),24,12000
2020-12-01,Full-time employment (finding),36,18000
2021-01-01,Full-time employment (finding),24,12000
2021-02-01,Full-time employment (finding),24,12000
2021-03-01,Full-time employment (finding),46,23000
2021-04-01,Full-time employment (finding),30,15000
2021-05-01,Full-time employment (finding),30,15000
2021-06-01,Full-time employment (finding),29,14500
2021-07-01,Full-time employment (finding),29,14500
2021-08-01,Full-time employment (finding),32,16000
2021-09-01,Full-time employment (finding),34,17000
2021-10-01,Full-time employment (finding),32,16000
2021-11-01,Full-time employment (finding),22,11000
2021-12-01,Full-time employment (finding),26,13000
2022-01-01,Full-time employment (finding),26,13000
2022-02-01,Full-time employment (finding),21,10500
2022-03-01,Full-time employment (finding),37,18500
2022-04-01,Full-time employment (finding),47,23500
2022-05-01,Full-time employment (finding),34,17000
2022-06-01,Full-time employment (finding),25,12500
2022-07-01,Full-time employment (finding),26,13000
2022-08-01,Full-time employment (finding),30,15000
2022-09-01,Full-time employment (finding),33,16500
2022-10-01,Full-time employment (finding),29,14500
2022-11-01,Full-time employment (finding),27,13500
2022-12-01,Full-time employment (finding),33,16500
2023-01-01,Full-time employment (finding),34,17000
2023-02-01,Full-time employment (finding),28,14000
2023-03-01,Full-time employment (finding),32,16000
2023-04-01,Full-time employment (finding),53,26500
2023-05-01,Full-time employment (finding),31,15500
2023-06-01,Full-time employment (finding),26,13000
2023-07-01,Full-time employment (finding),31,15500
2023-08-01,Full-time employment (finding),33,16500
2023-09-01,Full-time employment (finding),32,16000
2023-10-01,Full-time employment (finding),31,15500
2023-11-01,Full-time employment (finding),27,13500
2023-12-01,Full-time employment (finding),30,15000
2024-01-01,Full-time employment (finding),33,16500
2024-02-01,Full-time employment (finding),20,10000
2024-03-01,Full-time employment (finding),27,13500
2024-04-01,Full-time employment (finding),53,26500
2024-05-01,Full-time employment (finding),41,21000
2024-06-01,Full-time employment (finding),21,10500
2024-07-01,Full-time employment (finding),39,19500
2024-08-01,Full-time employment (finding),31,15500
2024-09-01,Full-time employment (finding),29,14500
2024-10-01,Full-time employment (finding),31,15500
2024-11-01,Full-time employment (finding),39,19500
2024-12-01,Full-time employment (finding),30,15000
2025-01-01,Full-time employment (finding),28,14000
2025-02-01,Full-time employment (finding),29,14500
2025-03-01,Full-time employment (finding),40,20000
2025-04-01,Full-time employment (finding),35,17500
2025-05-01,Full-time employment (finding),32,16000
2025-06-01,Full-time employment (finding),29,14500
2025-07-01,Full-time employment (finding),31,15500
2025-08-01,Full-time employment (finding),33,16500
2025-09-01,Full-time employment (finding),36,18000
2025-10-01,Full-time employment (finding),32,16000
2025-11-01,Full-time employment (finding),30,15000
2025-12-01,Full-time employment (finding),26,13000
2026-01-01,Full-time employment (finding),31,15500
1939-08-01,Gingival disease (disorder),1,500
1949-07-01,Gingival disease (disorder),1,500
1952-08-01,Gingival disease (disorder),1,500
1957-09-01,Gingival disease (disorder),1,500
1962-08-01,Gingival disease (disorder),1,500
1966-10-01,Gingival disease (disorder),1,500
1967-10-01,Gingival disease (disorder),1,500
1968-04-01,Gingival disease (disorder),1,500
1970-04-01,Gingival disease (disorder),1,500
1971-03-01,Gingival disease (disorder),1,500
1971-07-01,Gingival disease (disorder),1,500
1974-01-01,Gingival disease (disorder),1,500
1974-11-01,Gingival disease (disorder),1,500
1976-01-01,Gingival disease (disorder),1,500
1976-04-01,Gingival disease (disorder),1,500
1977-07-01,Gingival disease (disorder),1,500
1978-03-01,Gingival disease (disorder),1,500
1978-11-01,Gingival disease (disorder),1,500
1979-03-01,Gingival disease (disorder),1,500
1979-05-01,Gingival disease (disorder),1,500
1979-06-01,Gingival disease (disorder),1,500
1979-08-01,Gingival disease (disorder),1,500
1980-01-01,Gingival disease (disorder),1,500
1980-06-01,Gingival disease (disorder),1,500
1980-10-01,Gingival disease (disorder),1,500
1981-01-01,Gingival disease (disorder),2,1000
1981-02-01,Gingival disease (disorder),1,500
1982-10-01,Gingival disease (disorder),2,1000
1983-06-01,Gingival disease (disorder),1,500
1983-09-01,Gingival disease (disorder),1,500
1984-02-01,Gingival disease (disorder),1,500
1984-03-01,Gingival disease (disorder),2,1000
1984-07-01,Gingival disease (disorder),3,1500
1985-04-01,Gingival disease (disorder),1,500
1985-09-01,Gingival disease (disorder),1,500
1986-01-01,Gingival disease (disorder),1,500
1986-03-01,Gingival disease (disorder),1,500
1986-06-01,Gingival disease (disorder),1,500
1986-12-01,Gingival disease (disorder),1,500
1987-04-01,Gingival disease (disorder),1,500
1987-09-01,Gingival disease (disorder),1,500
1988-01-01,Gingival disease (disorder),2,1000
1988-02-01,Gingival disease (disorder),1,500
1988-03-01,Gingival disease (disorder),1,500
1988-04-01,Gingival disease (disorder),1,500
1988-05-01,Gingival disease (disorder),1,500
1988-07-01,Gingival disease (disorder),1,500
1989-01-01,Gingival disease (disorder),1,500
1989-02-01,Gingival disease (disorder),2,1000
1989-03-01,Gingival disease (disorder),2,1000
1989-05-01,Gingival disease (disorder),1,500
1989-08-01,Gingival disease (disorder),1,500
1989-09-01,Gingival disease (disorder),1,500
1990-01-01,Gingival disease (disorder),1,500
1990-02-01,Gingival disease (disorder),1,500
1990-03-01,Gingival disease (disorder),1,500
1991-02-01,Gingival disease (disorder),1,500
1991-07-01,Gingival disease (disorder),1,500
1991-08-01,Gingival disease (disorder),1,500
1991-09-01,Gingival disease (disorder),1,500
1992-03-01,Gingival disease (disorder),2,1000
1992-04-01,Gingival disease (disorder),2,1000
1992-08-01,Gingival disease (disorder),1,500
1993-01-01,Gingival disease (disorder),1,500
1993-04-01,Gingival disease (disorder),1,500
1993-09-01,Gingival disease (disorder),1,500
1993-10-01,Gingival disease (disorder),1,500
1993-12-01,Gingival disease (disorder),1,500
1994-01-01,Gingival disease (disorder),1,500
1994-04-01,Gingival disease (disorder),1,500
1994-05-01,Gingival disease (disorder),2,1000
1994-10-01,Gingival disease (disorder),1,500
1995-03-01,Gingival disease (disorder),1,500
1995-09-01,Gingival disease (disorder),2,1000
1995-10-01,Gingival disease (disorder),2,1000
1996-05-01,Gingival disease (disorder),1,500
1996-07-01,Gingival disease (disorder),1,500
1996-09-01,Gingival disease (disorder),1,500
1997-02-01,Gingival disease (disorder),1,500
1997-05-01,Gingival disease (disorder),1,500
1997-06-01,Gingival disease (disorder),1,500
1997-07-01,Gingival disease (disorder),1,500
1997-09-01,Gingival disease (disorder),1,500
1997-10-01,Gingival disease (disorder),1,500
1998-01-01,Gingival disease (disorder),1,500
1998-02-01,Gingival disease (disorder),1,500
1998-09-01,Gingival disease (disorder),1,500
1999-01-01,Gingival disease (disorder),1,500
1999-06-01,Gingival disease (disorder),1,500
1999-10-01,Gingival disease (disorder),1,500
1999-11-01,Gingival disease (disorder),1,500
1999-12-01,Gingival disease (disorder),1,500
2000-01-01,Gingival disease (disorder),1,500
2000-03-01,Gingival disease (disorder),1,500
2000-07-01,Gingival disease (disorder),1,500
2000-08-01,Gingival disease (disorder),1,500
2000-12-01,Gingival disease (disorder),1,500
2001-02-01,Gingival disease (disorder),2,1000
2001-03-01,Gingival disease (disorder),2,1000
2001-07-01,Gingival disease (disorder),1,500
2001-08-01,Gingival disease (disorder),1,500
2001-10-01,Gingival disease (disorder),1,500
2002-01-01,Gingival disease (disorder),1,500
2002-06-01,Gingival disease (disorder),1,500
2002-08-01,Gingival disease (disorder),1,500
2002-11-01,Gingival disease (disorder),1,500
2003-04-01,Gingival disease (disorder),1,500
2004-01-01,Gingival disease (disorder),2,1000
2004-03-01,Gingival disease (disorder),1,500
2004-04-01,Gingival disease (disorder),1,500
2004-05-01,Gingival disease (disorder),1,500
2004-06-01,Gingival disease (disorder),2,1000
2004-07-01,Gingival disease (disorder),4,2000
2004-09-01,Gingival disease (disorder),2,1000
2004-10-01,Gingival disease (disorder),1,500
2004-12-01,Gingival disease (disorder),1,500
2005-03-01,Gingival disease (disorder),2,1000
2005-04-01,Gingival disease (disorder),1,500
2005-05-01,Gingival disease (disorder),1,500
2005-07-01,Gingival disease (disorder),1,500
2005-08-01,Gingival disease (disorder),2,1000
2005-09-01,Gingival disease (disorder),1,500
2005-10-01,Gingival disease (disorder),1,500
2005-11-01,Gingival disease (disorder),1,500
2005-12-01,Gingival disease (disorder),1,500
2006-01-01,Gingival disease (disorder),1,500
2006-02-01,Gingival disease (disorder),1,500
2006-03-01,Gingival disease (disorder),2,1000
2006-04-01,Gingival disease (disorder),2,1000
2006-05-01,Gingival disease (disorder),1,500
2006-10-01,Gingival disease (disorder),2,1000
2006-11-01,Gingival disease (disorder),1,500
2006-12-01,Gingival disease (disorder),1,500
2007-01-01,Gingival disease (disorder),2,1000
2007-03-01,Gingival disease (disorder),1,500
2007-05-01,Gingival disease (disorder),1,500
2007-06-01,Gingival disease (disorder),3,1500
2008-04-01,Gingival disease (disorder),1,500
2008-05-01,Gingival disease (disorder),1,500
2008-07-01,Gingival disease (disorder),1,500
2008-12-01,Gingival disease (disorder),1,500
2009-04-01,Gingival disease (disorder),1,500
2009-05-01,Gingival disease (disorder),1,500
2009-06-01,Gingival disease (disorder),2,1000
2009-11-01,Gingival disease (disorder),1,500
2009-12-01,Gingival disease (disorder),1,500
2010-01-01,Gingival disease (disorder),1,500
2010-03-01,Gingival disease (disorder),1,500
2010-04-01,Gingival disease (disorder),1,500
2010-06-01,Gingival disease (disorder),1,500
2010-07-01,Gingival disease (disorder),1,500
2010-08-01,Gingival disease (disorder),1,500
2010-10-01,Gingival disease (disorder),1,500
2010-11-01,Gingival disease (disorder),1,500
2010-12-01,Gingival disease (disorder),5,2500
2011-01-01,Gingival disease (disorder),2,1000
2011-02-01,Gingival disease (disorder),4,2000
2011-03-01,Gingival disease (disorder),1,500
2011-05-01,Gingival disease (disorder),4,2000
2011-06-01,Gingival disease (disorder),1,500
2011-08-01,Gingival disease (disorder),2,1000
2011-09-01,Gingival disease (disorder),2,1000
2011-10-01,Gingival disease (disorder),1,500
2011-11-01,Gingival disease (disorder),3,1500
2012-02-01,Gingival disease (disorder),1,500
2012-03-01,Gingival disease (disorder),2,1000
2012-04-01,Gingival disease (disorder),2,1000
2012-06-01,Gingival disease (disorder),3,1500
2012-07-01,Gingival disease (disorder),2,1000
2012-08-01,Gingival disease (disorder),1,500
2012-09-01,Gingival disease (disorder),3,1500
2012-10-01,Gingival disease (disorder),3,1500
2012-12-01,Gingival disease (disorder),1,500
2013-07-01,Gingival disease (disorder),1,500
2013-11-01,Gingival disease (disorder),1,500
2013-12-01,Gingival disease (disorder),2,1000
2014-01-01,Gingival disease (disorder),1,500
2014-02-01,Gingival disease (disorder),1,500
2014-03-01,Gingival disease (disorder),2,1000
2014-04-01,Gingival disease (disorder),3,1500
2014-05-01,Gingival disease (disorder),3,1500
2014-06-01,Gingival disease (disorder),1,500
2014-07-01,Gingival disease (disorder),2,1000
2014-10-01,Gingival disease (disorder),2,1000
2014-11-01,Gingival disease (disorder),1,500
2014-12-01,Gingival disease (disorder),2,1000
2015-01-01,Gingival disease (disorder),2,1000
2015-03-01,Gingival disease (disorder),1,500
2015-04-01,Gingival disease (disorder),2,1000
2015-06-01,Gingival disease (disorder),2,1000
2015-07-01,Gingival disease (disorder),1,500
2015-09-01,Gingival disease (disorder),2,1000
2015-10-01,Gingival disease (disorder),3,1500
2015-12-01,Gingival disease (disorder),1,500
2016-01-01,Gingival disease (disorder),2,1000
2016-02-01,Gingival disease (disorder),4,2000
2016-03-01,Gingival disease (disorder),25,12500
2016-04-01,Gingival disease (disorder),10,5000
2016-05-01,Gingival disease (disorder),9,4500
2016-06-01,Gingival disease (disorder),13,6500
2016-07-01,Gingival disease (disorder),7,3500
2016-08-01,Gingival disease (disorder),10,5000
2016-09-01,Gingival disease (disorder),12,6000
2016-10-01,Gingival disease (disorder),16,8000
2016-11-01,Gingival disease (disorder),10,5000
2016-12-01,Gingival disease (disorder),11,5500
2017-01-01,Gingival disease (disorder),9,4500
2017-02-01,Gingival disease (disorder),11,5500
2017-03-01,Gingival disease (disorder),15,7500
2017-04-01,Gingival disease (disorder),8,4000
2017-05-01,Gingival disease (disorder),11,5500
2017-06-01,Gingival disease (disorder),13,6500
2017-07-01,Gingival disease (disorder),13,6500
2017-08-01,Gingival disease (disorder),15,7500
2017-09-01,Gingival disease (disorder),8,4000
2017-10-01,Gingival disease (disorder),9,4500
2017-11-01,Gingival disease (disorder),6,3000
2017-12-01,Gingival disease (disorder),11,5500
2018-01-01,Gingival disease (disorder),15,7500
2018-02-01,Gingival disease (disorder),9,4500
2018-03-01,Gingival disease (disorder),19,9500
2018-04-01,Gingival disease (disorder),14,7000
2018-05-01,Gingival disease (disorder),9,4500
2018-06-01,Gingival disease (disorder),13,6500
2018-07-01,Gingival disease (disorder),3,1500
2018-08-01,Gingival disease (disorder),7,3500
2018-09-01,Gingival disease (disorder),13,6500
2018-10-01,Gingival disease (disorder),11,5500
2018-11-01,Gingival disease (disorder),15,7500
2018-12-01,Gingival disease (disorder),12,6000
2019-01-01,Gingival disease (disorder),10,5000
2019-02-01,Gingival disease (disorder),15,7500
2019-03-01,Gingival disease (disorder),18,9000
2019-04-01,Gingival disease (disorder),8,4000
2019-05-01,Gingival disease (disorder),11,5500
2019-06-01,Gingival disease (disorder),11,5500
2019-07-01,Gingival disease (disorder),13,6500
2019-08-01,Gingival disease (disorder),7,3500
2019-09-01,Gingival disease (disorder),8,4000
2019-10-01,Gingival disease (disorder),7,3500
2019-11-01,Gingival disease (disorder),8,4000
2019-12-01,Gingival disease (disorder),13,6500
2020-01-01,Gingival disease (disorder),8,4000
2020-02-01,Gingival disease (disorder),14,7000
2020-03-01,Gingival disease (disorder),15,7500
2020-04-01,Gingival disease (disorder),21,10500
2020-05-01,Gingival disease (disorder),13,6500
2020-06-01,Gingival disease (disorder),12,6000
2020-07-01,Gingival disease (disorder),19,9500
2020-08-01,Gingival disease (disorder),10,5000
2020-09-01,Gingival disease (disorder),9,4500
2020-10-01,Gingival disease (disorder),7,3500
2020-11-01,Gingival disease (disorder),9,4500
2020-12-01,Gingival disease (disorder),6,3000
2021-01-01,Gingival disease (disorder),5,2500
2021-02-01,Gingival disease (disorder),11,5500
2021-03-01,Gingival disease (disorder),8,4000
2021-04-01,Gingival disease (disorder),15,7500
2021-05-01,Gingival disease (disorder),5,2500
2021-06-01,Gingival disease (disorder),15,7500
2021-07-01,Gingival disease (disorder),9,4500
2021-08-01,Gingival disease (disorder),13,6500
2021-09-01,Gingival disease (disorder),14,7000
2021-10-01,Gingival disease (disorder),13,6500
2021-11-01,Gingival disease (disorder),15,7500
2021-12-01,Gingival disease (disorder),6,3000
2022-01-01,Gingival disease (disorder),7,3500
2022-02-01,Gingival disease (disorder),11,5500
2022-03-01,Gingival disease (disorder),12,6000
2022-04-01,Gingival disease (disorder),18,9000
2022-05-01,Gingival disease (disorder),11,5500
2022-06-01,Gingival disease (disorder),9,4500
2022-07-01,Gingival disease (disorder),13,6500
2022-08-01,Gingival disease (disorder),11,5500
2022-09-01,Gingival disease (disorder),14,7000
2022-10-01,Gingival disease (disorder),12,6000
2022-11-01,Gingival disease (disorder),13,6500
2022-12-01,Gingival disease (disorder),10,5500
2023-01-01,Gingival disease (disorder),9,4500
2023-02-01,Gingival disease (disorder),9,4500
2023-03-01,Gingival disease (disorder),19,9500
2023-04-01,Gingival disease (disorder),11,5500
2023-05-01,Gingival disease (disorder),10,5000
2023-06-01,Gingival disease (disorder),14,7000
2023-07-01,Gingival disease (disorder),6,3000
2023-08-01,Gingival disease (disorder),15,7500
2023-09-01,Gingival disease (disorder),16,8000
2023-10-01,Gingival disease (disorder),11,5500
2023-11-01,Gingival disease (disorder),10,5000
2023-12-01,Gingival disease (disorder),19,9500
2024-01-01,Gingival disease (disorder),15,7500
2024-02-01,Gingival disease (disorder),13,6500
2024-03-01,Gingival disease (disorder),14,7000
2024-04-01,Gingival disease (disorder),19,9500
2024-05-01,Gingival disease (disorder),13,6500
2024-06-01,Gingival disease (disorder),17,8500
2024-07-01,Gingival disease (disorder),12,6000
2024-08-01,Gingival disease (disorder),14,7000
2024-09-01,Gingival disease (disorder),12,6000
2024-10-01,Gingival disease (disorder),9,4500
2024-11-01,Gingival disease (disorder),17,8500
2024-12-01,Gingival disease (disorder),15,7500
2025-01-01,Gingival disease (disorder),14,7000
2025-02-01,Gingival disease (disorder),13,6500
2025-03-01,Gingival disease (disorder),13,6500
2025-04-01,Gingival disease (disorder),9,4500
2025-05-01,Gingival disease (disorder),14,7000
2025-06-01,Gingival disease (disorder),11,5500
2025-07-01,Gingival disease (disorder),12,6000
2025-08-01,Gingival disease (disorder),17,8500
2025-09-01,Gingival disease (disorder),10,5000
2025-10-01,Gingival disease (disorder),16,8000
2025-11-01,Gingival disease (disorder),13,6500
2025-12-01,Gingival disease (disorder),13,6500
2026-01-01,Gingival disease (disorder),11,5500
1935-07-01,Gingivitis (disorder),1,500
1937-05-01,Gingivitis (disorder),1,500
1940-06-01,Gingivitis (disorder),1,500
1940-12-01,Gingivitis (disorder),1,500
1949-07-01,Gingivitis (disorder),1,500
1951-07-01,Gingivitis (disorder),1,500
1953-08-01,Gingivitis (disorder),1,500
1954-08-01,Gingivitis (disorder),1,500
1957-08-01,Gingivitis (disorder),1,500
1958-10-01,Gingivitis (disorder),1,500
1962-07-01,Gingivitis (disorder),1,500
1964-05-01,Gingivitis (disorder),1,500
1965-05-01,Gingivitis (disorder),1,500
1965-08-01,Gingivitis (disorder),1,500
1966-09-01,Gingivitis (disorder),1,500
1967-02-01,Gingivitis (disorder),1,500
1967-08-01,Gingivitis (disorder),1,500
1967-10-01,Gingivitis (disorder),1,500
1968-01-01,Gingivitis (disorder),1,500
1968-04-01,Gingivitis (disorder),1,500
1968-10-01,Gingivitis (disorder),1,500
1969-07-01,Gingivitis (disorder),1,500
1969-10-01,Gingivitis (disorder),1,500
1970-05-01,Gingivitis (disorder),1,500
1971-05-01,Gingivitis (disorder),1,500
1971-10-01,Gingivitis (disorder),1,500
1973-02-01,Gingivitis (disorder),1,500
1973-03-01,Gingivitis (disorder),1,500
1973-04-01,Gingivitis (disorder),1,500
1973-05-01,Gingivitis (disorder),1,500
1973-08-01,Gingivitis (disorder),1,500
1973-11-01,Gingivitis (disorder),1,500
1973-12-01,Gingivitis (disorder),1,500
1974-02-01,Gingivitis (disorder),1,500
1974-06-01,Gingivitis (disorder),1,500
1974-10-01,Gingivitis (disorder),2,1000
1975-05-01,Gingivitis (disorder),1,500
1975-10-01,Gingivitis (disorder),1,500
1975-12-01,Gingivitis (disorder),1,500
1976-01-01,Gingivitis (disorder),1,500
1976-03-01,Gingivitis (disorder),2,1000
1976-06-01,Gingivitis (disorder),2,1000
1976-08-01,Gingivitis (disorder),1,500
1977-05-01,Gingivitis (disorder),1,500
1977-07-01,Gingivitis (disorder),1,500
1977-12-01,Gingivitis (disorder),1,500
1978-01-01,Gingivitis (disorder),1,500
1978-04-01,Gingivitis (disorder),1,500
1978-10-01,Gingivitis (disorder),1,500
1979-01-01,Gingivitis (disorder),2,1000
1979-04-01,Gingivitis (disorder),2,1000
1979-06-01,Gingivitis (disorder),1,500
1979-07-01,Gingivitis (disorder),1,500
1979-08-01,Gingivitis (disorder),2,1000
1979-10-01,Gingivitis (disorder),1,500
1979-12-01,Gingivitis (disorder),2,1000
1980-01-01,Gingivitis (disorder),1,500
1980-02-01,Gingivitis (disorder),1,500
1980-03-01,Gingivitis (disorder),1,500
1980-05-01,Gingivitis (disorder),2,1000
1980-06-01,Gingivitis (disorder),1,500
1980-10-01,Gingivitis (disorder),1,500
1981-05-01,Gingivitis (disorder),3,1500
1981-12-01,Gingivitis (disorder),2,1000
1982-02-01,Gingivitis (disorder),1,500
1982-09-01,Gingivitis (disorder),1,500
1982-12-01,Gingivitis (disorder),2,1000
1983-01-01,Gingivitis (disorder),1,500
1983-03-01,Gingivitis (disorder),2,1000
1983-04-01,Gingivitis (disorder),1,500
1983-05-01,Gingivitis (disorder),1,500
1983-06-01,Gingivitis (disorder),1,500
1983-08-01,Gingivitis (disorder),1,500
1983-09-01,Gingivitis (disorder),1,500
1983-11-01,Gingivitis (disorder),1,500
1983-12-01,Gingivitis (disorder),2,1000
1984-01-01,Gingivitis (disorder),2,1000
1984-02-01,Gingivitis (disorder),2,1000
1984-05-01,Gingivitis (disorder),1,500
1984-07-01,Gingivitis (disorder),2,1000
1984-08-01,Gingivitis (disorder),3,1500
1984-10-01,Gingivitis (disorder),1,500
1984-12-01,Gingivitis (disorder),3,1500
1985-01-01,Gingivitis (disorder),1,500
1985-05-01,Gingivitis (disorder),1,500
1985-09-01,Gingivitis (disorder),3,1500
1985-11-01,Gingivitis (disorder),4,2000
1985-12-01,Gingivitis (disorder),3,1500
1986-01-01,Gingivitis (disorder),3,1500
1986-02-01,Gingivitis (disorder),1,500
1986-04-01,Gingivitis (disorder),2,1000
1986-05-01,Gingivitis (disorder),1,500
1986-06-01,Gingivitis (disorder),1,500
1986-07-01,Gingivitis (disorder),2,1000
1986-08-01,Gingivitis (disorder),1,500
1986-09-01,Gingivitis (disorder),1,500
1986-11-01,Gingivitis (disorder),1,500
1987-02-01,Gingivitis (disorder),1,500
1987-03-01,Gingivitis (disorder),1,500
1987-04-01,Gingivitis (disorder),1,500
1987-07-01,Gingivitis (disorder),1,500
1987-09-01,Gingivitis (disorder),3,1500
1987-11-01,Gingivitis (disorder),1,500
1987-12-01,Gingivitis (disorder),3,1500
1988-01-01,Gingivitis (disorder),2,1000
1988-02-01,Gingivitis (disorder),3,1500
1988-03-01,Gingivitis (disorder),2,1000
1988-04-01,Gingivitis (disorder),2,1000
1988-05-01,Gingivitis (disorder),2,1000
1988-07-01,Gingivitis (disorder),2,1000
1988-08-01,Gingivitis (disorder),1,500
1988-09-01,Gingivitis (disorder),1,500
1988-10-01,Gingivitis (disorder),1,500
1988-12-01,Gingivitis (disorder),2,1000
1989-01-01,Gingivitis (disorder),3,1500
1989-02-01,Gingivitis (disorder),2,1000
1989-03-01,Gingivitis (disorder),3,1500
1989-04-01,Gingivitis (disorder),2,1000
1989-06-01,Gingivitis (disorder),2,1000
1989-07-01,Gingivitis (disorder),1,500
1989-08-01,Gingivitis (disorder),2,1000
1989-09-01,Gingivitis (disorder),2,1000
1989-10-01,Gingivitis (disorder),1,500
1989-12-01,Gingivitis (disorder),3,1500
1990-01-01,Gingivitis (disorder),2,1000
1990-02-01,Gingivitis (disorder),3,1500
1990-03-01,Gingivitis (disorder),1,500
1990-06-01,Gingivitis (disorder),1,500
1990-09-01,Gingivitis (disorder),1,500
1990-10-01,Gingivitis (disorder),1,500
1990-11-01,Gingivitis (disorder),5,2500
1991-01-01,Gingivitis (disorder),1,500
1991-03-01,Gingivitis (disorder),1,500
1991-04-01,Gingivitis (disorder),1,500
1991-05-01,Gingivitis (disorder),1,500
1991-06-01,Gingivitis (disorder),2,1000
1991-07-01,Gingivitis (disorder),1,500
1991-09-01,Gingivitis (disorder),1,500
1991-10-01,Gingivitis (disorder),3,1500
1992-01-01,Gingivitis (disorder),1,500
1992-02-01,Gingivitis (disorder),2,1000
1992-03-01,Gingivitis (disorder),2,1000
1992-04-01,Gingivitis (disorder),1,500
1992-06-01,Gingivitis (disorder),1,500
1992-08-01,Gingivitis (disorder),3,1500
1992-10-01,Gingivitis (disorder),1,500
1992-11-01,Gingivitis (disorder),1,500
1993-01-01,Gingivitis (disorder),3,1500
1993-03-01,Gingivitis (disorder),1,500
1993-05-01,Gingivitis (disorder),2,1000
1993-06-01,Gingivitis (disorder),1,500
1993-07-01,Gingivitis (disorder),2,1000
1993-08-01,Gingivitis (disorder),1,500
1993-09-01,Gingivitis (disorder),2,1000
1993-11-01,Gingivitis (disorder),1,500
1993-12-01,Gingivitis (disorder),2,1000
1994-01-01,Gingivitis (disorder),1,500
1994-02-01,Gingivitis (disorder),2,1000
1994-03-01,Gingivitis (disorder),1,500
1994-04-01,Gingivitis (disorder),2,1000
1994-05-01,Gingivitis (disorder),2,1000
1994-06-01,Gingivitis (disorder),5,2500
1994-07-01,Gingivitis (disorder),2,1000
1994-09-01,Gingivitis (disorder),4,2000
1994-10-01,Gingivitis (disorder),3,1500
1994-11-01,Gingivitis (disorder),1,500
1994-12-01,Gingivitis (disorder),1,500
1995-02-01,Gingivitis (disorder),3,1500
1995-03-01,Gingivitis (disorder),1,500
1995-05-01,Gingivitis (disorder),3,1500
1995-06-01,Gingivitis (disorder),2,1000
1995-07-01,Gingivitis (disorder),1,500
1995-08-01,Gingivitis (disorder),1,500
1995-09-01,Gingivitis (disorder),4,2000
1995-10-01,Gingivitis (disorder),2,1000
1995-11-01,Gingivitis (disorder),1,500
1995-12-01,Gingivitis (disorder),1,500
1996-01-01,Gingivitis (disorder),2,1000
1996-02-01,Gingivitis (disorder),2,1000
1996-03-01,Gingivitis (disorder),1,500
1996-04-01,Gingivitis (disorder),1,500
1996-05-01,Gingivitis (disorder),1,500
1996-06-01,Gingivitis (disorder),1,500
1996-07-01,Gingivitis (disorder),4,2000
1996-08-01,Gingivitis (disorder),2,1000
1996-09-01,Gingivitis (disorder),4,2000
1996-10-01,Gingivitis (disorder),3,1500
1996-11-01,Gingivitis (disorder),1,500
1996-12-01,Gingivitis (disorder),2,1000
1997-02-01,Gingivitis (disorder),2,1000
1997-03-01,Gingivitis (disorder),2,1000
1997-04-01,Gingivitis (disorder),3,1500
1997-05-01,Gingivitis (disorder),3,1500
1997-06-01,Gingivitis (disorder),2,1000
1997-07-01,Gingivitis (disorder),2,1000
1997-08-01,Gingivitis (disorder),4,2000
1997-09-01,Gingivitis (disorder),1,500
1997-10-01,Gingivitis (disorder),6,3000
1997-12-01,Gingivitis (disorder),2,1000
1998-01-01,Gingivitis (disorder),2,1000
1998-02-01,Gingivitis (disorder),1,500
1998-03-01,Gingivitis (disorder),2,1000
1998-04-01,Gingivitis (disorder),1,500
1998-05-01,Gingivitis (disorder),1,500
1998-07-01,Gingivitis (disorder),1,500
1998-08-01,Gingivitis (disorder),2,1000
1998-09-01,Gingivitis (disorder),3,1500
1998-10-01,Gingivitis (disorder),2,1000
1998-12-01,Gingivitis (disorder),1,500
1999-01-01,Gingivitis (disorder),3,1500
1999-02-01,Gingivitis (disorder),1,500
1999-03-01,Gingivitis (disorder),1,500
1999-05-01,Gingivitis (disorder),2,1000
1999-06-01,Gingivitis (disorder),2,1000
1999-08-01,Gingivitis (disorder),1,500
1999-09-01,Gingivitis (disorder),2,1000
1999-10-01,Gingivitis (disorder),2,1000
1999-11-01,Gingivitis (disorder),2,1000
1999-12-01,Gingivitis (disorder),1,500
2000-01-01,Gingivitis (disorder),1,500
2000-03-01,Gingivitis (disorder),4,2000
2000-04-01,Gingivitis (disorder),1,500
2000-05-01,Gingivitis (disorder),1,500
2000-06-01,Gingivitis (disorder),4,2000
2000-07-01,Gingivitis (disorder),2,1000
2000-11-01,Gingivitis (disorder),1,500
2000-12-01,Gingivitis (disorder),2,1000
2001-01-01,Gingivitis (disorder),4,2000
2001-03-01,Gingivitis (disorder),2,1000
2001-05-01,Gingivitis (disorder),1,500
2001-07-01,Gingivitis (disorder),4,2000
2001-10-01,Gingivitis (disorder),1,500
2001-11-01,Gingivitis (disorder),2,1000
2002-01-01,Gingivitis (disorder),1,500
2002-02-01,Gingivitis (disorder),1,500
2002-05-01,Gingivitis (disorder),2,1000
2002-06-01,Gingivitis (disorder),1,500
2002-07-01,Gingivitis (disorder),2,1000
2002-09-01,Gingivitis (disorder),2,1000
2002-10-01,Gingivitis (disorder),1,500
2002-12-01,Gingivitis (disorder),1,500
2003-02-01,Gingivitis (disorder),3,1500
2003-03-01,Gingivitis (disorder),3,1500
2003-04-01,Gingivitis (disorder),1,500
2003-06-01,Gingivitis (disorder),1,500
2003-07-01,Gingivitis (disorder),4,2000
2003-09-01,Gingivitis (disorder),1,500
2003-10-01,Gingivitis (disorder),4,2000
2003-11-01,Gingivitis (disorder),1,500
2003-12-01,Gingivitis (disorder),2,1000
2004-01-01,Gingivitis (disorder),2,1000
2004-02-01,Gingivitis (disorder),4,2000
2004-03-01,Gingivitis (disorder),4,2000
2004-04-01,Gingivitis (disorder),1,500
2004-05-01,Gingivitis (disorder),2,1000
2004-06-01,Gingivitis (disorder),3,1500
2004-07-01,Gingivitis (disorder),4,2000
2004-08-01,Gingivitis (disorder),1,500
2004-09-01,Gingivitis (disorder),3,1500
2004-10-01,Gingivitis (disorder),1,500
2004-11-01,Gingivitis (disorder),6,3000
2004-12-01,Gingivitis (disorder),1,500
2005-01-01,Gingivitis (disorder),1,500
2005-02-01,Gingivitis (disorder),4,2000
2005-03-01,Gingivitis (disorder),3,1500
2005-04-01,Gingivitis (disorder),1,500
2005-05-01,Gingivitis (disorder),6,3000
2005-06-01,Gingivitis (disorder),3,1500
2005-07-01,Gingivitis (disorder),4,2000
2005-08-01,Gingivitis (disorder),4,2000
2005-10-01,Gingivitis (disorder),4,2000
2005-11-01,Gingivitis (disorder),2,1000
2005-12-01,Gingivitis (disorder),4,2000
2006-01-01,Gingivitis (disorder),4,2000
2006-02-01,Gingivitis (disorder),4,2000
2006-03-01,Gingivitis (disorder),3,1500
2006-04-01,Gingivitis (disorder),6,3000
2006-05-01,Gingivitis (disorder),2,1000
2006-06-01,Gingivitis (disorder),1,500
2006-07-01,Gingivitis (disorder),6,3000
2006-08-01,Gingivitis (disorder),2,1000
2006-09-01,Gingivitis (disorder),4,2000
2006-10-01,Gingivitis (disorder),4,2000
2006-11-01,Gingivitis (disorder),5,2500
2006-12-01,Gingivitis (disorder),3,1500
2007-01-01,Gingivitis (disorder),2,1000
2007-02-01,Gingivitis (disorder),2,1000
2007-03-01,Gingivitis (disorder),3,1500
2007-05-01,Gingivitis (disorder),2,1000
2007-06-01,Gingivitis (disorder),2,1000
2007-07-01,Gingivitis (disorder),2,1000
2007-09-01,Gingivitis (disorder),4,2000
2007-10-01,Gingivitis (disorder),1,500
2007-11-01,Gingivitis (disorder),4,2000
2008-01-01,Gingivitis (disorder),6,3000
2008-02-01,Gingivitis (disorder),4,2000
2008-03-01,Gingivitis (disorder),3,1500
2008-04-01,Gingivitis (disorder),5,2500
2008-05-01,Gingivitis (disorder),4,2000
2008-06-01,Gingivitis (disorder),3,1500
2008-07-01,Gingivitis (disorder),3,1500
2008-08-01,Gingivitis (disorder),3,1500
2008-09-01,Gingivitis (disorder),3,1500
2008-10-01,Gingivitis (disorder),1,500
2008-11-01,Gingivitis (disorder),3,1500
2008-12-01,Gingivitis (disorder),2,1000
2009-01-01,Gingivitis (disorder),2,1000
2009-02-01,Gingivitis (disorder),3,1500
2009-03-01,Gingivitis (disorder),1,500
2009-04-01,Gingivitis (disorder),1,500
2009-05-01,Gingivitis (disorder),7,4000
2009-06-01,Gingivitis (disorder),1,500
2009-07-01,Gingivitis (disorder),3,1500
2009-08-01,Gingivitis (disorder),2,1000
2009-09-01,Gingivitis (disorder),1,500
2009-10-01,Gingivitis (disorder),2,1000
2009-11-01,Gingivitis (disorder),3,1500
2009-12-01,Gingivitis (disorder),3,1500
2010-01-01,Gingivitis (disorder),4,2000
2010-02-01,Gingivitis (disorder),3,1500
2010-03-01,Gingivitis (disorder),1,500
2010-04-01,Gingivitis (disorder),3,1500
2010-05-01,Gingivitis (disorder),7,3500
2010-07-01,Gingivitis (disorder),4,2000
2010-08-01,Gingivitis (disorder),3,1500
2010-09-01,Gingivitis (disorder),1,500
2010-10-01,Gingivitis (disorder),3,1500
2010-11-01,Gingivitis (disorder),4,2000
2010-12-01,Gingivitis (disorder),4,2000
2011-01-01,Gingivitis (disorder),6,3000
2011-02-01,Gingivitis (disorder),1,500
2011-03-01,Gingivitis (disorder),2,1000
2011-04-01,Gingivitis (disorder),3,1500
2011-05-01,Gingivitis (disorder),3,1500
2011-06-01,Gingivitis (disorder),5,2500
2011-07-01,Gingivitis (disorder),4,2000
2011-08-01,Gingivitis (disorder),1,500
2011-09-01,Gingivitis (disorder),3,1500
2011-10-01,Gingivitis (disorder),2,1000
2011-11-01,Gingivitis (disorder),6,3000
2011-12-01,Gingivitis (disorder),6,3000
2012-01-01,Gingivitis (disorder),5,2500
2012-02-01,Gingivitis (disorder),3,1500
2012-03-01,Gingivitis (disorder),2,1000
2012-04-01,Gingivitis (disorder),3,1500
2012-05-01,Gingivitis (disorder),7,3500
2012-06-01,Gingivitis (disorder),3,1500
2012-07-01,Gingivitis (disorder),4,2000
2012-08-01,Gingivitis (disorder),5,2500
2012-09-01,Gingivitis (disorder),6,3000
2012-10-01,Gingivitis (disorder),5,2500
2012-11-01,Gingivitis (disorder),4,2000
2012-12-01,Gingivitis (disorder),3,1500
2013-01-01,Gingivitis (disorder),4,2000
2013-02-01,Gingivitis (disorder),5,2500
2013-03-01,Gingivitis (disorder),5,2500
2013-04-01,Gingivitis (disorder),3,1500
2013-05-01,Gingivitis (disorder),6,3000
2013-06-01,Gingivitis (disorder),5,2500
2013-07-01,Gingivitis (disorder),4,2000
2013-08-01,Gingivitis (disorder),2,1000
2013-09-01,Gingivitis (disorder),4,2000
2013-10-01,Gingivitis (disorder),3,2000
2013-11-01,Gingivitis (disorder),5,2500
2013-12-01,Gingivitis (disorder),4,2000
2014-01-01,Gingivitis (disorder),6,3000
2014-02-01,Gingivitis (disorder),3,1500
2014-03-01,Gingivitis (disorder),3,1500
2014-04-01,Gingivitis (disorder),8,4000
2014-05-01,Gingivitis (disorder),4,2000
2014-06-01,Gingivitis (disorder),3,1500
2014-07-01,Gingivitis (disorder),5,2500
2014-08-01,Gingivitis (disorder),6,3000
2014-09-01,Gingivitis (disorder),2,1000
2014-10-01,Gingivitis (disorder),5,2500
2014-11-01,Gingivitis (disorder),3,1500
2014-12-01,Gingivitis (disorder),4,2000
2015-02-01,Gingivitis (disorder),6,3000
2015-03-01,Gingivitis (disorder),4,2000
2015-04-01,Gingivitis (disorder),3,1500
2015-05-01,Gingivitis (disorder),4,2000
2015-06-01,Gingivitis (disorder),6,3000
2015-08-01,Gingivitis (disorder),1,500
2015-09-01,Gingivitis (disorder),7,3500
2015-10-01,Gingivitis (disorder),3,1500
2015-11-01,Gingivitis (disorder),4,2000
2015-12-01,Gingivitis (disorder),5,2500
2016-01-01,Gingivitis (disorder),3,1500
2016-02-01,Gingivitis (disorder),33,16500
2016-03-01,Gingivitis (disorder),41,20500
2016-04-01,Gingivitis (disorder),34,17000
2016-05-01,Gingivitis (disorder),29,14500
2016-06-01,Gingivitis (disorder),33,16500
2016-07-01,Gingivitis (disorder),38,19000
2016-08-01,Gingivitis (disorder),45,22500
2016-09-01,Gingivitis (disorder),31,15500
2016-10-01,Gingivitis (disorder),46,23000
2016-11-01,Gingivitis (disorder),26,13000
2016-12-01,Gingivitis (disorder),23,11500
2017-01-01,Gingivitis (disorder),29,15000
2017-02-01,Gingivitis (disorder),34,17000
2017-03-01,Gingivitis (disorder),57,28500
2017-04-01,Gingivitis (disorder),33,16500
2017-05-01,Gingivitis (disorder),45,22500
2017-06-01,Gingivitis (disorder),34,17000
2017-07-01,Gingivitis (disorder),31,15500
2017-08-01,Gingivitis (disorder),31,15500
2017-09-01,Gingivitis (disorder),29,14500
2017-10-01,Gingivitis (disorder),31,15500
2017-11-01,Gingivitis (disorder),38,19000
2017-12-01,Gingivitis (disorder),34,17000
2018-01-01,Gingivitis (disorder),38,19000
2018-02-01,Gingivitis (disorder),28,14000
2018-03-01,Gingivitis (disorder),69,34500
2018-04-01,Gingivitis (disorder),38,19000
2018-05-01,Gingivitis (disorder),36,18000
2018-06-01,Gingivitis (disorder),35,17500
2018-07-01,Gingivitis (disorder),25,12500
2018-08-01,Gingivitis (disorder),43,21500
2018-09-01,Gingivitis (disorder),36,18000
2018-10-01,Gingivitis (disorder),28,14000
2018-11-01,Gingivitis (disorder),35,17500
2018-12-01,Gingivitis (disorder),37,18500
2019-01-01,Gingivitis (disorder),25,12500
2019-02-01,Gingivitis (disorder),32,16000
2019-03-01,Gingivitis (disorder),57,28500
2019-04-01,Gingivitis (disorder),25,12500
2019-05-01,Gingivitis (disorder),41,20500
2019-06-01,Gingivitis (disorder),49,24500
2019-07-01,Gingivitis (disorder),27,13500
2019-08-01,Gingivitis (disorder),48,24000
2019-09-01,Gingivitis (disorder),29,14500
2019-10-01,Gingivitis (disorder),31,15500
2019-11-01,Gingivitis (disorder),38,19000
2019-12-01,Gingivitis (disorder),37,18500
2020-01-01,Gingivitis (disorder),31,15500
2020-02-01,Gingivitis (disorder),37,18500
2020-03-01,Gingivitis (disorder),63,31500
2020-04-01,Gingivitis (disorder),30,15000
2020-05-01,Gingivitis (disorder),41,20500
2020-06-01,Gingivitis (disorder),37,18500
2020-07-01,Gingivitis (disorder),39,19500
2020-08-01,Gingivitis (disorder),38,19500
2020-09-01,Gingivitis (disorder),31,15500
2020-10-01,Gingivitis (disorder),31,15500
2020-11-01,Gingivitis (disorder),32,16000
2020-12-01,Gingivitis (disorder),26,13000
2021-01-01,Gingivitis (disorder),33,16500
2021-02-01,Gingivitis (disorder),35,17500
2021-03-01,Gingivitis (disorder),43,21500
2021-04-01,Gingivitis (disorder),38,19000
2021-05-01,Gingivitis (disorder),37,18500
2021-06-01,Gingivitis (disorder),34,17500
2021-07-01,Gingivitis (disorder),32,16000
2021-08-01,Gingivitis (disorder),35,17500
2021-09-01,Gingivitis (disorder),53,26500
2021-10-01,Gingivitis (disorder),39,19500
2021-11-01,Gingivitis (disorder),27,13500
2021-12-01,Gingivitis (disorder),33,17000
2022-01-01,Gingivitis (disorder),32,16000
2022-02-01,Gingivitis (disorder),28,14000
2022-03-01,Gingivitis (disorder),45,22500
2022-04-01,Gingivitis (disorder),52,26000
2022-05-01,Gingivitis (disorder),48,24000
2022-06-01,Gingivitis (disorder),33,16500
2022-07-01,Gingivitis (disorder),36,18000
2022-08-01,Gingivitis (disorder),42,21000
2022-09-01,Gingivitis (disorder),42,21000
2022-10-01,Gingivitis (disorder),29,14500
2022-11-01,Gingivitis (disorder),39,19500
2022-12-01,Gingivitis (disorder),33,16500
2023-01-01,Gingivitis (disorder),35,17500
2023-02-01,Gingivitis (disorder),36,18000
2023-03-01,Gingivitis (disorder),31,15500
2023-04-01,Gingivitis (disorder),53,27000
2023-05-01,Gingivitis (disorder),44,22000
2023-06-01,Gingivitis (disorder),35,17500
2023-07-01,Gingivitis (disorder),43,21500
2023-08-01,Gingivitis (disorder),36,18500
2023-09-01,Gingivitis (disorder),41,20500
2023-10-01,Gingivitis (disorder),37,18500
2023-11-01,Gingivitis (disorder),46,23000
2023-12-01,Gingivitis (disorder),37,18500
2024-01-01,Gingivitis (disorder),44,22500
2024-02-01,Gingivitis (disorder),36,18000
2024-03-01,Gingivitis (disorder),55,27500
2024-04-01,Gingivitis (disorder),62,31000
2024-05-01,Gingivitis (disorder),46,23000
2024-06-01,Gingivitis (disorder),43,21500
2024-07-01,Gingivitis (disorder),45,22500
2024-08-01,Gingivitis (disorder),26,13000
2024-09-01,Gingivitis (disorder),50,25000
2024-10-01,Gingivitis (disorder),41,20500
2024-11-01,Gingivitis (disorder),43,21500
2024-12-01,Gingivitis (disorder),38,19000
2025-01-01,Gingivitis (disorder),45,22500
2025-02-01,Gingivitis (disorder),33,16500
2025-03-01,Gingivitis (disorder),50,25000
2025-04-01,Gingivitis (disorder),48,24000
2025-05-01,Gingivitis (disorder),37,18500
2025-06-01,Gingivitis (disorder),37,18500
2025-07-01,Gingivitis (disorder),44,22000
2025-08-01,Gingivitis (disorder),43,21500
2025-09-01,Gingivitis (disorder),39,19500
2025-10-01,Gingivitis (disorder),49,24500
2025-11-01,Gingivitis (disorder),43,21500
2025-12-01,Gingivitis (disorder),36,18000
2026-01-01,Gingivitis (disorder),35,17500
1940-07-01,Has a criminal record (finding),1,500
1941-09-01,Has a criminal record (finding),1,500
1941-11-01,Has a criminal record (finding),1,500
1942-03-01,Has a criminal record (finding),1,500
1943-02-01,Has a criminal record (finding),1,500
1943-06-01,Has a criminal record (finding),1,500
1945-09-01,Has a criminal record (finding),1,500
1948-01-01,Has a criminal record (finding),1,500
1949-11-01,Has a criminal record (finding),1,500
1954-03-01,Has a criminal record (finding),1,500
1959-10-01,Has a criminal record (finding),1,500
1960-03-01,Has a criminal record (finding),2,1000
1962-05-01,Has a criminal record (finding),1,500
1962-07-01,Has a criminal record (finding),1,500
1964-08-01,Has a criminal record (finding),1,500
1966-06-01,Has a criminal record (finding),2,1000
1968-05-01,Has a criminal record (finding),2,1000
1968-10-01,Has a criminal record (finding),1,500
1969-09-01,Has a criminal record (finding),1,500
1970-05-01,Has a criminal record (finding),1,500
1970-07-01,Has a criminal record (finding),1,500
1971-09-01,Has a criminal record (finding),1,500
1972-01-01,Has a criminal record (finding),1,500
1972-03-01,Has a criminal record (finding),1,500
1972-06-01,Has a criminal record (finding),1,500
1972-10-01,Has a criminal record (finding),1,500
1973-12-01,Has a criminal record (finding),1,500
1974-01-01,Has a criminal record (finding),1,500
1974-07-01,Has a criminal record (finding),1,500
1975-04-01,Has a criminal record (finding),1,500
1976-02-01,Has a criminal record (finding),1,500
1976-08-01,Has a criminal record (finding),1,500
1976-10-01,Has a criminal record (finding),1,500
1976-11-01,Has a criminal record (finding),1,500
1977-02-01,Has a criminal record (finding),1,500
1977-04-01,Has a criminal record (finding),1,500
1977-07-01,Has a criminal record (finding),1,500
1977-09-01,Has a criminal record (finding),1,500
1977-10-01,Has a criminal record (finding),1,500
1978-02-01,Has a criminal record (finding),1,500
1978-10-01,Has a criminal record (finding),1,500
1979-05-01,Has a criminal record (finding),1,500
1979-06-01,Has a criminal record (finding),1,500
1979-11-01,Has a criminal record (finding),1,500
1980-05-01,Has a criminal record (finding),2,1000
1980-11-01,Has a criminal record (finding),1,500
1981-03-01,Has a criminal record (finding),1,500
1981-04-01,Has a criminal record (finding),1,500
1981-05-01,Has a criminal record (finding),1,500
1982-05-01,Has a criminal record (finding),1,500
1982-08-01,Has a criminal record (finding),1,500
1982-11-01,Has a criminal record (finding),1,500
1982-12-01,Has a criminal record (finding),1,500
1983-04-01,Has a criminal record (finding),1,500
1983-11-01,Has a criminal record (finding),1,500
1984-04-01,Has a criminal record (finding),1,500
1984-05-01,Has a criminal record (finding),3,1500
1984-06-01,Has a criminal record (finding),1,500
1984-11-01,Has a criminal record (finding),1,500
1985-04-01,Has a criminal record (finding),1,500
1985-06-01,Has a criminal record (finding),1,500
1985-07-01,Has a criminal record (finding),1,500
1985-11-01,Has a criminal record (finding),2,1000
1986-01-01,Has a criminal record (finding),1,500
1986-02-01,Has a criminal record (finding),1,500
1986-04-01,Has a criminal record (finding),1,500
1986-06-01,Has a criminal record (finding),2,1000
1986-08-01,Has a criminal record (finding),1,500
1987-05-01,Has a criminal record (finding),2,1000
1987-10-01,Has a criminal record (finding),1,500
1987-11-01,Has a criminal record (finding),1,500
1988-03-01,Has a criminal record (finding),1,500
1988-07-01,Has a criminal record (finding),1,500
1988-08-01,Has a criminal record (finding),3,1500
1988-10-01,Has a criminal record (finding),1,500
1988-12-01,Has a criminal record (finding),1,500
1989-01-01,Has a criminal record (finding),1,500
1989-02-01,Has a criminal record (finding),1,500
1989-05-01,Has a criminal record (finding),1,500
1989-09-01,Has a criminal record (finding),1,500
1989-12-01,Has a criminal record (finding),1,500
1990-10-01,Has a criminal record (finding),1,500
1991-01-01,Has a criminal record (finding),3,1500
1991-02-01,Has a criminal record (finding),1,500
1991-06-01,Has a criminal record (finding),1,500
1991-08-01,Has a criminal record (finding),1,500
1991-11-01,Has a criminal record (finding),1,500
1992-04-01,Has a criminal record (finding),3,1500
1992-05-01,Has a criminal record (finding),2,1000
1992-08-01,Has a criminal record (finding),1,500
1992-10-01,Has a criminal record (finding),2,1000
1993-01-01,Has a criminal record (finding),2,1000
1993-12-01,Has a criminal record (finding),2,1000
1994-01-01,Has a criminal record (finding),1,500
1994-03-01,Has a criminal record (finding),1,500
1994-04-01,Has a criminal record (finding),1,500
1994-08-01,Has a criminal record (finding),1,500
1994-10-01,Has a criminal record (finding),1,500
1994-11-01,Has a criminal record (finding),1,500
1995-03-01,Has a criminal record (finding),1,500
1995-04-01,Has a criminal record (finding),1,500
1995-05-01,Has a criminal record (finding),1,500
1995-06-01,Has a criminal record (finding),2,1000
1996-01-01,Has a criminal record (finding),1,500
1996-02-01,Has a criminal record (finding),2,1000
1996-04-01,Has a criminal record (finding),1,500
1996-06-01,Has a criminal record (finding),1,500
1996-09-01,Has a criminal record (finding),1,500
1997-02-01,Has a criminal record (finding),1,500
1997-04-01,Has a criminal record (finding),1,500
1997-05-01,Has a criminal record (finding),1,500
1997-06-01,Has a criminal record (finding),1,500
1997-09-01,Has a criminal record (finding),1,500
1997-10-01,Has a criminal record (finding),1,500
1998-08-01,Has a criminal record (finding),3,1500
1999-03-01,Has a criminal record (finding),1,500
1999-05-01,Has a criminal record (finding),1,500
1999-08-01,Has a criminal record (finding),1,500
1999-11-01,Has a criminal record (finding),1,500
2000-01-01,Has a criminal record (finding),1,500
2000-04-01,Has a criminal record (finding),1,500
2000-06-01,Has a criminal record (finding),1,500
2000-09-01,Has a criminal record (finding),1,500
2000-10-01,Has a criminal record (finding),1,500
2001-01-01,Has a criminal record (finding),1,500
2001-04-01,Has a criminal record (finding),1,500
2001-07-01,Has a criminal record (finding),1,500
2001-11-01,Has a criminal record (finding),1,500
2001-12-01,Has a criminal record (finding),1,500
2002-02-01,Has a criminal record (finding),3,1500
2002-05-01,Has a criminal record (finding),2,1000
2002-07-01,Has a criminal record (finding),1,500
2002-11-01,Has a criminal record (finding),2,1000
2003-02-01,Has a criminal record (finding),1,500
2003-04-01,Has a criminal record (finding),2,1000
2003-05-01,Has a criminal record (finding),2,1000
2003-06-01,Has a criminal record (finding),1,500
2003-07-01,Has a criminal record (finding),1,500
2003-09-01,Has a criminal record (finding),1,500
2003-10-01,Has a criminal record (finding),1,500
2003-11-01,Has a criminal record (finding),1,500
2004-02-01,Has a criminal record (finding),2,1000
2004-03-01,Has a criminal record (finding),1,500
2004-05-01,Has a criminal record (finding),1,500
2004-07-01,Has a criminal record (finding),1,500
2004-09-01,Has a criminal record (finding),1,500
2004-10-01,Has a criminal record (finding),1,500
2004-11-01,Has a criminal record (finding),1,500
2005-01-01,Has a criminal record (finding),1,500
2005-03-01,Has a criminal record (finding),1,500
2005-04-01,Has a criminal record (finding),1,500
2005-07-01,Has a criminal record (finding),1,500
2005-08-01,Has a criminal record (finding),1,500
2005-09-01,Has a criminal record (finding),2,1000
2005-11-01,Has a criminal record (finding),2,1000
2006-02-01,Has a criminal record (finding),2,1000
2006-07-01,Has a criminal record (finding),2,1000
2006-08-01,Has a criminal record (finding),1,500
2006-09-01,Has a criminal record (finding),2,1000
2006-10-01,Has a criminal record (finding),1,500
2006-12-01,Has a criminal record (finding),2,1000
2007-06-01,Has a criminal record (finding),2,1000
2007-09-01,Has a criminal record (finding),1,500
2007-10-01,Has a criminal record (finding),2,1000
2008-07-01,Has a criminal record (finding),3,1500
2008-10-01,Has a criminal record (finding),1,500
2009-01-01,Has a criminal record (finding),1,500
2009-02-01,Has a criminal record (finding),1,500
2009-05-01,Has a criminal record (finding),2,1000
2009-08-01,Has a criminal record (finding),1,500
2009-09-01,Has a criminal record (finding),1,500
2009-10-01,Has a criminal record (finding),1,500
2009-12-01,Has a criminal record (finding),1,500
2010-01-01,Has a criminal record (finding),3,1500
2010-02-01,Has a criminal record (finding),1,500
2010-05-01,Has a criminal record (finding),1,500
2010-10-01,Has a criminal record (finding),1,500
2010-12-01,Has a criminal record (finding),1,500
2011-01-01,Has a criminal record (finding),2,1000
2011-03-01,Has a criminal record (finding),1,500
2011-04-01,Has a criminal record (finding),4,2000
2011-05-01,Has a criminal record (finding),1,500
2011-06-01,Has a criminal record (finding),1,500
2011-07-01,Has a criminal record (finding),2,1000
2011-11-01,Has a criminal record (finding),3,1500
2012-02-01,Has a criminal record (finding),1,500
2012-05-01,Has a criminal record (finding),2,1000
2012-06-01,Has a criminal record (finding),1,500
2012-07-01,Has a criminal record (finding),1,500
2012-08-01,Has a criminal record (finding),2,1000
2012-10-01,Has a criminal record (finding),1,500
2013-01-01,Has a criminal record (finding),2,1000
2013-05-01,Has a criminal record (finding),1,500
2013-06-01,Has a criminal record (finding),1,500
2013-07-01,Has a criminal record (finding),2,1000
2013-09-01,Has a criminal record (finding),1,500
2013-10-01,Has a criminal record (finding),2,1000
2013-11-01,Has a criminal record (finding),1,500
2014-01-01,Has a criminal record (finding),1,500
2014-02-01,Has a criminal record (finding),2,1000
2014-05-01,Has a criminal record (finding),1,500
2014-07-01,Has a criminal record (finding),2,1000
2014-08-01,Has a criminal record (finding),2,1000
2014-10-01,Has a criminal record (finding),1,500
2015-02-01,Has a criminal record (finding),2,1000
2015-03-01,Has a criminal record (finding),1,500
2015-04-01,Has a criminal record (finding),1,500
2015-05-01,Has a criminal record (finding),1,500
2015-08-01,Has a criminal record (finding),3,1500
2015-09-01,Has a criminal record (finding),1,500
2015-11-01,Has a criminal record (finding),4,2000
2016-02-01,Has a criminal record (finding),2,1000
2016-05-01,Has a criminal record (finding),1,500
2016-07-01,Has a criminal record (finding),1,500
2016-08-01,Has a criminal record (finding),2,1000
2016-09-01,Has a criminal record (finding),3,1500
2016-11-01,Has a criminal record (finding),1,500
2017-01-01,Has a criminal record (finding),1,500
2017-03-01,Has a criminal record (finding),2,1000
2017-05-01,Has a criminal record (finding),1,500
2017-06-01,Has a criminal record (finding),1,500
2017-07-01,Has a criminal record (finding),1,500
2017-08-01,Has a criminal record (finding),2,1000
2017-09-01,Has a criminal record (finding),1,500
2017-10-01,Has a criminal record (finding),1,500
2018-02-01,Has a criminal record (finding),2,1000
2018-03-01,Has a criminal record (finding),1,500
2018-06-01,Has a criminal record (finding),2,1000
2018-07-01,Has a criminal record (finding),1,500
2018-08-01,Has a criminal record (finding),2,1000
2018-11-01,Has a criminal record (finding),1,500
2019-03-01,Has a criminal record (finding),3,1500
2019-05-01,Has a criminal record (finding),4,2000
2019-06-01,Has a criminal record (finding),1,500
2019-07-01,Has a criminal record (finding),1,500
2019-08-01,Has a criminal record (finding),3,1500
2019-09-01,Has a criminal record (finding),2,1000
2019-10-01,Has a criminal record (finding),1,500
2019-12-01,Has a criminal record (finding),1,500
2020-03-01,Has a criminal record (finding),1,500
2020-05-01,Has a criminal record (finding),1,500
2020-06-01,Has a criminal record (finding),1,500
2020-08-01,Has a criminal record (finding),3,1500
2020-09-01,Has a criminal record (finding),1,500
2020-12-01,Has a criminal record (finding),2,1000
2021-03-01,Has a criminal record (finding),4,2000
2021-05-01,Has a criminal record (finding),3,1500
2021-07-01,Has a criminal record (finding),1,500
2021-08-01,Has a criminal record (finding),3,1500
2021-09-01,Has a criminal record (finding),2,1000
2021-11-01,Has a criminal record (finding),1,500
2021-12-01,Has a criminal record (finding),2,1000
2022-01-01,Has a criminal record (finding),2,1000
2022-04-01,Has a criminal record (finding),1,500
2022-06-01,Has a criminal record (finding),2,1000
2022-09-01,Has a criminal record (finding),1,500
2022-10-01,Has a criminal record (finding),1,500
2022-12-01,Has a criminal record (finding),1,500
2023-02-01,Has a criminal record (finding),3,1500
2023-03-01,Has a criminal record (finding),1,500
2023-04-01,Has a criminal record (finding),1,500
2023-05-01,Has a criminal record (finding),1,500
2023-08-01,Has a criminal record (finding),1,500
2023-09-01,Has a criminal record (finding),1,500
2023-12-01,Has a criminal record (finding),2,1000
2024-02-01,Has a criminal record (finding),2,1000
2024-04-01,Has a criminal record (finding),3,1500
2024-06-01,Has a criminal record (finding),2,1000
2024-07-01,Has a criminal record (finding),1,500
2024-08-01,Has a criminal record (finding),1,500
2024-09-01,Has a criminal record (finding),1,500
2024-10-01,Has a criminal record (finding),1,500
2024-12-01,Has a criminal record (finding),2,1000
2025-01-01,Has a criminal record (finding),2,1000
2025-02-01,Has a criminal record (finding),1,500
2025-03-01,Has a criminal record (finding),1,500
2025-04-01,Has a criminal record (finding),2,1000
2025-07-01,Has a criminal record (finding),2,1000
2025-08-01,Has a criminal record (finding),1,500
2025-09-01,Has a criminal record (finding),2,1000
2025-10-01,Has a criminal record (finding),1,500
2025-11-01,Has a criminal record (finding),2,1000
2025-12-01,Has a criminal record (finding),1,500
1933-10-01,Housing unsatisfactory (finding),1,500
1934-11-01,Housing unsatisfactory (finding),1,500
1935-12-01,Housing unsatisfactory (finding),1,500
1937-02-01,Housing unsatisfactory (finding),1,500
1937-09-01,Housing unsatisfactory (finding),2,1000
1939-02-01,Housing unsatisfactory (finding),3,1500
1939-06-01,Housing unsatisfactory (finding),3,1500
1940-07-01,Housing unsatisfactory (finding),1,500
1944-02-01,Housing unsatisfactory (finding),4,2000
1945-09-01,Housing unsatisfactory (finding),1,500
1946-06-01,Housing unsatisfactory (finding),3,1500
1946-09-01,Housing unsatisfactory (finding),1,500
1951-03-01,Housing unsatisfactory (finding),1,500
1952-01-01,Housing unsatisfactory (finding),1,500
1953-02-01,Housing unsatisfactory (finding),2,1000
1953-03-01,Housing unsatisfactory (finding),1,500
1953-09-01,Housing unsatisfactory (finding),3,1500
1954-11-01,Housing unsatisfactory (finding),1,500
1957-05-01,Housing unsatisfactory (finding),3,1500
1960-03-01,Housing unsatisfactory (finding),2,1000
1961-02-01,Housing unsatisfactory (finding),3,1500
1961-09-01,Housing unsatisfactory (finding),1,500
1961-10-01,Housing unsatisfactory (finding),1,500
1964-04-01,Housing unsatisfactory (finding),1,500
1964-06-01,Housing unsatisfactory (finding),1,500
1964-09-01,Housing unsatisfactory (finding),2,1000
1965-01-01,Housing unsatisfactory (finding),1,500
1965-02-01,Housing unsatisfactory (finding),1,500
1965-04-01,Housing unsatisfactory (finding),1,500
1965-05-01,Housing unsatisfactory (finding),1,500
1966-07-01,Housing unsatisfactory (finding),1,500
1968-06-01,Housing unsatisfactory (finding),1,500
1968-11-01,Housing unsatisfactory (finding),1,500
1969-05-01,Housing unsatisfactory (finding),1,500
1969-10-01,Housing unsatisfactory (finding),1,500
1969-11-01,Housing unsatisfactory (finding),1,500
1970-01-01,Housing unsatisfactory (finding),2,1000
1970-02-01,Housing unsatisfactory (finding),1,500
1970-04-01,Housing unsatisfactory (finding),1,500
1970-05-01,Housing unsatisfactory (finding),1,500
1970-09-01,Housing unsatisfactory (finding),1,500
1971-02-01,Housing unsatisfactory (finding),1,500
1971-05-01,Housing unsatisfactory (finding),2,1000
1972-02-01,Housing unsatisfactory (finding),1,500
1973-07-01,Housing unsatisfactory (finding),1,500
1974-02-01,Housing unsatisfactory (finding),2,1000
1974-11-01,Housing unsatisfactory (finding),1,500
1975-01-01,Housing unsatisfactory (finding),1,500
1975-05-01,Housing unsatisfactory (finding),1,500
1975-06-01,Housing unsatisfactory (finding),1,500
1975-10-01,Housing unsatisfactory (finding),1,500
1976-02-01,Housing unsatisfactory (finding),1,500
1976-04-01,Housing unsatisfactory (finding),1,500
1976-07-01,Housing unsatisfactory (finding),2,1000
1977-01-01,Housing unsatisfactory (finding),1,500
1977-02-01,Housing unsatisfactory (finding),1,500
1977-03-01,Housing unsatisfactory (finding),1,500
1977-09-01,Housing unsatisfactory (finding),1,500
1977-11-01,Housing unsatisfactory (finding),1,500
1978-02-01,Housing unsatisfactory (finding),1,500
1978-04-01,Housing unsatisfactory (finding),1,500
1978-12-01,Housing unsatisfactory (finding),2,1000
1979-02-01,Housing unsatisfactory (finding),1,500
1979-04-01,Housing unsatisfactory (finding),2,1000
1979-06-01,Housing unsatisfactory (finding),1,500
1979-08-01,Housing unsatisfactory (finding),2,1000
1979-11-01,Housing unsatisfactory (finding),1,500
1979-12-01,Housing unsatisfactory (finding),3,1500
1980-04-01,Housing unsatisfactory (finding),1,500
1980-06-01,Housing unsatisfactory (finding),1,500
1980-07-01,Housing unsatisfactory (finding),1,500
1980-09-01,Housing unsatisfactory (finding),1,500
1980-10-01,Housing unsatisfactory (finding),2,1000
1981-03-01,Housing unsatisfactory (finding),1,500
1981-05-01,Housing unsatisfactory (finding),1,500
1981-10-01,Housing unsatisfactory (finding),1,500
1982-02-01,Housing unsatisfactory (finding),1,500
1982-09-01,Housing unsatisfactory (finding),1,500
1982-12-01,Housing unsatisfactory (finding),1,500
1983-02-01,Housing unsatisfactory (finding),1,500
1983-07-01,Housing unsatisfactory (finding),1,500
1983-08-01,Housing unsatisfactory (finding),1,500
1983-12-01,Housing unsatisfactory (finding),1,500
1984-02-01,Housing unsatisfactory (finding),1,500
1984-05-01,Housing unsatisfactory (finding),2,1000
1984-09-01,Housing unsatisfactory (finding),1,500
1985-04-01,Housing unsatisfactory (finding),1,500
1985-08-01,Housing unsatisfactory (finding),1,500
1985-12-01,Housing unsatisfactory (finding),1,500
1986-02-01,Housing unsatisfactory (finding),1,500
1986-04-01,Housing unsatisfactory (finding),1,500
1986-05-01,Housing unsatisfactory (finding),2,1000
1986-07-01,Housing unsatisfactory (finding),2,1000
1986-08-01,Housing unsatisfactory (finding),1,500
1986-09-01,Housing unsatisfactory (finding),2,1000
1986-12-01,Housing unsatisfactory (finding),1,500
1987-04-01,Housing unsatisfactory (finding),1,500
1987-06-01,Housing unsatisfactory (finding),2,1000
1987-09-01,Housing unsatisfactory (finding),2,1000
1987-10-01,Housing unsatisfactory (finding),1,500
1988-01-01,Housing unsatisfactory (finding),1,500
1988-02-01,Housing unsatisfactory (finding),1,500
1988-03-01,Housing unsatisfactory (finding),1,500
1988-04-01,Housing unsatisfactory (finding),1,500
1988-11-01,Housing unsatisfactory (finding),2,1000
1988-12-01,Housing unsatisfactory (finding),2,1000
1989-05-01,Housing unsatisfactory (finding),1,500
1989-07-01,Housing unsatisfactory (finding),1,500
1989-11-01,Housing unsatisfactory (finding),1,500
1989-12-01,Housing unsatisfactory (finding),1,500
1990-02-01,Housing unsatisfactory (finding),1,500
1990-04-01,Housing unsatisfactory (finding),1,500
1990-05-01,Housing unsatisfactory (finding),1,500
1990-08-01,Housing unsatisfactory (finding),1,500
1990-10-01,Housing unsatisfactory (finding),1,500
1991-03-01,Housing unsatisfactory (finding),1,500
1991-07-01,Housing unsatisfactory (finding),2,1000
1991-09-01,Housing unsatisfactory (finding),1,500
1991-11-01,Housing unsatisfactory (finding),1,500
1992-05-01,Housing unsatisfactory (finding),1,500
1992-07-01,Housing unsatisfactory (finding),1,500
1992-09-01,Housing unsatisfactory (finding),1,500
1993-01-01,Housing unsatisfactory (finding),1,500
1993-06-01,Housing unsatisfactory (finding),1,500
1993-08-01,Housing unsatisfactory (finding),1,500
1994-04-01,Housing unsatisfactory (finding),1,500
1994-06-01,Housing unsatisfactory (finding),3,1500
1994-11-01,Housing unsatisfactory (finding),1,500
1995-01-01,Housing unsatisfactory (finding),1,500
1995-02-01,Housing unsatisfactory (finding),1,500
1995-03-01,Housing unsatisfactory (finding),1,500
1995-07-01,Housing unsatisfactory (finding),3,1500
1995-10-01,Housing unsatisfactory (finding),1,500
1996-01-01,Housing unsatisfactory (finding),1,500
1996-04-01,Housing unsatisfactory (finding),2,1000
1996-05-01,Housing unsatisfactory (finding),1,500
1996-06-01,Housing unsatisfactory (finding),1,500
1996-08-01,Housing unsatisfactory (finding),1,500
1996-09-01,Housing unsatisfactory (finding),1,500
1996-10-01,Housing unsatisfactory (finding),1,500
1996-11-01,Housing unsatisfactory (finding),1,500
1996-12-01,Housing unsatisfactory (finding),1,500
1997-01-01,Housing unsatisfactory (finding),1,500
1997-05-01,Housing unsatisfactory (finding),1,500
1997-07-01,Housing unsatisfactory (finding),1,500
1997-08-01,Housing unsatisfactory (finding),1,500
1997-11-01,Housing unsatisfactory (finding),1,500
1998-02-01,Housing unsatisfactory (finding),1,500
1998-06-01,Housing unsatisfactory (finding),2,1000
1998-07-01,Housing unsatisfactory (finding),2,1000
1998-08-01,Housing unsatisfactory (finding),2,1000
1998-09-01,Housing unsatisfactory (finding),1,500
1998-10-01,Housing unsatisfactory (finding),1,500
1999-01-01,Housing unsatisfactory (finding),1,500
1999-03-01,Housing unsatisfactory (finding),1,500
1999-10-01,Housing unsatisfactory (finding),1,500
1999-11-01,Housing unsatisfactory (finding),1,500
2000-01-01,Housing unsatisfactory (finding),1,500
2000-08-01,Housing unsatisfactory (finding),2,1000
2000-11-01,Housing unsatisfactory (finding),1,500
2001-05-01,Housing unsatisfactory (finding),1,500
2001-10-01,Housing unsatisfactory (finding),1,500
2001-11-01,Housing unsatisfactory (finding),2,1000
2002-01-01,Housing unsatisfactory (finding),1,500
2002-02-01,Housing unsatisfactory (finding),1,500
2002-05-01,Housing unsatisfactory (finding),1,500
2002-08-01,Housing unsatisfactory (finding),1,500
2002-11-01,Housing unsatisfactory (finding),1,500
2003-01-01,Housing unsatisfactory (finding),3,1500
2003-04-01,Housing unsatisfactory (finding),1,500
2003-05-01,Housing unsatisfactory (finding),1,500
2004-02-01,Housing unsatisfactory (finding),1,500
2004-04-01,Housing unsatisfactory (finding),1,500
2004-06-01,Housing unsatisfactory (finding),1,500
2004-07-01,Housing unsatisfactory (finding),1,500
2004-08-01,Housing unsatisfactory (finding),2,1000
2004-10-01,Housing unsatisfactory (finding),1,500
2005-03-01,Housing unsatisfactory (finding),1,500
2006-02-01,Housing unsatisfactory (finding),2,1000
2006-06-01,Housing unsatisfactory (finding),1,500
2007-04-01,Housing unsatisfactory (finding),1,500
2007-08-01,Housing unsatisfactory (finding),2,1000
2007-10-01,Housing unsatisfactory (finding),1,500
2007-11-01,Housing unsatisfactory (finding),1,500
2008-07-01,Housing unsatisfactory (finding),2,1000
2008-10-01,Housing unsatisfactory (finding),2,1000
2009-01-01,Housing unsatisfactory (finding),1,500
2009-08-01,Housing unsatisfactory (finding),2,1000
2010-01-01,Housing unsatisfactory (finding),1,500
2010-02-01,Housing unsatisfactory (finding),2,1000
2010-05-01,Housing unsatisfactory (finding),2,1000
2010-06-01,Housing unsatisfactory (finding),1,500
2010-09-01,Housing unsatisfactory (finding),2,1000
2010-10-01,Housing unsatisfactory (finding),1,500
2011-05-01,Housing unsatisfactory (finding),2,1000
2011-11-01,Housing unsatisfactory (finding),1,500
2012-01-01,Housing unsatisfactory (finding),3,1500
2012-05-01,Housing unsatisfactory (finding),2,1000
2012-09-01,Housing unsatisfactory (finding),1,500
2012-12-01,Housing unsatisfactory (finding),1,500
2013-01-01,Housing unsatisfactory (finding),1,500
2013-05-01,Housing unsatisfactory (finding),1,500
2013-09-01,Housing unsatisfactory (finding),1,500
2013-10-01,Housing unsatisfactory (finding),1,500
2013-11-01,Housing unsatisfactory (finding),1,500
2014-03-01,Housing unsatisfactory (finding),1,500
2014-08-01,Housing unsatisfactory (finding),1,500
2014-11-01,Housing unsatisfactory (finding),1,500
2015-08-01,Housing unsatisfactory (finding),1,500
2015-12-01,Housing unsatisfactory (finding),1,500
2016-01-01,Housing unsatisfactory (finding),1,500
2016-06-01,Housing unsatisfactory (finding),1,500
2016-07-01,Housing unsatisfactory (finding),1,500
2016-10-01,Housing unsatisfactory (finding),1,500
2017-05-01,Housing unsatisfactory (finding),2,1000
2017-06-01,Housing unsatisfactory (finding),1,500
2017-07-01,Housing unsatisfactory (finding),1,500
2017-09-01,Housing unsatisfactory (finding),1,500
2017-10-01,Housing unsatisfactory (finding),1,500
2017-11-01,Housing unsatisfactory (finding),1,500
2018-01-01,Housing unsatisfactory (finding),1,500
2018-05-01,Housing unsatisfactory (finding),1,500
2018-07-01,Housing unsatisfactory (finding),1,500
2018-08-01,Housing unsatisfactory (finding),1,500
2018-11-01,Housing unsatisfactory (finding),2,1000
2019-05-01,Housing unsatisfactory (finding),1,500
2019-08-01,Housing unsatisfactory (finding),1,500
2019-09-01,Housing unsatisfactory (finding),1,500
2019-11-01,Housing unsatisfactory (finding),2,1000
2020-01-01,Housing unsatisfactory (finding),1,500
2020-08-01,Housing unsatisfactory (finding),1,500
2020-10-01,Housing unsatisfactory (finding),1,500
2020-12-01,Housing unsatisfactory (finding),1,500
2021-01-01,Housing unsatisfactory (finding),2,1000
2021-03-01,Housing unsatisfactory (finding),1,500
2021-06-01,Housing unsatisfactory (finding),1,500
2021-09-01,Housing unsatisfactory (finding),1,500
2022-02-01,Housing unsatisfactory (finding),1,500
2022-04-01,Housing unsatisfactory (finding),1,500
2022-05-01,Housing unsatisfactory (finding),1,500
2022-06-01,Housing unsatisfactory (finding),1,500
2022-08-01,Housing unsatisfactory (finding),1,500
2022-12-01,Housing unsatisfactory (finding),2,1000
2023-02-01,Housing unsatisfactory (finding),1,500
2023-03-01,Housing unsatisfactory (finding),1,500
2023-06-01,Housing unsatisfactory (finding),1,500
2023-07-01,Housing unsatisfactory (finding),1,500
2023-08-01,Housing unsatisfactory (finding),1,500
2023-09-01,Housing unsatisfactory (finding),1,500
2023-12-01,Housing unsatisfactory (finding),2,1000
2024-02-01,Housing unsatisfactory (finding),1,500
2024-03-01,Housing unsatisfactory (finding),1,500
2024-04-01,Housing unsatisfactory (finding),1,500
2024-09-01,Housing unsatisfactory (finding),2,1000
2024-11-01,Housing unsatisfactory (finding),1,500
2025-01-01,Housing unsatisfactory (finding),1,500
2025-03-01,Housing unsatisfactory (finding),1,500
2025-04-01,Housing unsatisfactory (finding),1,500
2025-06-01,Housing unsatisfactory (finding),1,500
2025-09-01,Housing unsatisfactory (finding),1,500
2025-11-01,Housing unsatisfactory (finding),1,500
2025-12-01,Housing unsatisfactory (finding),1,500
1939-12-01,Limited social contact (finding),1,500
1941-05-01,Limited social contact (finding),1,500
1944-12-01,Limited social contact (finding),1,500
1945-02-01,Limited social contact (finding),1,500
1946-01-01,Limited social contact (finding),1,500
1953-03-01,Limited social contact (finding),1,500
1955-02-01,Limited social contact (finding),1,500
1963-11-01,Limited social contact (finding),1,500
1964-08-01,Limited social contact (finding),1,500
1965-02-01,Limited social contact (finding),1,500
1965-08-01,Limited social contact (finding),2,1000
1965-09-01,Limited social contact (finding),1,500
1966-04-01,Limited social contact (finding),1,500
1966-05-01,Limited social contact (finding),1,500
1968-10-01,Limited social contact (finding),1,500
1969-10-01,Limited social contact (finding),1,500
1969-11-01,Limited social contact (finding),1,500
1971-02-01,Limited social contact (finding),1,500
1973-07-01,Limited social contact (finding),1,500
1973-08-01,Limited social contact (finding),1,500
1973-11-01,Limited social contact (finding),1,500
1974-10-01,Limited social contact (finding),1,500
1974-11-01,Limited social contact (finding),1,500
1975-03-01,Limited social contact (finding),1,500
1975-12-01,Limited social contact (finding),1,500
1977-07-01,Limited social contact (finding),1,500
1978-01-01,Limited social contact (finding),1,500
1978-03-01,Limited social contact (finding),1,500
1978-04-01,Limited social contact (finding),1,500
1978-05-01,Limited social contact (finding),1,500
1978-06-01,Limited social contact (finding),2,1000
1978-10-01,Limited social contact (finding),1,500
1979-01-01,Limited social contact (finding),1,500
1979-02-01,Limited social contact (finding),1,500
1979-07-01,Limited social contact (finding),1,500
1979-10-01,Limited social contact (finding),1,500
1979-11-01,Limited social contact (finding),2,1000
1980-02-01,Limited social contact (finding),1,500
1980-09-01,Limited social contact (finding),2,1000
1981-01-01,Limited social contact (finding),1,500
1981-02-01,Limited social contact (finding),1,500
1981-05-01,Limited social contact (finding),1,500
1981-07-01,Limited social contact (finding),1,500
1981-08-01,Limited social contact (finding),1,500
1981-11-01,Limited social contact (finding),1,500
1982-02-01,Limited social contact (finding),1,500
1982-06-01,Limited social contact (finding),1,500
1982-11-01,Limited social contact (finding),1,500
1982-12-01,Limited social contact (finding),3,1500
1983-06-01,Limited social contact (finding),1,500
1983-08-01,Limited social contact (finding),1,500
1983-10-01,Limited social contact (finding),1,500
1983-12-01,Limited social contact (finding),3,1500
1984-04-01,Limited social contact (finding),1,500
1984-07-01,Limited social contact (finding),3,1500
1984-08-01,Limited social contact (finding),1,500
1984-12-01,Limited social contact (finding),1,500
1985-01-01,Limited social contact (finding),1,500
1985-02-01,Limited social contact (finding),1,500
1985-03-01,Limited social contact (finding),1,500
1985-07-01,Limited social contact (finding),1,500
1985-08-01,Limited social contact (finding),1,500
1985-12-01,Limited social contact (finding),1,500
1986-01-01,Limited social contact (finding),1,500
1986-05-01,Limited social contact (finding),2,1000
1986-11-01,Limited social contact (finding),1,500
1986-12-01,Limited social contact (finding),1,500
1987-02-01,Limited social contact (finding),1,500
1987-03-01,Limited social contact (finding),1,500
1987-04-01,Limited social contact (finding),1,500
1987-07-01,Limited social contact (finding),1,500
1987-08-01,Limited social contact (finding),1,500
1987-09-01,Limited social contact (finding),1,500
1987-10-01,Limited social contact (finding),1,500
1988-02-01,Limited social contact (finding),3,1500
1988-03-01,Limited social contact (finding),1,500
1988-04-01,Limited social contact (finding),2,1000
1988-06-01,Limited social contact (finding),1,500
1988-07-01,Limited social contact (finding),4,2000
1988-08-01,Limited social contact (finding),1,500
1988-09-01,Limited social contact (finding),1,500
1988-10-01,Limited social contact (finding),1,500
1988-12-01,Limited social contact (finding),2,1000
1989-03-01,Limited social contact (finding),2,1000
1989-04-01,Limited social contact (finding),1,500
1989-06-01,Limited social contact (finding),1,500
1989-07-01,Limited social contact (finding),1,500
1989-12-01,Limited social contact (finding),3,1500
1990-09-01,Limited social contact (finding),1,500
1990-10-01,Limited social contact (finding),1,500
1990-11-01,Limited social contact (finding),1,500
1991-01-01,Limited social contact (finding),1,500
1991-02-01,Limited social contact (finding),1,500
1991-03-01,Limited social contact (finding),1,500
1991-05-01,Limited social contact (finding),2,1000
1991-06-01,Limited social contact (finding),1,500
1991-07-01,Limited social contact (finding),1,500
1991-10-01,Limited social contact (finding),1,500
1991-11-01,Limited social contact (finding),1,500
1991-12-01,Limited social contact (finding),1,500
1992-01-01,Limited social contact (finding),1,500
1992-02-01,Limited social contact (finding),1,500
1992-03-01,Limited social contact (finding),1,500
1992-08-01,Limited social contact (finding),1,500
1992-09-01,Limited social contact (finding),1,500
1992-11-01,Limited social contact (finding),2,1000
1993-02-01,Limited social contact (finding),1,500
1993-04-01,Limited social contact (finding),1,500
1993-07-01,Limited social contact (finding),2,1000
1993-09-01,Limited social contact (finding),2,1000
1993-11-01,Limited social contact (finding),1,500
1993-12-01,Limited social contact (finding),2,1000
1994-02-01,Limited social contact (finding),2,1000
1994-06-01,Limited social contact (finding),1,500
1994-07-01,Limited social contact (finding),2,1000
1994-08-01,Limited social contact (finding),1,500
1994-09-01,Limited social contact (finding),1,500
1994-10-01,Limited social contact (finding),1,500
1994-11-01,Limited social contact (finding),1,500
1994-12-01,Limited social contact (finding),1,500
1995-02-01,Limited social contact (finding),1,500
1995-05-01,Limited social contact (finding),1,500
1995-06-01,Limited social contact (finding),1,500
1995-07-01,Limited social contact (finding),4,2000
1995-08-01,Limited social contact (finding),1,500
1995-09-01,Limited social contact (finding),1,500
1995-11-01,Limited social contact (finding),1,500
1995-12-01,Limited social contact (finding),1,500
1996-01-01,Limited social contact (finding),1,500
1996-02-01,Limited social contact (finding),1,500
1996-03-01,Limited social contact (finding),2,1000
1996-05-01,Limited social contact (finding),1,500
1996-06-01,Limited social contact (finding),1,500
1996-07-01,Limited social contact (finding),1,500
1996-08-01,Limited social contact (finding),2,1000
1996-10-01,Limited social contact (finding),1,500
1997-01-01,Limited social contact (finding),1,500
1997-02-01,Limited social contact (finding),2,1000
1997-03-01,Limited social contact (finding),1,500
1997-06-01,Limited social contact (finding),3,1500
1997-07-01,Limited social contact (finding),1,500
1997-08-01,Limited social contact (finding),1,500
1997-09-01,Limited social contact (finding),2,1000
1997-10-01,Limited social contact (finding),1,500
1997-12-01,Limited social contact (finding),1,500
1998-02-01,Limited social contact (finding),1,500
1998-06-01,Limited social contact (finding),1,500
1998-07-01,Limited social contact (finding),3,1500
1998-08-01,Limited social contact (finding),2,1000
1998-10-01,Limited social contact (finding),2,1000
1998-11-01,Limited social contact (finding),1,500
1998-12-01,Limited social contact (finding),1,500
1999-01-01,Limited social contact (finding),4,2000
1999-05-01,Limited social contact (finding),1,500
1999-06-01,Limited social contact (finding),1,500
1999-07-01,Limited social contact (finding),1,500
1999-08-01,Limited social contact (finding),1,500
1999-09-01,Limited social contact (finding),1,500
1999-11-01,Limited social contact (finding),1,500
1999-12-01,Limited social contact (finding),2,1000
2000-01-01,Limited social contact (finding),1,500
2000-03-01,Limited social contact (finding),2,1000
2000-04-01,Limited social contact (finding),3,1500
2000-05-01,Limited social contact (finding),1,500
2000-06-01,Limited social contact (finding),2,1000
2000-07-01,Limited social contact (finding),2,1000
2000-08-01,Limited social contact (finding),1,500
2000-09-01,Limited social contact (finding),1,500
2000-11-01,Limited social contact (finding),1,500
2000-12-01,Limited social contact (finding),1,500
2001-01-01,Limited social contact (finding),1,500
2001-02-01,Limited social contact (finding),1,500
2001-03-01,Limited social contact (finding),5,2500
2001-04-01,Limited social contact (finding),1,500
2001-05-01,Limited social contact (finding),1,500
2001-07-01,Limited social contact (finding),2,1000
2001-08-01,Limited social contact (finding),2,1000
2001-09-01,Limited social contact (finding),1,500
2001-11-01,Limited social contact (finding),1,500
2002-01-01,Limited social contact (finding),1,500
2002-03-01,Limited social contact (finding),1,500
2002-06-01,Limited social contact (finding),1,500
2002-08-01,Limited social contact (finding),3,1500
2002-09-01,Limited social contact (finding),1,500
2002-10-01,Limited social contact (finding),1,500
2002-12-01,Limited social contact (finding),1,500
2003-01-01,Limited social contact (finding),2,1000
2003-03-01,Limited social contact (finding),1,500
2003-05-01,Limited social contact (finding),1,500
2003-06-01,Limited social contact (finding),1,500
2003-08-01,Limited social contact (finding),2,1000
2003-09-01,Limited social contact (finding),3,1500
2003-12-01,Limited social contact (finding),1,500
2004-01-01,Limited social contact (finding),1,500
2004-02-01,Limited social contact (finding),2,1000
2004-05-01,Limited social contact (finding),1,500
2004-06-01,Limited social contact (finding),1,500
2004-07-01,Limited social contact (finding),1,500
2004-08-01,Limited social contact (finding),1,500
2004-10-01,Limited social contact (finding),1,500
2004-11-01,Limited social contact (finding),3,1500
2004-12-01,Limited social contact (finding),1,500
2005-01-01,Limited social contact (finding),3,1500
2005-02-01,Limited social contact (finding),2,1000
2005-03-01,Limited social contact (finding),3,1500
2005-04-01,Limited social contact (finding),2,1000
2005-05-01,Limited social contact (finding),1,500
2005-07-01,Limited social contact (finding),1,500
2005-08-01,Limited social contact (finding),4,2000
2005-10-01,Limited social contact (finding),3,1500
2005-11-01,Limited social contact (finding),2,1000
2006-01-01,Limited social contact (finding),1,500
2006-03-01,Limited social contact (finding),2,1000
2006-04-01,Limited social contact (finding),1,500
2006-05-01,Limited social contact (finding),4,2000
2006-06-01,Limited social contact (finding),3,1500
2006-07-01,Limited social contact (finding),1,500
2006-08-01,Limited social contact (finding),1,500
2006-10-01,Limited social contact (finding),3,1500
2006-11-01,Limited social contact (finding),2,1000
2007-01-01,Limited social contact (finding),1,500
2007-02-01,Limited social contact (finding),2,1000
2007-03-01,Limited social contact (finding),1,500
2007-04-01,Limited social contact (finding),2,1000
2007-05-01,Limited social contact (finding),1,500
2007-06-01,Limited social contact (finding),2,1000
2007-08-01,Limited social contact (finding),2,1000
2007-09-01,Limited social contact (finding),3,1500
2007-11-01,Limited social contact (finding),1,500
2007-12-01,Limited social contact (finding),3,1500
2008-01-01,Limited social contact (finding),3,1500
2008-02-01,Limited social contact (finding),2,1000
2008-04-01,Limited social contact (finding),2,1000
2008-05-01,Limited social contact (finding),2,1000
2008-06-01,Limited social contact (finding),2,1000
2008-07-01,Limited social contact (finding),3,1500
2008-08-01,Limited social contact (finding),3,1500
2008-10-01,Limited social contact (finding),2,1000
2008-11-01,Limited social contact (finding),2,1000
2008-12-01,Limited social contact (finding),2,1000
2009-01-01,Limited social contact (finding),2,1000
2009-02-01,Limited social contact (finding),3,1500
2009-03-01,Limited social contact (finding),4,2000
2009-04-01,Limited social contact (finding),3,1500
2009-05-01,Limited social contact (finding),2,1000
2009-07-01,Limited social contact (finding),1,500
2009-08-01,Limited social contact (finding),2,1000
2009-09-01,Limited social contact (finding),1,500
2009-10-01,Limited social contact (finding),1,500
2009-11-01,Limited social contact (finding),1,500
2009-12-01,Limited social contact (finding),2,1000
2010-01-01,Limited social contact (finding),2,1000
2010-02-01,Limited social contact (finding),3,1500
2010-04-01,Limited social contact (finding),1,500
2010-05-01,Limited social contact (finding),2,1000
2010-06-01,Limited social contact (finding),4,2000
2010-07-01,Limited social contact (finding),1,500
2010-08-01,Limited social contact (finding),3,1500
2010-09-01,Limited social contact (finding),3,1500
2010-10-01,Limited social contact (finding),4,2000
2010-11-01,Limited social contact (finding),1,500
2010-12-01,Limited social contact (finding),4,2000
2011-01-01,Limited social contact (finding),2,1000
2011-02-01,Limited social contact (finding),1,500
2011-03-01,Limited social contact (finding),2,1000
2011-04-01,Limited social contact (finding),4,2000
2011-05-01,Limited social contact (finding),4,2000
2011-06-01,Limited social contact (finding),3,1500
2011-07-01,Limited social contact (finding),5,2500
2011-08-01,Limited social contact (finding),1,500
2011-09-01,Limited social contact (finding),5,2500
2011-11-01,Limited social contact (finding),4,2000
2012-01-01,Limited social contact (finding),2,1000
2012-02-01,Limited social contact (finding),2,1000
2012-03-01,Limited social contact (finding),4,2000
2012-04-01,Limited social contact (finding),1,500
2012-05-01,Limited social contact (finding),7,3500
2012-06-01,Limited social contact (finding),1,500
2012-07-01,Limited social contact (finding),8,4000
2012-08-01,Limited social contact (finding),2,1000
2012-09-01,Limited social contact (finding),5,2500
2012-10-01,Limited social contact (finding),2,1000
2012-12-01,Limited social contact (finding),4,2000
2013-01-01,Limited social contact (finding),1,500
2013-02-01,Limited social contact (finding),2,1000
2013-03-01,Limited social contact (finding),2,1000
2013-04-01,Limited social contact (finding),3,1500
2013-05-01,Limited social contact (finding),2,1000
2013-06-01,Limited social contact (finding),5,2500
2013-07-01,Limited social contact (finding),3,1500
2013-08-01,Limited social contact (finding),5,2500
2013-09-01,Limited social contact (finding),6,3000
2013-10-01,Limited social contact (finding),4,2000
2013-11-01,Limited social contact (finding),2,1000
2013-12-01,Limited social contact (finding),4,2000
2014-01-01,Limited social contact (finding),6,3000
2014-02-01,Limited social contact (finding),6,3000
2014-03-01,Limited social contact (finding),8,4000
2014-04-01,Limited social contact (finding),1,500
2014-05-01,Limited social contact (finding),9,4500
2014-06-01,Limited social contact (finding),6,3000
2014-07-01,Limited social contact (finding),3,1500
2014-08-01,Limited social contact (finding),4,2000
2014-09-01,Limited social contact (finding),5,2500
2014-10-01,Limited social contact (finding),5,2500
2014-11-01,Limited social contact (finding),3,1500
2014-12-01,Limited social contact (finding),5,2500
2015-01-01,Limited social contact (finding),3,1500
2015-02-01,Limited social contact (finding),12,6000
2015-03-01,Limited social contact (finding),6,3000
2015-04-01,Limited social contact (finding),6,3000
2015-05-01,Limited social contact (finding),4,2000
2015-06-01,Limited social contact (finding),12,6000
2015-07-01,Limited social contact (finding),10,5000
2015-08-01,Limited social contact (finding),11,5500
2015-09-01,Limited social contact (finding),5,2500
2015-10-01,Limited social contact (finding),7,3500
2015-11-01,Limited social contact (finding),6,3000
2015-12-01,Limited social contact (finding),3,1500
2016-01-01,Limited social contact (finding),16,8000
2016-02-01,Limited social contact (finding),11,5500
2016-03-01,Limited social contact (finding),17,8500
2016-04-01,Limited social contact (finding),13,6500
2016-05-01,Limited social contact (finding),8,4000
2016-06-01,Limited social contact (finding),8,4000
2016-07-01,Limited social contact (finding),13,6500
2016-08-01,Limited social contact (finding),5,2500
2016-09-01,Limited social contact (finding),10,5000
2016-10-01,Limited social contact (finding),10,5000
2016-11-01,Limited social contact (finding),5,2500
2016-12-01,Limited social contact (finding),5,2500
2017-01-01,Limited social contact (finding),8,4000
2017-02-01,Limited social contact (finding),7,3500
2017-03-01,Limited social contact (finding),17,8500
2017-04-01,Limited social contact (finding),11,5500
2017-05-01,Limited social contact (finding),15,7500
2017-06-01,Limited social contact (finding),8,4000
2017-07-01,Limited social contact (finding),9,4500
2017-08-01,Limited social contact (finding),16,8000
2017-09-01,Limited social contact (finding),5,2500
2017-10-01,Limited social contact (finding),11,5500
2017-11-01,Limited social contact (finding),4,2000
2017-12-01,Limited social contact (finding),6,3000
2018-01-01,Limited social contact (finding),13,6500
2018-02-01,Limited social contact (finding),8,4000
2018-03-01,Limited social contact (finding),14,7000
2018-04-01,Limited social contact (finding),9,4500
2018-05-01,Limited social contact (finding),3,1500
2018-06-01,Limited social contact (finding),9,4500
2018-07-01,Limited social contact (finding),12,6000
2018-08-01,Limited social contact (finding),10,5000
2018-09-01,Limited social contact (finding),9,4500
2018-10-01,Limited social contact (finding),6,3000
2018-11-01,Limited social contact (finding),11,5500
2018-12-01,Limited social contact (finding),9,4500
2019-01-01,Limited social contact (finding),9,4500
2019-02-01,Limited social contact (finding),8,4000
2019-03-01,Limited social contact (finding),22,11000
2019-04-01,Limited social contact (finding),4,2000
2019-05-01,Limited social contact (finding),11,5500
2019-06-01,Limited social contact (finding),9,4500
2019-07-01,Limited social contact (finding),5,2500
2019-08-01,Limited social contact (finding),14,7000
2019-09-01,Limited social contact (finding),8,4000
2019-10-01,Limited social contact (finding),11,5500
2019-11-01,Limited social contact (finding),14,7000
2019-12-01,Limited social contact (finding),7,3500
2020-01-01,Limited social contact (finding),14,7000
2020-02-01,Limited social contact (finding),7,3500
2020-03-01,Limited social contact (finding),13,6500
2020-04-01,Limited social contact (finding),9,4500
2020-05-01,Limited social contact (finding),9,4500
2020-06-01,Limited social contact (finding),14,7000
2020-07-01,Limited social contact (finding),15,7500
2020-08-01,Limited social contact (finding),15,7500
2020-09-01,Limited social contact (finding),11,5500
2020-10-01,Limited social contact (finding),7,3500
2020-11-01,Limited social contact (finding),15,7500
2020-12-01,Limited social contact (finding),7,3500
2021-01-01,Limited social contact (finding),9,4500
2021-02-01,Limited social contact (finding),11,5500
2021-03-01,Limited social contact (finding),24,12000
2021-04-01,Limited social contact (finding),18,9000
2021-05-01,Limited social contact (finding),14,7000
2021-06-01,Limited social contact (finding),15,7500
2021-07-01,Limited social contact (finding),7,3500
2021-08-01,Limited social contact (finding),8,4000
2021-09-01,Limited social contact (finding),15,7500
2021-10-01,Limited social contact (finding),17,8500
2021-11-01,Limited social contact (finding),10,5000
2021-12-01,Limited social contact (finding),6,3000
2022-01-01,Limited social contact (finding),16,8000
2022-02-01,Limited social contact (finding),10,5000
2022-03-01,Limited social contact (finding),11,5500
2022-04-01,Limited social contact (finding),13,6500
2022-05-01,Limited social contact (finding),13,6500
2022-06-01,Limited social contact (finding),6,3000
2022-07-01,Limited social contact (finding),6,3000
2022-08-01,Limited social contact (finding),13,6500
2022-09-01,Limited social contact (finding),11,5500
2022-10-01,Limited social contact (finding),7,3500
2022-11-01,Limited social contact (finding),13,6500
2022-12-01,Limited social contact (finding),7,3500
2023-01-01,Limited social contact (finding),7,3500
2023-02-01,Limited social contact (finding),11,5500
2023-03-01,Limited social contact (finding),8,4000
2023-04-01,Limited social contact (finding),21,10500
2023-05-01,Limited social contact (finding),10,5000
2023-06-01,Limited social contact (finding),11,5500
2023-07-01,Limited social contact (finding),6,3000
2023-08-01,Limited social contact (finding),5,2500
2023-09-01,Limited social contact (finding),13,6500
2023-10-01,Limited social contact (finding),14,7000
2023-11-01,Limited social contact (finding),12,6000
2023-12-01,Limited social contact (finding),12,6000
2024-01-01,Limited social contact (finding),6,3000
2024-02-01,Limited social contact (finding),8,4000
2024-03-01,Limited social contact (finding),10,5000
2024-04-01,Limited social contact (finding),15,7500
2024-05-01,Limited social contact (finding),13,6500
2024-06-01,Limited social contact (finding),9,4500
2024-07-01,Limited social contact (finding),16,8000
2024-08-01,Limited social contact (finding),14,7000
2024-09-01,Limited social contact (finding),10,5000
2024-10-01,Limited social contact (finding),18,9000
2024-11-01,Limited social contact (finding),11,5500
2024-12-01,Limited social contact (finding),11,5500
2025-01-01,Limited social contact (finding),13,6500
2025-02-01,Limited social contact (finding),18,9000
2025-03-01,Limited social contact (finding),11,5500
2025-04-01,Limited social contact (finding),15,7500
2025-05-01,Limited social contact (finding),9,4500
2025-06-01,Limited social contact (finding),13,6500
2025-07-01,Limited social contact (finding),18,9000
2025-08-01,Limited social contact (finding),15,7500
2025-09-01,Limited social contact (finding),12,6000
2025-10-01,Limited social contact (finding),12,6000
2025-11-01,Limited social contact (finding),7,3500
2025-12-01,Limited social contact (finding),6,3000
2026-01-01,Limited social contact (finding),10,5000
1932-06-01,Medication review due (situation),1,500
1934-07-01,Medication review due (situation),1,500
1935-05-01,Medication review due (situation),1,500
1937-05-01,Medication review due (situation),1,500
1937-07-01,Medication review due (situation),1,500
1938-05-01,Medication review due (situation),1,500
1938-11-01,Medication review due (situation),1,500
1940-06-01,Medication review due (situation),1,500
1940-08-01,Medication review due (situation),1,500
1940-12-01,Medication review due (situation),1,500
1941-06-01,Medication review due (situation),1,500
1941-12-01,Medication review due (situation),1,500
1942-06-01,Medication review due (situation),1,500
1942-12-01,Medication review due (situation),1,500
1943-05-01,Medication review due (situation),1,500
1943-12-01,Medication review due (situation),1,500
1944-12-01,Medication review due (situation),1,500
1947-01-01,Medication review due (situation),1,500
1948-01-01,Medication review due (situation),1,500
1949-07-01,Medication review due (situation),1,500
1950-07-01,Medication review due (situation),1,500
1953-08-01,Medication review due (situation),1,500
1954-08-01,Medication review due (situation),1,500
1954-10-01,Medication review due (situation),1,500
1955-08-01,Medication review due (situation),1,1000
1955-12-01,Medication review due (situation),1,500
1957-03-01,Medication review due (situation),1,500
1957-04-01,Medication review due (situation),1,500
1957-08-01,Medication review due (situation),2,1000
1958-09-01,Medication review due (situation),1,500
1959-07-01,Medication review due (situation),1,500
1960-03-01,Medication review due (situation),1,500
1960-09-01,Medication review due (situation),1,500
1961-03-01,Medication review due (situation),2,1000
1961-04-01,Medication review due (situation),1,500
1961-06-01,Medication review due (situation),1,500
1961-09-01,Medication review due (situation),1,500
1962-03-01,Medication review due (situation),1,500
1962-07-01,Medication review due (situation),1,500
1962-08-01,Medication review due (situation),1,500
1962-09-01,Medication review due (situation),2,1000
1962-10-01,Medication review due (situation),1,500
1962-12-01,Medication review due (situation),1,500
1963-01-01,Medication review due (situation),1,1000
1963-03-01,Medication review due (situation),1,500
1963-07-01,Medication review due (situation),1,500
1963-08-01,Medication review due (situation),1,500
1963-09-01,Medication review due (situation),1,500
1963-10-01,Medication review due (situation),1,500
1964-01-01,Medication review due (situation),1,500
1964-03-01,Medication review due (situation),1,500
1964-05-01,Medication review due (situation),1,500
1964-10-01,Medication review due (situation),3,1500
1965-02-01,Medication review due (situation),1,500
1965-03-01,Medication review due (situation),1,500
1965-05-01,Medication review due (situation),1,500
1965-06-01,Medication review due (situation),1,500
1965-08-01,Medication review due (situation),1,500
1965-10-01,Medication review due (situation),2,1000
1966-03-01,Medication review due (situation),3,1500
1966-09-01,Medication review due (situation),1,500
1966-12-01,Medication review due (situation),1,500
1967-02-01,Medication review due (situation),1,500
1967-04-01,Medication review due (situation),1,500
1967-05-01,Medication review due (situation),1,500
1967-07-01,Medication review due (situation),1,500
1967-08-01,Medication review due (situation),2,1000
1967-09-01,Medication review due (situation),3,1500
1968-01-01,Medication review due (situation),1,500
1968-04-01,Medication review due (situation),1,500
1968-05-01,Medication review due (situation),1,500
1968-08-01,Medication review due (situation),1,500
1968-09-01,Medication review due (situation),1,500
1968-10-01,Medication review due (situation),2,1000
1969-01-01,Medication review due (situation),2,1000
1969-04-01,Medication review due (situation),1,500
1969-07-01,Medication review due (situation),1,500
1969-08-01,Medication review due (situation),1,500
1969-09-01,Medication review due (situation),1,500
1969-10-01,Medication review due (situation),3,1500
1970-01-01,Medication review due (situation),2,1000
1970-04-01,Medication review due (situation),1,500
1970-05-01,Medication review due (situation),1,500
1970-06-01,Medication review due (situation),1,500
1970-07-01,Medication review due (situation),1,500
1970-09-01,Medication review due (situation),2,1000
1970-11-01,Medication review due (situation),2,1000
1970-12-01,Medication review due (situation),1,500
1971-01-01,Medication review due (situation),3,1500
1971-02-01,Medication review due (situation),1,500
1971-03-01,Medication review due (situation),2,1000
1971-04-01,Medication review due (situation),1,500
1971-07-01,Medication review due (situation),2,1000
1971-10-01,Medication review due (situation),3,1500
1971-11-01,Medication review due (situation),1,500
1972-01-01,Medication review due (situation),1,500
1972-03-01,Medication review due (situation),1,500
1972-08-01,Medication review due (situation),2,1000
1972-11-01,Medication review due (situation),1,500
1972-12-01,Medication review due (situation),1,500
1973-02-01,Medication review due (situation),1,500
1973-03-01,Medication review due (situation),1,500
1973-05-01,Medication review due (situation),1,500
1973-08-01,Medication review due (situation),2,1000
1973-09-01,Medication review due (situation),1,500
1974-03-01,Medication review due (situation),1,500
1974-04-01,Medication review due (situation),3,1500
1974-05-01,Medication review due (situation),1,500
1974-06-01,Medication review due (situation),1,500
1974-08-01,Medication review due (situation),2,1000
1974-09-01,Medication review due (situation),1,500
1974-10-01,Medication review due (situation),2,1000
1974-12-01,Medication review due (situation),1,500
1975-01-01,Medication review due (situation),2,1000
1975-02-01,Medication review due (situation),1,500
1975-05-01,Medication review due (situation),1,500
1975-07-01,Medication review due (situation),1,500
1975-09-01,Medication review due (situation),1,500
1975-10-01,Medication review due (situation),1,500
1975-12-01,Medication review due (situation),2,1000
1976-01-01,Medication review due (situation),1,500
1976-03-01,Medication review due (situation),1,1000
1976-04-01,Medication review due (situation),1,500
1976-05-01,Medication review due (situation),1,500
1976-07-01,Medication review due (situation),1,500
1976-08-01,Medication review due (situation),1,500
1976-09-01,Medication review due (situation),1,500
1976-10-01,Medication review due (situation),2,1000
1976-11-01,Medication review due (situation),1,500
1977-02-01,Medication review due (situation),1,500
1977-04-01,Medication review due (situation),1,500
1977-05-01,Medication review due (situation),3,1500
1977-07-01,Medication review due (situation),1,500
1977-08-01,Medication review due (situation),1,500
1977-09-01,Medication review due (situation),1,500
1977-10-01,Medication review due (situation),2,1000
1977-11-01,Medication review due (situation),2,1500
1977-12-01,Medication review due (situation),2,1000
1978-01-01,Medication review due (situation),1,500
1978-03-01,Medication review due (situation),1,500
1978-04-01,Medication review due (situation),1,500
1978-05-01,Medication review due (situation),4,2000
1978-06-01,Medication review due (situation),3,2000
1978-07-01,Medication review due (situation),5,3000
1978-09-01,Medication review due (situation),2,1000
1978-10-01,Medication review due (situation),1,500
1978-12-01,Medication review due (situation),3,1500
1979-01-01,Medication review due (situation),3,2000
1979-02-01,Medication review due (situation),2,1000
1979-03-01,Medication review due (situation),3,1500
1979-04-01,Medication review due (situation),1,500
1979-05-01,Medication review due (situation),1,500
1979-06-01,Medication review due (situation),3,1500
1979-09-01,Medication review due (situation),2,1000
1979-10-01,Medication review due (situation),2,1000
1979-12-01,Medication review due (situation),3,2000
1980-01-01,Medication review due (situation),2,1000
1980-03-01,Medication review due (situation),4,2000
1980-07-01,Medication review due (situation),1,500
1980-08-01,Medication review due (situation),1,500
1980-09-01,Medication review due (situation),2,1000
1980-10-01,Medication review due (situation),1,500
1980-11-01,Medication review due (situation),2,1000
1980-12-01,Medication review due (situation),1,500
1981-01-01,Medication review due (situation),3,1500
1981-02-01,Medication review due (situation),2,1000
1981-05-01,Medication review due (situation),5,2500
1981-06-01,Medication review due (situation),1,500
1981-07-01,Medication review due (situation),3,1500
1981-08-01,Medication review due (situation),2,1000
1981-09-01,Medication review due (situation),1,500
1981-10-01,Medication review due (situation),1,500
1981-11-01,Medication review due (situation),3,1500
1981-12-01,Medication review due (situation),2,1000
1982-01-01,Medication review due (situation),2,1000
1982-02-01,Medication review due (situation),4,2000
1982-03-01,Medication review due (situation),1,500
1982-04-01,Medication review due (situation),2,1000
1982-05-01,Medication review due (situation),1,500
1982-06-01,Medication review due (situation),3,1500
1982-07-01,Medication review due (situation),1,500
1982-08-01,Medication review due (situation),1,500
1982-09-01,Medication review due (situation),3,1500
1982-10-01,Medication review due (situation),1,500
1982-11-01,Medication review due (situation),2,1000
1982-12-01,Medication review due (situation),3,1500
1983-01-01,Medication review due (situation),2,1000
1983-02-01,Medication review due (situation),3,1500
1983-03-01,Medication review due (situation),4,2000
1983-04-01,Medication review due (situation),2,1500
1983-05-01,Medication review due (situation),1,500
1983-06-01,Medication review due (situation),3,1500
1983-07-01,Medication review due (situation),2,1000
1983-08-01,Medication review due (situation),5,2500
1983-09-01,Medication review due (situation),1,500
1983-10-01,Medication review due (situation),4,2500
1983-11-01,Medication review due (situation),2,1000
1983-12-01,Medication review due (situation),4,2000
1984-01-01,Medication review due (situation),4,2000
1984-02-01,Medication review due (situation),5,2500
1984-03-01,Medication review due (situation),1,500
1984-04-01,Medication review due (situation),3,2000
1984-05-01,Medication review due (situation),3,1500
1984-06-01,Medication review due (situation),1,500
1984-07-01,Medication review due (situation),3,3000
1984-08-01,Medication review due (situation),4,3000
1984-09-01,Medication review due (situation),2,1000
1984-10-01,Medication review due (situation),2,1000
1984-11-01,Medication review due (situation),2,1000
1984-12-01,Medication review due (situation),6,3000
1985-01-01,Medication review due (situation),1,500
1985-02-01,Medication review due (situation),1,500
1985-03-01,Medication review due (situation),2,1000
1985-04-01,Medication review due (situation),4,2000
1985-05-01,Medication review due (situation),2,1000
1985-06-01,Medication review due (situation),3,2000
1985-07-01,Medication review due (situation),1,500
1985-08-01,Medication review due (situation),2,1000
1985-09-01,Medication review due (situation),5,2500
1985-10-01,Medication review due (situation),1,500
1985-11-01,Medication review due (situation),4,2500
1985-12-01,Medication review due (situation),7,3500
1986-01-01,Medication review due (situation),2,1000
1986-02-01,Medication review due (situation),4,2000
1986-03-01,Medication review due (situation),3,1500
1986-04-01,Medication review due (situation),2,1000
1986-05-01,Medication review due (situation),4,2000
1986-06-01,Medication review due (situation),5,2500
1986-07-01,Medication review due (situation),1,1000
1986-08-01,Medication review due (situation),2,1000
1986-09-01,Medication review due (situation),1,500
1986-10-01,Medication review due (situation),1,1000
1986-11-01,Medication review due (situation),3,1500
1986-12-01,Medication review due (situation),2,1000
1987-01-01,Medication review due (situation),4,2500
1987-02-01,Medication review due (situation),3,1500
1987-03-01,Medication review due (situation),4,3000
1987-04-01,Medication review due (situation),2,1000
1987-05-01,Medication review due (situation),5,3000
1987-06-01,Medication review due (situation),3,1500
1987-07-01,Medication review due (situation),2,1000
1987-09-01,Medication review due (situation),5,3000
1987-10-01,Medication review due (situation),1,500
1987-11-01,Medication review due (situation),3,1500
1987-12-01,Medication review due (situation),4,2500
1988-01-01,Medication review due (situation),4,2500
1988-02-01,Medication review due (situation),6,3500
1988-03-01,Medication review due (situation),7,3500
1988-04-01,Medication review due (situation),2,1500
1988-05-01,Medication review due (situation),4,2000
1988-06-01,Medication review due (situation),4,2000
1988-07-01,Medication review due (situation),6,3000
1988-08-01,Medication review due (situation),4,2000
1988-09-01,Medication review due (situation),5,3000
1988-10-01,Medication review due (situation),2,1000
1988-11-01,Medication review due (situation),4,2000
1988-12-01,Medication review due (situation),4,2000
1989-01-01,Medication review due (situation),3,2000
1989-02-01,Medication review due (situation),3,1500
1989-03-01,Medication review due (situation),7,4500
1989-04-01,Medication review due (situation),3,3000
1989-05-01,Medication review due (situation),5,2500
1989-06-01,Medication review due (situation),5,3500
1989-07-01,Medication review due (situation),2,1000
1989-08-01,Medication review due (situation),2,1000
1989-09-01,Medication review due (situation),5,2500
1989-10-01,Medication review due (situation),3,2000
1989-11-01,Medication review due (situation),5,2500
1989-12-01,Medication review due (situation),4,2000
1990-01-01,Medication review due (situation),5,2500
1990-02-01,Medication review due (situation),4,2500
1990-03-01,Medication review due (situation),4,2000
1990-04-01,Medication review due (situation),1,500
1990-05-01,Medication review due (situation),3,2000
1990-06-01,Medication review due (situation),4,2000
1990-07-01,Medication review due (situation),3,1500
1990-08-01,Medication review due (situation),3,1500
1990-09-01,Medication review due (situation),3,2000
1990-10-01,Medication review due (situation),1,500
1990-11-01,Medication review due (situation),7,4000
1990-12-01,Medication review due (situation),1,500
1991-01-01,Medication review due (situation),3,1500
1991-02-01,Medication review due (situation),5,4000
1991-03-01,Medication review due (situation),2,1000
1991-04-01,Medication review due (situation),5,3500
1991-05-01,Medication review due (situation),5,3500
1991-06-01,Medication review due (situation),5,3000
1991-07-01,Medication review due (situation),3,2500
1991-08-01,Medication review due (situation),4,2500
1991-09-01,Medication review due (situation),2,1000
1991-10-01,Medication review due (situation),3,1500
1991-11-01,Medication review due (situation),4,2000
1991-12-01,Medication review due (situation),2,1000
1992-01-01,Medication review due (situation),3,1500
1992-02-01,Medication review due (situation),3,2000
1992-04-01,Medication review due (situation),6,3000
1992-05-01,Medication review due (situation),4,2500
1992-06-01,Medication review due (situation),1,500
1992-07-01,Medication review due (situation),2,1000
1992-09-01,Medication review due (situation),2,1500
1992-10-01,Medication review due (situation),3,1500
1992-11-01,Medication review due (situation),1,500
1992-12-01,Medication review due (situation),3,1500
1993-01-01,Medication review due (situation),3,1500
1993-02-01,Medication review due (situation),5,2500
1993-03-01,Medication review due (situation),2,1000
1993-05-01,Medication review due (situation),1,500
1993-06-01,Medication review due (situation),1,500
1993-07-01,Medication review due (situation),4,2000
1993-08-01,Medication review due (situation),2,1000
1993-09-01,Medication review due (situation),5,3000
1993-10-01,Medication review due (situation),7,4500
1993-11-01,Medication review due (situation),4,2000
1993-12-01,Medication review due (situation),6,3000
1994-01-01,Medication review due (situation),4,2500
1994-02-01,Medication review due (situation),6,3500
1994-03-01,Medication review due (situation),5,2500
1994-04-01,Medication review due (situation),3,1500
1994-05-01,Medication review due (situation),5,2500
1994-06-01,Medication review due (situation),3,2000
1994-07-01,Medication review due (situation),2,1500
1994-08-01,Medication review due (situation),7,4000
1994-09-01,Medication review due (situation),3,2000
1994-10-01,Medication review due (situation),6,3000
1994-11-01,Medication review due (situation),5,2500
1994-12-01,Medication review due (situation),5,3500
1995-02-01,Medication review due (situation),4,2000
1995-03-01,Medication review due (situation),4,2500
1995-04-01,Medication review due (situation),7,4000
1995-05-01,Medication review due (situation),4,2000
1995-06-01,Medication review due (situation),4,3500
1995-07-01,Medication review due (situation),3,2000
1995-08-01,Medication review due (situation),6,3000
1995-09-01,Medication review due (situation),6,4500
1995-10-01,Medication review due (situation),7,5000
1995-11-01,Medication review due (situation),4,2000
1995-12-01,Medication review due (situation),5,3000
1996-01-01,Medication review due (situation),3,2000
1996-02-01,Medication review due (situation),6,4500
1996-03-01,Medication review due (situation),3,3500
1996-04-01,Medication review due (situation),4,2000
1996-05-01,Medication review due (situation),5,2500
1996-06-01,Medication review due (situation),4,2000
1996-07-01,Medication review due (situation),8,4500
1996-08-01,Medication review due (situation),5,2500
1996-09-01,Medication review due (situation),5,3000
1996-10-01,Medication review due (situation),6,3500
1996-11-01,Medication review due (situation),3,1500
1996-12-01,Medication review due (situation),5,2500
1997-01-01,Medication review due (situation),2,1000
1997-02-01,Medication review due (situation),7,3500
1997-03-01,Medication review due (situation),3,2000
1997-04-01,Medication review due (situation),3,2000
1997-05-01,Medication review due (situation),6,3000
1997-06-01,Medication review due (situation),8,5000
1997-07-01,Medication review due (situation),6,3000
1997-08-01,Medication review due (situation),5,3000
1997-09-01,Medication review due (situation),3,2000
1997-10-01,Medication review due (situation),6,3000
1997-11-01,Medication review due (situation),2,1000
1997-12-01,Medication review due (situation),4,2000
1998-01-01,Medication review due (situation),5,4000
1998-02-01,Medication review due (situation),9,5000
1998-03-01,Medication review due (situation),4,2500
1998-04-01,Medication review due (situation),3,2000
1998-05-01,Medication review due (situation),5,3000
1998-06-01,Medication review due (situation),6,4500
1998-07-01,Medication review due (situation),1,500
1998-08-01,Medication review due (situation),7,4000
1998-09-01,Medication review due (situation),7,5000
1998-10-01,Medication review due (situation),5,3500
1998-11-01,Medication review due (situation),4,2000
1998-12-01,Medication review due (situation),3,1500
1999-01-01,Medication review due (situation),3,2000
1999-02-01,Medication review due (situation),4,2000
1999-03-01,Medication review due (situation),4,2500
1999-04-01,Medication review due (situation),4,2500
1999-05-01,Medication review due (situation),4,2500
1999-06-01,Medication review due (situation),3,3000
1999-07-01,Medication review due (situation),6,4000
1999-08-01,Medication review due (situation),5,3500
1999-09-01,Medication review due (situation),5,2500
1999-10-01,Medication review due (situation),6,4000
1999-11-01,Medication review due (situation),7,4000
1999-12-01,Medication review due (situation),5,2500
2000-01-01,Medication review due (situation),5,2500
2000-02-01,Medication review due (situation),2,1000
2000-03-01,Medication review due (situation),10,5000
2000-04-01,Medication review due (situation),3,1500
2000-05-01,Medication review due (situation),6,3500
2000-06-01,Medication review due (situation),6,4500
2000-07-01,Medication review due (situation),5,5000
2000-08-01,Medication review due (situation),4,2500
2000-09-01,Medication review due (situation),4,3000
2000-10-01,Medication review due (situation),7,4500
2000-11-01,Medication review due (situation),4,2000
2000-12-01,Medication review due (situation),4,3000
2001-01-01,Medication review due (situation),7,4000
2001-02-01,Medication review due (situation),5,3500
2001-03-01,Medication review due (situation),6,3500
2001-04-01,Medication review due (situation),6,4500
2001-05-01,Medication review due (situation),4,2500
2001-06-01,Medication review due (situation),5,3500
2001-07-01,Medication review due (situation),4,2000
2001-08-01,Medication review due (situation),6,3500
2001-09-01,Medication review due (situation),3,2500
2001-10-01,Medication review due (situation),5,3000
2001-11-01,Medication review due (situation),6,4000
2001-12-01,Medication review due (situation),2,1500
2002-01-01,Medication review due (situation),2,1500
2002-02-01,Medication review due (situation),3,1500
2002-03-01,Medication review due (situation),8,4500
2002-04-01,Medication review due (situation),4,2000
2002-05-01,Medication review due (situation),6,4000
2002-06-01,Medication review due (situation),3,2500
2002-07-01,Medication review due (situation),6,4000
2002-08-01,Medication review due (situation),1,1500
2002-09-01,Medication review due (situation),6,3500
2002-10-01,Medication review due (situation),4,2000
2002-11-01,Medication review due (situation),5,3500
2002-12-01,Medication review due (situation),5,2500
2003-01-01,Medication review due (situation),4,3000
2003-02-01,Medication review due (situation),4,2000
2003-03-01,Medication review due (situation),6,4000
2003-04-01,Medication review due (situation),2,1500
2003-05-01,Medication review due (situation),6,4000
2003-06-01,Medication review due (situation),13,8500
2003-07-01,Medication review due (situation),7,4000
2003-08-01,Medication review due (situation),8,5500
2003-09-01,Medication review due (situation),5,3500
2003-10-01,Medication review due (situation),4,3500
2003-11-01,Medication review due (situation),6,3500
2003-12-01,Medication review due (situation),5,3500
2004-01-01,Medication review due (situation),7,4000
2004-02-01,Medication review due (situation),7,4500
2004-03-01,Medication review due (situation),7,5500
2004-04-01,Medication review due (situation),6,4500
2004-05-01,Medication review due (situation),5,3000
2004-06-01,Medication review due (situation),2,1000
2004-07-01,Medication review due (situation),5,4000
2004-08-01,Medication review due (situation),5,3000
2004-09-01,Medication review due (situation),9,4500
2004-10-01,Medication review due (situation),10,6000
2004-11-01,Medication review due (situation),9,4500
2004-12-01,Medication review due (situation),9,6000
2005-01-01,Medication review due (situation),7,4500
2005-02-01,Medication review due (situation),12,6500
2005-03-01,Medication review due (situation),5,4500
2005-04-01,Medication review due (situation),9,6000
2005-05-01,Medication review due (situation),7,3500
2005-06-01,Medication review due (situation),6,3000
2005-07-01,Medication review due (situation),7,4000
2005-08-01,Medication review due (situation),8,4500
2005-09-01,Medication review due (situation),8,4000
2005-10-01,Medication review due (situation),5,2500
2005-11-01,Medication review due (situation),7,4000
2005-12-01,Medication review due (situation),6,3000
2006-01-01,Medication review due (situation),8,4500
2006-02-01,Medication review due (situation),10,7000
2006-03-01,Medication review due (situation),8,4000
2006-04-01,Medication review due (situation),13,6500
2006-05-01,Medication review due (situation),7,5000
2006-06-01,Medication review due (situation),10,6000
2006-07-01,Medication review due (situation),8,5500
2006-08-01,Medication review due (situation),4,2000
2006-09-01,Medication review due (situation),4,2000
2006-10-01,Medication review due (situation),7,3500
2006-11-01,Medication review due (situation),4,2000
2006-12-01,Medication review due (situation),4,2000
2007-01-01,Medication review due (situation),7,3500
2007-02-01,Medication review due (situation),6,3000
2007-03-01,Medication review due (situation),5,2500
2007-04-01,Medication review due (situation),6,3000
2007-05-01,Medication review due (situation),7,4000
2007-06-01,Medication review due (situation),4,2000
2007-07-01,Medication review due (situation),4,2000
2007-08-01,Medication review due (situation),5,3000
2007-09-01,Medication review due (situation),5,2500
2007-10-01,Medication review due (situation),5,2500
2007-11-01,Medication review due (situation),8,4000
2007-12-01,Medication review due (situation),2,1000
2008-01-01,Medication review due (situation),7,3500
2008-02-01,Medication review due (situation),9,4500
2008-03-01,Medication review due (situation),6,3000
2008-04-01,Medication review due (situation),14,7000
2008-05-01,Medication review due (situation),7,3500
2008-06-01,Medication review due (situation),5,2500
2008-07-01,Medication review due (situation),10,6000
2008-08-01,Medication review due (situation),6,3500
2008-09-01,Medication review due (situation),8,4500
2008-10-01,Medication review due (situation),5,2500
2008-11-01,Medication review due (situation),7,3500
2008-12-01,Medication review due (situation),5,2500
2009-01-01,Medication review due (situation),8,4000
2009-02-01,Medication review due (situation),5,3500
2009-03-01,Medication review due (situation),10,5500
2009-04-01,Medication review due (situation),5,2500
2009-05-01,Medication review due (situation),9,4500
2009-06-01,Medication review due (situation),4,2000
2009-07-01,Medication review due (situation),7,4500
2009-08-01,Medication review due (situation),8,4000
2009-09-01,Medication review due (situation),5,2500
2009-10-01,Medication review due (situation),6,3000
2009-11-01,Medication review due (situation),10,5000
2009-12-01,Medication review due (situation),8,4000
2010-01-01,Medication review due (situation),11,6000
2010-02-01,Medication review due (situation),9,6500
2010-03-01,Medication review due (situation),10,6500
2010-04-01,Medication review due (situation),10,5000
2010-05-01,Medication review due (situation),13,7000
2010-06-01,Medication review due (situation),10,5000
2010-07-01,Medication review due (situation),13,8000
2010-08-01,Medication review due (situation),15,8500
2010-09-01,Medication review due (situation),9,4500
2010-10-01,Medication review due (situation),12,6500
2010-11-01,Medication review due (situation),9,5000
2010-12-01,Medication review due (situation),17,9000
2011-01-01,Medication review due (situation),13,8000
2011-02-01,Medication review due (situation),8,4500
2011-03-01,Medication review due (situation),16,8500
2011-04-01,Medication review due (situation),12,7000
2011-05-01,Medication review due (situation),15,7500
2011-06-01,Medication review due (situation),10,5500
2011-07-01,Medication review due (situation),11,6500
2011-08-01,Medication review due (situation),8,4500
2011-09-01,Medication review due (situation),9,5500
2011-10-01,Medication review due (situation),10,5500
2011-11-01,Medication review due (situation),12,7000
2011-12-01,Medication review due (situation),7,3500
2012-01-01,Medication review due (situation),17,9000
2012-02-01,Medication review due (situation),13,6500
2012-03-01,Medication review due (situation),16,9500
2012-04-01,Medication review due (situation),8,5500
2012-05-01,Medication review due (situation),18,10000
2012-06-01,Medication review due (situation),16,9000
2012-07-01,Medication review due (situation),13,8000
2012-08-01,Medication review due (situation),15,10000
2012-09-01,Medication review due (situation),17,9000
2012-10-01,Medication review due (situation),14,8000
2012-11-01,Medication review due (situation),13,7000
2012-12-01,Medication review due (situation),11,7000
2013-01-01,Medication review due (situation),16,8500
2013-02-01,Medication review due (situation),20,11000
2013-03-01,Medication review due (situation),19,10000
2013-04-01,Medication review due (situation),15,8500
2013-05-01,Medication review due (situation),17,9500
2013-06-01,Medication review due (situation),20,11000
2013-07-01,Medication review due (situation),19,12500
2013-08-01,Medication review due (situation),19,10000
2013-09-01,Medication review due (situation),17,9000
2013-10-01,Medication review due (situation),26,14500
2013-11-01,Medication review due (situation),27,14000
2013-12-01,Medication review due (situation),15,9000
2014-01-01,Medication review due (situation),16,9500
2014-02-01,Medication review due (situation),19,11500
2014-03-01,Medication review due (situation),28,14500
2014-04-01,Medication review due (situation),25,14500
2014-05-01,Medication review due (situation),32,16500
2014-06-01,Medication review due (situation),17,9000
2014-07-01,Medication review due (situation),27,14500
2014-08-01,Medication review due (situation),19,11000
2014-09-01,Medication review due (situation),33,18000
2014-10-01,Medication review due (situation),34,18000
2014-11-01,Medication review due (situation),22,12000
2014-12-01,Medication review due (situation),28,16000
2015-01-01,Medication review due (situation),27,15000
2015-02-01,Medication review due (situation),42,22000
2015-03-01,Medication review due (situation),44,23500
2015-04-01,Medication review due (situation),38,19000
2015-05-01,Medication review due (situation),42,22500
2015-06-01,Medication review due (situation),43,22000
2015-07-01,Medication review due (situation),48,25500
2015-08-01,Medication review due (situation),40,20000
2015-09-01,Medication review due (situation),44,22500
2015-10-01,Medication review due (situation),34,17500
2015-11-01,Medication review due (situation),44,22000
2015-12-01,Medication review due (situation),35,18000
2016-01-01,Medication review due (situation),46,23500
2016-02-01,Medication review due (situation),106,54000
2016-03-01,Medication review due (situation),92,47500
2016-04-01,Medication review due (situation),84,45000
2016-05-01,Medication review due (situation),95,50000
2016-06-01,Medication review due (situation),73,38500
2016-07-01,Medication review due (situation),75,39500
2016-08-01,Medication review due (situation),94,51000
2016-09-01,Medication review due (situation),66,35000
2016-10-01,Medication review due (situation),87,45500
2016-11-01,Medication review due (situation),76,39500
2016-12-01,Medication review due (situation),64,35000
2017-01-01,Medication review due (situation),88,47500
2017-02-01,Medication review due (situation),69,35000
2017-03-01,Medication review due (situation),108,56500
2017-04-01,Medication review due (situation),82,44000
2017-05-01,Medication review due (situation),80,42500
2017-06-01,Medication review due (situation),90,47500
2017-07-01,Medication review due (situation),91,47500
2017-08-01,Medication review due (situation),99,51500
2017-09-01,Medication review due (situation),85,46000
2017-10-01,Medication review due (situation),84,43500
2017-11-01,Medication review due (situation),83,45000
2017-12-01,Medication review due (situation),71,36000
2018-01-01,Medication review due (situation),85,45000
2018-02-01,Medication review due (situation),75,40500
2018-03-01,Medication review due (situation),125,65000
2018-04-01,Medication review due (situation),74,39500
2018-05-01,Medication review due (situation),87,44500
2018-06-01,Medication review due (situation),69,37000
2018-07-01,Medication review due (situation),71,38000
2018-08-01,Medication review due (situation),89,47500
2018-09-01,Medication review due (situation),66,33000
2018-10-01,Medication review due (situation),78,42000
2018-11-01,Medication review due (situation),86,44500
2018-12-01,Medication review due (situation),63,33000
2019-01-01,Medication review due (situation),77,38500
2019-02-01,Medication review due (situation),82,42500
2019-03-01,Medication review due (situation),116,60000
2019-04-01,Medication review due (situation),100,51000
2019-05-01,Medication review due (situation),73,38000
2019-06-01,Medication review due (situation),87,46000
2019-07-01,Medication review due (situation),66,35000
2019-08-01,Medication review due (situation),86,45000
2019-09-01,Medication review due (situation),58,29500
2019-10-01,Medication review due (situation),78,39000
2019-11-01,Medication review due (situation),90,45000
2019-12-01,Medication review due (situation),68,35000
2020-01-01,Medication review due (situation),81,42500
2020-02-01,Medication review due (situation),99,52500
2020-03-01,Medication review due (situation),128,65500
2020-04-01,Medication review due (situation),89,46000
2020-05-01,Medication review due (situation),91,46500
2020-06-01,Medication review due (situation),95,50000
2020-07-01,Medication review due (situation),86,45000
2020-08-01,Medication review due (situation),97,52000
2020-09-01,Medication review due (situation),80,43000
2020-10-01,Medication review due (situation),77,43000
2020-11-01,Medication review due (situation),73,37000
2020-12-01,Medication review due (situation),71,38000
2021-01-01,Medication review due (situation),85,45000
2021-02-01,Medication review due (situation),85,44500
2021-03-01,Medication review due (situation),114,59000
2021-04-01,Medication review due (situation),75,39500
2021-05-01,Medication review due (situation),101,54500
2021-06-01,Medication review due (situation),92,48500
2021-07-01,Medication review due (situation),87,44000
2021-08-01,Medication review due (situation),86,45000
2021-09-01,Medication review due (situation),97,51000
2021-10-01,Medication review due (situation),83,43500
2021-11-01,Medication review due (situation),85,43500
2021-12-01,Medication review due (situation),81,41500
2022-01-01,Medication review due (situation),91,47500
2022-02-01,Medication review due (situation),87,46500
2022-03-01,Medication review due (situation),111,58500
2022-04-01,Medication review due (situation),115,61000
2022-05-01,Medication review due (situation),99,54000
2022-06-01,Medication review due (situation),85,45000
2022-07-01,Medication review due (situation),87,46000
2022-08-01,Medication review due (situation),83,44000
2022-09-01,Medication review due (situation),100,51000
2022-10-01,Medication review due (situation),93,48000
2022-11-01,Medication review due (situation),78,41000
2022-12-01,Medication review due (situation),88,45500
2023-01-01,Medication review due (situation),81,42500
2023-02-01,Medication review due (situation),75,38500
2023-03-01,Medication review due (situation),96,51500
2023-04-01,Medication review due (situation),128,67500
2023-05-01,Medication review due (situation),101,55500
2023-06-01,Medication review due (situation),83,43000
2023-07-01,Medication review due (situation),97,50500
2023-08-01,Medication review due (situation),84,45000
2023-09-01,Medication review due (situation),107,58000
2023-10-01,Medication review due (situation),85,44500
2023-11-01,Medication review due (situation),90,47500
2023-12-01,Medication review due (situation),86,44000
2024-01-01,Medication review due (situation),82,41500
2024-02-01,Medication review due (situation),70,36000
2024-03-01,Medication review due (situation),105,53500
2024-04-01,Medication review due (situation),107,57000
2024-05-01,Medication review due (situation),100,53000
2024-06-01,Medication review due (situation),94,50000
2024-07-01,Medication review due (situation),99,53000
2024-08-01,Medication review due (situation),97,50000
2024-09-01,Medication review due (situation),95,50000
2024-10-01,Medication review due (situation),94,48000
2024-11-01,Medication review due (situation),97,51000
2024-12-01,Medication review due (situation),106,58000
2025-01-01,Medication review due (situation),89,49500
2025-02-01,Medication review due (situation),75,38000
2025-03-01,Medication review due (situation),103,52000
2025-04-01,Medication review due (situation),117,60500
2025-05-01,Medication review due (situation),104,56000
2025-06-01,Medication review due (situation),98,52500
2025-07-01,Medication review due (situation),92,50500
2025-08-01,Medication review due (situation),107,56000
2025-09-01,Medication review due (situation),87,45000
2025-10-01,Medication review due (situation),94,52000
2025-11-01,Medication review due (situation),93,51000
2025-12-01,Medication review due (situation),90,47500
2026-01-01,Medication review due (situation),97,52500
1940-06-01,Normal pregnancy (finding),1,500
1941-06-01,Normal pregnancy (finding),1,500
1945-04-01,Normal pregnancy (finding),1,500
1945-07-01,Normal pregnancy (finding),1,500
1945-11-01,Normal pregnancy (finding),1,500
1948-04-01,Normal pregnancy (finding),1,500
1948-10-01,Normal pregnancy (finding),1,500
1949-09-01,Normal pregnancy (finding),1,500
1951-07-01,Normal pregnancy (finding),1,500
1952-08-01,Normal pregnancy (finding),1,500
1957-01-01,Normal pregnancy (finding),1,500
1958-07-01,Normal pregnancy (finding),1,500
1959-05-01,Normal pregnancy (finding),1,500
1960-08-01,Normal pregnancy (finding),1,500
1960-12-01,Normal pregnancy (finding),1,500
1964-07-01,Normal pregnancy (finding),1,500
1964-09-01,Normal pregnancy (finding),1,500
1973-12-01,Normal pregnancy (finding),1,500
1974-12-01,Normal pregnancy (finding),1,500
1977-12-01,Normal pregnancy (finding),1,500
1980-05-01,Normal pregnancy (finding),1,500
1980-09-01,Normal pregnancy (finding),1,500
1983-01-01,Normal pregnancy (finding),1,500
1983-05-01,Normal pregnancy (finding),1,500
1985-03-01,Normal pregnancy (finding),1,500
1985-04-01,Normal pregnancy (finding),1,500
1986-04-01,Normal pregnancy (finding),1,500
1986-07-01,Normal pregnancy (finding),1,500
1986-09-01,Normal pregnancy (finding),1,500
1987-07-01,Normal pregnancy (finding),1,500
1988-06-01,Normal pregnancy (finding),1,500
1988-08-01,Normal pregnancy (finding),1,500
1988-10-01,Normal pregnancy (finding),1,500
1988-12-01,Normal pregnancy (finding),2,1000
1989-04-01,Normal pregnancy (finding),1,500
1989-07-01,Normal pregnancy (finding),1,500
1990-10-01,Normal pregnancy (finding),1,500
1992-07-01,Normal pregnancy (finding),1,500
1992-09-01,Normal pregnancy (finding),1,500
1992-12-01,Normal pregnancy (finding),1,500
1993-03-01,Normal pregnancy (finding),1,500
1993-04-01,Normal pregnancy (finding),1,500
1993-09-01,Normal pregnancy (finding),1,500
1994-04-01,Normal pregnancy (finding),1,500
1996-02-01,Normal pregnancy (finding),1,500
1999-03-01,Normal pregnancy (finding),1,500
2000-03-01,Normal pregnancy (finding),1,500
2001-05-01,Normal pregnancy (finding),1,500
2001-10-01,Normal pregnancy (finding),1,500
2002-02-01,Normal pregnancy (finding),1,500
2002-09-01,Normal pregnancy (finding),1,500
2002-10-01,Normal pregnancy (finding),1,500
2003-06-01,Normal pregnancy (finding),1,500
2004-10-01,Normal pregnancy (finding),1,500
2006-10-01,Normal pregnancy (finding),1,500
2007-09-01,Normal pregnancy (finding),1,500
2008-01-01,Normal pregnancy (finding),1,500
2009-02-01,Normal pregnancy (finding),1,500
2009-03-01,Normal pregnancy (finding),1,500
2012-01-01,Normal pregnancy (finding),1,500
2012-07-01,Normal pregnancy (finding),1,500
2013-09-01,Normal pregnancy (finding),1,500
2015-06-01,Normal pregnancy (finding),1,500
2015-07-01,Normal pregnancy (finding),1,500
2015-08-01,Normal pregnancy (finding),11,5500
2015-09-01,Normal pregnancy (finding),10,5000
2015-10-01,Normal pregnancy (finding),4,2000
2015-11-01,Normal pregnancy (finding),4,2000
2015-12-01,Normal pregnancy (finding),4,2000
2016-01-01,Normal pregnancy (finding),8,4000
2016-02-01,Normal pregnancy (finding),7,3500
2016-03-01,Normal pregnancy (finding),5,2500
2016-04-01,Normal pregnancy (finding),7,3500
2016-05-01,Normal pregnancy (finding),4,2000
2016-06-01,Normal pregnancy (finding),3,1500
2016-07-01,Normal pregnancy (finding),6,3000
2016-08-01,Normal pregnancy (finding),11,5500
2016-09-01,Normal pregnancy (finding),8,4000
2016-10-01,Normal pregnancy (finding),5,2500
2016-11-01,Normal pregnancy (finding),5,2500
2016-12-01,Normal pregnancy (finding),4,2000
2017-01-01,Normal pregnancy (finding),12,6000
2017-02-01,Normal pregnancy (finding),3,1500
2017-03-01,Normal pregnancy (finding),6,3000
2017-04-01,Normal pregnancy (finding),7,3500
2017-05-01,Normal pregnancy (finding),10,5000
2017-06-01,Normal pregnancy (finding),7,3500
2017-07-01,Normal pregnancy (finding),8,4000
2017-08-01,Normal pregnancy (finding),4,2000
2017-09-01,Normal pregnancy (finding),4,2000
2017-10-01,Normal pregnancy (finding),10,5000
2017-11-01,Normal pregnancy (finding),7,3500
2017-12-01,Normal pregnancy (finding),5,2500
2018-01-01,Normal pregnancy (finding),15,7500
2018-02-01,Normal pregnancy (finding),4,2000
2018-03-01,Normal pregnancy (finding),8,4000
2018-04-01,Normal pregnancy (finding),10,5000
2018-05-01,Normal pregnancy (finding),8,4000
2018-06-01,Normal pregnancy (finding),11,5500
2018-07-01,Normal pregnancy (finding),6,3000
2018-08-01,Normal pregnancy (finding),6,3000
2018-09-01,Normal pregnancy (finding),9,4500
2018-10-01,Normal pregnancy (finding),5,2500
2018-11-01,Normal pregnancy (finding),5,2500
2018-12-01,Normal pregnancy (finding),8,4000
2019-01-01,Normal pregnancy (finding),3,1500
2019-02-01,Normal pregnancy (finding),5,2500
2019-03-01,Normal pregnancy (finding),9,4500
2019-04-01,Normal pregnancy (finding),7,3500
2019-05-01,Normal pregnancy (finding),4,2000
2019-06-01,Normal pregnancy (finding),3,1500
2019-07-01,Normal pregnancy (finding),5,2500
2019-08-01,Normal pregnancy (finding),4,2000
2019-09-01,Normal pregnancy (finding),5,2500
2019-10-01,Normal pregnancy (finding),8,4000
2019-11-01,Normal pregnancy (finding),11,5500
2019-12-01,Normal pregnancy (finding),7,3500
2020-01-01,Normal pregnancy (finding),7,3500
2020-02-01,Normal pregnancy (finding),5,2500
2020-03-01,Normal pregnancy (finding),3,1500
2020-04-01,Normal pregnancy (finding),7,3500
2020-05-01,Normal pregnancy (finding),11,5500
2020-06-01,Normal pregnancy (finding),8,4000
2020-07-01,Normal pregnancy (finding),9,4500
2020-08-01,Normal pregnancy (finding),11,5500
2020-09-01,Normal pregnancy (finding),6,3000
2020-10-01,Normal pregnancy (finding),8,4000
2020-11-01,Normal pregnancy (finding),3,1500
2020-12-01,Normal pregnancy (finding),6,3000
2021-01-01,Normal pregnancy (finding),5,2500
2021-02-01,Normal pregnancy (finding),7,3500
2021-03-01,Normal pregnancy (finding),10,5000
2021-04-01,Normal pregnancy (finding),10,5000
2021-05-01,Normal pregnancy (finding),6,3000
2021-06-01,Normal pregnancy (finding),6,3000
2021-07-01,Normal pregnancy (finding),9,4500
2021-08-01,Normal pregnancy (finding),7,3500
2021-09-01,Normal pregnancy (finding),8,4000
2021-10-01,Normal pregnancy (finding),4,2000
2021-11-01,Normal pregnancy (finding),10,5000
2021-12-01,Normal pregnancy (finding),3,1500
2022-01-01,Normal pregnancy (finding),10,5000
2022-02-01,Normal pregnancy (finding),7,3500
2022-03-01,Normal pregnancy (finding),8,4000
2022-04-01,Normal pregnancy (finding),10,5000
2022-05-01,Normal pregnancy (finding),7,3500
2022-06-01,Normal pregnancy (finding),8,4000
2022-07-01,Normal pregnancy (finding),1,500
2022-08-01,Normal pregnancy (finding),6,3000
2022-09-01,Normal pregnancy (finding),11,5500
2022-10-01,Normal pregnancy (finding),6,3000
2022-11-01,Normal pregnancy (finding),10,5000
2022-12-01,Normal pregnancy (finding),15,7500
2023-01-01,Normal pregnancy (finding),5,2500
2023-02-01,Normal pregnancy (finding),7,3500
2023-03-01,Normal pregnancy (finding),8,4000
2023-04-01,Normal pregnancy (finding),7,3500
2023-05-01,Normal pregnancy (finding),6,3000
2023-06-01,Normal pregnancy (finding),6,3000
2023-07-01,Normal pregnancy (finding),7,3500
2023-08-01,Normal pregnancy (finding),8,4000
2023-09-01,Normal pregnancy (finding),5,2500
2023-10-01,Normal pregnancy (finding),14,7000
2023-11-01,Normal pregnancy (finding),5,2500
2023-12-01,Normal pregnancy (finding),12,6000
2024-01-01,Normal pregnancy (finding),6,3000
2024-02-01,Normal pregnancy (finding),7,3500
2024-03-01,Normal pregnancy (finding),10,5000
2024-04-01,Normal pregnancy (finding),9,4500
2024-05-01,Normal pregnancy (finding),10,5000
2024-06-01,Normal pregnancy (finding),6,3000
2024-07-01,Normal pregnancy (finding),10,5000
2024-08-01,Normal pregnancy (finding),3,1500
2024-09-01,Normal pregnancy (finding),9,4500
2024-10-01,Normal pregnancy (finding),7,3500
2024-11-01,Normal pregnancy (finding),11,5500
2024-12-01,Normal pregnancy (finding),10,5000
2025-01-01,Normal pregnancy (finding),6,3000
2025-02-01,Normal pregnancy (finding),9,4500
2025-03-01,Normal pregnancy (finding),13,6500
2025-04-01,Normal pregnancy (finding),6,3000
2025-05-01,Normal pregnancy (finding),10,5000
2025-06-01,Normal pregnancy (finding),9,4500
2025-07-01,Normal pregnancy (finding),9,4500
2025-08-01,Normal pregnancy (finding),4,2000
2025-09-01,Normal pregnancy (finding),8,4000
2025-10-01,Normal pregnancy (finding),11,5500
2025-11-01,Normal pregnancy (finding),9,4500
2025-12-01,Normal pregnancy (finding),7,3500
2026-01-01,Normal pregnancy (finding),7,3500
1941-12-01,Not in labor force (finding),1,500
1943-12-01,Not in labor force (finding),1,500
1953-08-01,Not in labor force (finding),1,500
1958-09-01,Not in labor force (finding),1,500
1964-08-01,Not in labor force (finding),1,500
1964-10-01,Not in labor force (finding),1,500
1965-08-01,Not in labor force (finding),1,500
1969-01-01,Not in labor force (finding),1,500
1969-10-01,Not in labor force (finding),1,500
1971-07-01,Not in labor force (finding),1,500
1971-11-01,Not in labor force (finding),1,500
1972-06-01,Not in labor force (finding),1,500
1973-03-01,Not in labor force (finding),1,500
1974-10-01,Not in labor force (finding),1,500
1975-08-01,Not in labor force (finding),1,500
1976-05-01,Not in labor force (finding),1,500
1976-06-01,Not in labor force (finding),1,500
1976-07-01,Not in labor force (finding),1,500
1976-10-01,Not in labor force (finding),1,500
1977-03-01,Not in labor force (finding),2,1000
1977-06-01,Not in labor force (finding),1,500
1977-10-01,Not in labor force (finding),1,500
1979-03-01,Not in labor force (finding),1,500
1979-08-01,Not in labor force (finding),1,500
1979-10-01,Not in labor force (finding),1,500
1979-11-01,Not in labor force (finding),1,500
1980-01-01,Not in labor force (finding),1,500
1980-02-01,Not in labor force (finding),1,500
1980-03-01,Not in labor force (finding),1,500
1980-08-01,Not in labor force (finding),1,500
1981-11-01,Not in labor force (finding),2,1000
1982-01-01,Not in labor force (finding),1,500
1982-02-01,Not in labor force (finding),1,500
1982-09-01,Not in labor force (finding),1,500
1983-03-01,Not in labor force (finding),1,500
1984-02-01,Not in labor force (finding),1,500
1984-03-01,Not in labor force (finding),1,500
1984-05-01,Not in labor force (finding),1,500
1984-07-01,Not in labor force (finding),2,1000
1984-08-01,Not in labor force (finding),1,500
1984-11-01,Not in labor force (finding),1,500
1985-11-01,Not in labor force (finding),1,500
1985-12-01,Not in labor force (finding),1,500
1986-01-01,Not in labor force (finding),1,500
1986-03-01,Not in labor force (finding),1,500
1986-04-01,Not in labor force (finding),2,1000
1986-07-01,Not in labor force (finding),1,500
1986-09-01,Not in labor force (finding),1,500
1987-02-01,Not in labor force (finding),1,500
1987-06-01,Not in labor force (finding),1,500
1987-07-01,Not in labor force (finding),1,500
1987-08-01,Not in labor force (finding),1,500
1988-02-01,Not in labor force (finding),2,1000
1988-03-01,Not in labor force (finding),1,500
1988-05-01,Not in labor force (finding),1,500
1988-06-01,Not in labor force (finding),1,500
1988-08-01,Not in labor force (finding),1,500
1988-09-01,Not in labor force (finding),1,500
1989-02-01,Not in labor force (finding),1,500
1989-04-01,Not in labor force (finding),1,500
1989-10-01,Not in labor force (finding),1,500
1989-11-01,Not in labor force (finding),1,500
1989-12-01,Not in labor force (finding),2,1000
1990-01-01,Not in labor force (finding),1,500
1990-05-01,Not in labor force (finding),2,1000
1990-10-01,Not in labor force (finding),1,500
1990-11-01,Not in labor force (finding),1,500
1991-01-01,Not in labor force (finding),1,500
1991-02-01,Not in labor force (finding),1,500
1991-03-01,Not in labor force (finding),1,500
1991-05-01,Not in labor force (finding),1,500
1991-06-01,Not in labor force (finding),1,500
1991-07-01,Not in labor force (finding),1,500
1991-09-01,Not in labor force (finding),1,500
1991-10-01,Not in labor force (finding),1,500
1991-11-01,Not in labor force (finding),1,500
1992-03-01,Not in labor force (finding),1,500
1992-04-01,Not in labor force (finding),1,500
1992-06-01,Not in labor force (finding),1,500
1992-08-01,Not in labor force (finding),2,1000
1992-09-01,Not in labor force (finding),1,500
1992-10-01,Not in labor force (finding),1,500
1993-02-01,Not in labor force (finding),1,500
1993-03-01,Not in labor force (finding),1,500
1993-05-01,Not in labor force (finding),1,500
1993-08-01,Not in labor force (finding),1,500
1993-10-01,Not in labor force (finding),2,1000
1993-11-01,Not in labor force (finding),2,1000
1994-02-01,Not in labor force (finding),2,1000
1994-04-01,Not in labor force (finding),1,500
1994-05-01,Not in labor force (finding),1,500
1994-07-01,Not in labor force (finding),1,500
1994-09-01,Not in labor force (finding),1,500
1994-10-01,Not in labor force (finding),1,500
1995-04-01,Not in labor force (finding),2,1000
1995-08-01,Not in labor force (finding),1,500
1995-09-01,Not in labor force (finding),1,500
1995-10-01,Not in labor force (finding),1,500
1995-11-01,Not in labor force (finding),1,500
1995-12-01,Not in labor force (finding),2,1000
1996-01-01,Not in labor force (finding),1,500
1996-03-01,Not in labor force (finding),1,500
1996-05-01,Not in labor force (finding),1,500
1996-07-01,Not in labor force (finding),2,1000
1996-09-01,Not in labor force (finding),1,500
1996-10-01,Not in labor force (finding),3,1500
1996-12-01,Not in labor force (finding),2,1000
1997-05-01,Not in labor force (finding),2,1000
1997-10-01,Not in labor force (finding),2,1000
1997-11-01,Not in labor force (finding),1,500
1997-12-01,Not in labor force (finding),2,1000
1998-01-01,Not in labor force (finding),1,500
1998-03-01,Not in labor force (finding),1,500
1998-04-01,Not in labor force (finding),1,500
1998-05-01,Not in labor force (finding),2,1000
1998-10-01,Not in labor force (finding),2,1000
1998-12-01,Not in labor force (finding),1,500
1999-02-01,Not in labor force (finding),1,500
1999-04-01,Not in labor force (finding),1,500
1999-06-01,Not in labor force (finding),1,500
1999-07-01,Not in labor force (finding),1,500
1999-08-01,Not in labor force (finding),2,1000
1999-10-01,Not in labor force (finding),1,500
1999-11-01,Not in labor force (finding),3,1500
2000-02-01,Not in labor force (finding),1,500
2000-04-01,Not in labor force (finding),1,500
2000-05-01,Not in labor force (finding),2,1000
2000-06-01,Not in labor force (finding),1,500
2000-07-01,Not in labor force (finding),1,500
2000-10-01,Not in labor force (finding),1,500
2000-12-01,Not in labor force (finding),1,500
2001-01-01,Not in labor force (finding),1,500
2001-04-01,Not in labor force (finding),2,1000
2001-05-01,Not in labor force (finding),1,500
2001-07-01,Not in labor force (finding),2,1000
2001-08-01,Not in labor force (finding),1,500
2001-09-01,Not in labor force (finding),1,500
2001-11-01,Not in labor force (finding),1,500
2001-12-01,Not in labor force (finding),1,500
2002-03-01,Not in labor force (finding),2,1000
2002-04-01,Not in labor force (finding),1,500
2002-06-01,Not in labor force (finding),2,1000
2002-07-01,Not in labor force (finding),1,500
2002-08-01,Not in labor force (finding),2,1000
2002-10-01,Not in labor force (finding),1,500
2002-11-01,Not in labor force (finding),1,500
2003-02-01,Not in labor force (finding),1,500
2003-05-01,Not in labor force (finding),1,500
2003-06-01,Not in labor force (finding),2,1000
2003-07-01,Not in labor force (finding),1,500
2003-08-01,Not in labor force (finding),1,500
2003-09-01,Not in labor force (finding),1,500
2003-11-01,Not in labor force (finding),2,1000
2003-12-01,Not in labor force (finding),1,500
2004-02-01,Not in labor force (finding),1,500
2004-03-01,Not in labor force (finding),1,500
2004-04-01,Not in labor force (finding),1,500
2004-06-01,Not in labor force (finding),2,1000
2004-08-01,Not in labor force (finding),1,500
2004-09-01,Not in labor force (finding),1,500
2005-02-01,Not in labor force (finding),2,1000
2005-03-01,Not in labor force (finding),1,500
2005-04-01,Not in labor force (finding),3,1500
2005-05-01,Not in labor force (finding),2,1000
2005-06-01,Not in labor force (finding),2,1000
2005-07-01,Not in labor force (finding),2,1000
2005-08-01,Not in labor force (finding),1,500
2005-09-01,Not in labor force (finding),1,500
2005-10-01,Not in labor force (finding),2,1000
2005-11-01,Not in labor force (finding),1,500
2005-12-01,Not in labor force (finding),3,1500
2006-01-01,Not in labor force (finding),1,500
2006-02-01,Not in labor force (finding),3,1500
2006-03-01,Not in labor force (finding),2,1000
2006-04-01,Not in labor force (finding),1,500
2006-05-01,Not in labor force (finding),1,500
2006-07-01,Not in labor force (finding),4,2000
2006-08-01,Not in labor force (finding),1,500
2006-10-01,Not in labor force (finding),1,500
2006-11-01,Not in labor force (finding),1,500
2007-01-01,Not in labor force (finding),1,500
2007-02-01,Not in labor force (finding),2,1000
2007-03-01,Not in labor force (finding),1,500
2007-04-01,Not in labor force (finding),1,500
2007-05-01,Not in labor force (finding),1,500
2007-06-01,Not in labor force (finding),1,500
2007-07-01,Not in labor force (finding),1,500
2007-08-01,Not in labor force (finding),1,500
2007-09-01,Not in labor force (finding),1,500
2007-10-01,Not in labor force (finding),1,500
2008-02-01,Not in labor force (finding),1,500
2008-05-01,Not in labor force (finding),3,1500
2008-06-01,Not in labor force (finding),2,1000
2008-07-01,Not in labor force (finding),1,500
2008-08-01,Not in labor force (finding),2,1000
2008-09-01,Not in labor force (finding),2,1000
2008-11-01,Not in labor force (finding),1,500
2009-01-01,Not in labor force (finding),1,500
2009-02-01,Not in labor force (finding),1,500
2009-03-01,Not in labor force (finding),1,500
2009-04-01,Not in labor force (finding),2,1000
2009-06-01,Not in labor force (finding),1,500
2009-07-01,Not in labor force (finding),1,500
2009-08-01,Not in labor force (finding),2,1000
2009-11-01,Not in labor force (finding),2,1000
2010-01-01,Not in labor force (finding),2,1000
2010-02-01,Not in labor force (finding),2,1000
2010-03-01,Not in labor force (finding),2,1000
2010-04-01,Not in labor force (finding),2,1000
2010-05-01,Not in labor force (finding),2,1000
2010-06-01,Not in labor force (finding),2,1000
2010-07-01,Not in labor force (finding),1,500
2010-08-01,Not in labor force (finding),3,1500
2010-09-01,Not in labor force (finding),2,1000
2010-10-01,Not in labor force (finding),1,500
2010-11-01,Not in labor force (finding),1,500
2010-12-01,Not in labor force (finding),1,500
2011-01-01,Not in labor force (finding),3,1500
2011-02-01,Not in labor force (finding),1,500
2011-03-01,Not in labor force (finding),2,1000
2011-05-01,Not in labor force (finding),2,1000
2011-06-01,Not in labor force (finding),2,1000
2011-07-01,Not in labor force (finding),3,1500
2011-08-01,Not in labor force (finding),2,1000
2011-09-01,Not in labor force (finding),1,500
2011-11-01,Not in labor force (finding),1,500
2011-12-01,Not in labor force (finding),2,1000
2012-01-01,Not in labor force (finding),2,1000
2012-03-01,Not in labor force (finding),1,500
2012-04-01,Not in labor force (finding),1,500
2012-05-01,Not in labor force (finding),1,500
2012-06-01,Not in labor force (finding),2,1000
2012-08-01,Not in labor force (finding),1,500
2012-09-01,Not in labor force (finding),3,1500
2012-10-01,Not in labor force (finding),3,1500
2012-11-01,Not in labor force (finding),1,500
2013-01-01,Not in labor force (finding),1,500
2013-02-01,Not in labor force (finding),2,1000
2013-03-01,Not in labor force (finding),4,2000
2013-04-01,Not in labor force (finding),1,500
2013-05-01,Not in labor force (finding),4,2000
2013-06-01,Not in labor force (finding),3,1500
2013-07-01,Not in labor force (finding),4,2000
2013-08-01,Not in labor force (finding),1,500
2013-09-01,Not in labor force (finding),5,2500
2013-10-01,Not in labor force (finding),3,1500
2013-11-01,Not in labor force (finding),3,1500
2013-12-01,Not in labor force (finding),2,1000
2014-01-01,Not in labor force (finding),4,2000
2014-02-01,Not in labor force (finding),2,1000
2014-04-01,Not in labor force (finding),2,1000
2014-05-01,Not in labor force (finding),5,2500
2014-06-01,Not in labor force (finding),6,3000
2014-07-01,Not in labor force (finding),3,1500
2014-08-01,Not in labor force (finding),3,1500
2014-09-01,Not in labor force (finding),2,1000
2014-10-01,Not in labor force (finding),4,2000
2014-11-01,Not in labor force (finding),3,1500
2014-12-01,Not in labor force (finding),4,2000
2015-01-01,Not in labor force (finding),2,1000
2015-02-01,Not in labor force (finding),9,4500
2015-03-01,Not in labor force (finding),9,4500
2015-04-01,Not in labor force (finding),4,2000
2015-05-01,Not in labor force (finding),4,2000
2015-06-01,Not in labor force (finding),6,3000
2015-07-01,Not in labor force (finding),7,3500
2015-08-01,Not in labor force (finding),10,5000
2015-09-01,Not in labor force (finding),5,2500
2015-10-01,Not in labor force (finding),5,2500
2015-11-01,Not in labor force (finding),9,4500
2015-12-01,Not in labor force (finding),8,4000
2016-01-01,Not in labor force (finding),9,4500
2016-02-01,Not in labor force (finding),9,4500
2016-03-01,Not in labor force (finding),9,4500
2016-04-01,Not in labor force (finding),7,3500
2016-05-01,Not in labor force (finding),4,2000
2016-06-01,Not in labor force (finding),7,3500
2016-07-01,Not in labor force (finding),9,4500
2016-08-01,Not in labor force (finding),15,7500
2016-09-01,Not in labor force (finding),5,2500
2016-10-01,Not in labor force (finding),9,4500
2016-11-01,Not in labor force (finding),14,7000
2016-12-01,Not in labor force (finding),10,5000
2017-01-01,Not in labor force (finding),9,4500
2017-02-01,Not in labor force (finding),6,3000
2017-03-01,Not in labor force (finding),20,10000
2017-04-01,Not in labor force (finding),8,4000
2017-05-01,Not in labor force (finding),11,5500
2017-06-01,Not in labor force (finding),10,5000
2017-07-01,Not in labor force (finding),3,1500
2017-08-01,Not in labor force (finding),15,7500
2017-09-01,Not in labor force (finding),6,3000
2017-10-01,Not in labor force (finding),9,4500
2017-11-01,Not in labor force (finding),6,3000
2017-12-01,Not in labor force (finding),15,7500
2018-01-01,Not in labor force (finding),12,6000
2018-02-01,Not in labor force (finding),9,4500
2018-03-01,Not in labor force (finding),14,7000
2018-04-01,Not in labor force (finding),6,3000
2018-05-01,Not in labor force (finding),13,6500
2018-06-01,Not in labor force (finding),7,3500
2018-07-01,Not in labor force (finding),12,6000
2018-08-01,Not in labor force (finding),9,4500
2018-09-01,Not in labor force (finding),10,5000
2018-10-01,Not in labor force (finding),6,3000
2018-11-01,Not in labor force (finding),9,4500
2018-12-01,Not in labor force (finding),13,6500
2019-01-01,Not in labor force (finding),5,2500
2019-02-01,Not in labor force (finding),7,3500
2019-03-01,Not in labor force (finding),10,5000
2019-04-01,Not in labor force (finding),15,7500
2019-05-01,Not in labor force (finding),13,6500
2019-06-01,Not in labor force (finding),12,6000
2019-07-01,Not in labor force (finding),9,4500
2019-08-01,Not in labor force (finding),10,5000
2019-09-01,Not in labor force (finding),10,5000
2019-10-01,Not in labor force (finding),11,5500
2019-11-01,Not in labor force (finding),8,4000
2019-12-01,Not in labor force (finding),11,5500
2020-01-01,Not in labor force (finding),14,7000
2020-02-01,Not in labor force (finding),12,6000
2020-03-01,Not in labor force (finding),17,8500
2020-04-01,Not in labor force (finding),9,4500
2020-05-01,Not in labor force (finding),12,6000
2020-06-01,Not in labor force (finding),9,4500
2020-07-01,Not in labor force (finding),15,7500
2020-08-01,Not in labor force (finding),10,5000
2020-09-01,Not in labor force (finding),9,4500
2020-10-01,Not in labor force (finding),13,6500
2020-11-01,Not in labor force (finding),15,7500
2020-12-01,Not in labor force (finding),14,7000
2021-01-01,Not in labor force (finding),14,7000
2021-02-01,Not in labor force (finding),10,5000
2021-03-01,Not in labor force (finding),20,10000
2021-04-01,Not in labor force (finding),11,5500
2021-05-01,Not in labor force (finding),8,4000
2021-06-01,Not in labor force (finding),11,5500
2021-07-01,Not in labor force (finding),10,5000
2021-08-01,Not in labor force (finding),6,3000
2021-09-01,Not in labor force (finding),12,6000
2021-10-01,Not in labor force (finding),5,2500
2021-11-01,Not in labor force (finding),8,4000
2021-12-01,Not in labor force (finding),9,4500
2022-01-01,Not in labor force (finding),9,4500
2022-02-01,Not in labor force (finding),11,5500
2022-03-01,Not in labor force (finding),13,6500
2022-04-01,Not in labor force (finding),21,10500
2022-05-01,Not in labor force (finding),11,5500
2022-06-01,Not in labor force (finding),6,3000
2022-07-01,Not in labor force (finding),11,5500
2022-08-01,Not in labor force (finding),10,5000
2022-09-01,Not in labor force (finding),10,5000
2022-10-01,Not in labor force (finding),10,5000
2022-11-01,Not in labor force (finding),11,5500
2022-12-01,Not in labor force (finding),15,7500
2023-01-01,Not in labor force (finding),10,5000
2023-02-01,Not in labor force (finding),8,4000
2023-03-01,Not in labor force (finding),10,5000
2023-04-01,Not in labor force (finding),6,3000
2023-05-01,Not in labor force (finding),12,6000
2023-06-01,Not in labor force (finding),11,5500
2023-07-01,Not in labor force (finding),14,7000
2023-08-01,Not in labor force (finding),11,5500
2023-09-01,Not in labor force (finding),19,9500
2023-10-01,Not in labor force (finding),10,5000
2023-11-01,Not in labor force (finding),8,4000
2023-12-01,Not in labor force (finding),11,5500
2024-01-01,Not in labor force (finding),10,5000
2024-02-01,Not in labor force (finding),8,4000
2024-03-01,Not in labor force (finding),14,7000
2024-04-01,Not in labor force (finding),21,10500
2024-05-01,Not in labor force (finding),14,7000
2024-06-01,Not in labor force (finding),12,6000
2024-07-01,Not in labor force (finding),16,8000
2024-08-01,Not in labor force (finding),8,4000
2024-09-01,Not in labor force (finding),8,4000
2024-10-01,Not in labor force (finding),14,7000
2024-11-01,Not in labor force (finding),10,5000
2024-12-01,Not in labor force (finding),10,5000
2025-01-01,Not in labor force (finding),16,8000
2025-02-01,Not in labor force (finding),8,4000
2025-03-01,Not in labor force (finding),13,6500
2025-04-01,Not in labor force (finding),17,8500
2025-05-01,Not in labor force (finding),12,6000
2025-06-01,Not in labor force (finding),14,7000
2025-07-01,Not in labor force (finding),9,4500
2025-08-01,Not in labor force (finding),11,5500
2025-09-01,Not in labor force (finding),15,7500
2025-10-01,Not in labor force (finding),12,6000
2025-11-01,Not in labor force (finding),10,5000
2025-12-01,Not in labor force (finding),4,2000
2026-01-01,Not in labor force (finding),14,7000
1946-01-01,Part-time employment (finding),1,500
1952-08-01,Part-time employment (finding),1,500
1956-08-01,Part-time employment (finding),1,500
1959-07-01,Part-time employment (finding),1,500
1963-08-01,Part-time employment (finding),1,500
1965-05-01,Part-time employment (finding),1,500
1968-01-01,Part-time employment (finding),1,500
1968-10-01,Part-time employment (finding),1,500
1969-07-01,Part-time employment (finding),1,500
1970-05-01,Part-time employment (finding),1,500
1970-11-01,Part-time employment (finding),1,500
1971-04-01,Part-time employment (finding),2,1000
1971-08-01,Part-time employment (finding),1,500
1972-01-01,Part-time employment (finding),1,500
1972-04-01,Part-time employment (finding),1,500
1972-05-01,Part-time employment (finding),1,500
1972-12-01,Part-time employment (finding),1,500
1973-08-01,Part-time employment (finding),1,500
1975-09-01,Part-time employment (finding),1,500
1975-10-01,Part-time employment (finding),2,1000
1975-12-01,Part-time employment (finding),1,500
1976-05-01,Part-time employment (finding),1,500
1976-06-01,Part-time employment (finding),2,1000
1977-01-01,Part-time employment (finding),2,1000
1977-05-01,Part-time employment (finding),1,500
1977-06-01,Part-time employment (finding),1,500
1977-12-01,Part-time employment (finding),3,1500
1978-04-01,Part-time employment (finding),1,500
1978-05-01,Part-time employment (finding),1,500
1978-06-01,Part-time employment (finding),1,500
1979-01-01,Part-time employment (finding),2,1000
1979-02-01,Part-time employment (finding),1,500
1979-05-01,Part-time employment (finding),1,500
1979-12-01,Part-time employment (finding),2,1000
1980-03-01,Part-time employment (finding),2,1000
1980-07-01,Part-time employment (finding),1,500
1981-01-01,Part-time employment (finding),1,500
1981-05-01,Part-time employment (finding),2,1000
1981-08-01,Part-time employment (finding),2,1000
1981-12-01,Part-time employment (finding),1,500
1982-06-01,Part-time employment (finding),2,1000
1982-08-01,Part-time employment (finding),1,500
1982-11-01,Part-time employment (finding),1,500
1982-12-01,Part-time employment (finding),1,500
1983-01-01,Part-time employment (finding),1,500
1983-11-01,Part-time employment (finding),1,500
1983-12-01,Part-time employment (finding),2,1000
1984-01-01,Part-time employment (finding),2,1000
1984-02-01,Part-time employment (finding),3,1500
1984-05-01,Part-time employment (finding),2,1000
1984-08-01,Part-time employment (finding),1,500
1984-11-01,Part-time employment (finding),1,500
1985-02-01,Part-time employment (finding),2,1000
1985-03-01,Part-time employment (finding),2,1000
1985-08-01,Part-time employment (finding),2,1000
1985-09-01,Part-time employment (finding),1,500
1985-10-01,Part-time employment (finding),1,500
1985-12-01,Part-time employment (finding),2,1000
1986-01-01,Part-time employment (finding),1,500
1986-03-01,Part-time employment (finding),1,500
1986-04-01,Part-time employment (finding),1,500
1986-05-01,Part-time employment (finding),2,1000
1986-06-01,Part-time employment (finding),1,500
1986-11-01,Part-time employment (finding),1,500
1987-01-01,Part-time employment (finding),2,1000
1987-02-01,Part-time employment (finding),2,1000
1987-03-01,Part-time employment (finding),3,1500
1987-05-01,Part-time employment (finding),2,1000
1987-08-01,Part-time employment (finding),1,500
1987-09-01,Part-time employment (finding),2,1000
1987-12-01,Part-time employment (finding),2,1000
1988-02-01,Part-time employment (finding),1,500
1988-03-01,Part-time employment (finding),2,1000
1988-05-01,Part-time employment (finding),1,500
1988-06-01,Part-time employment (finding),1,500
1988-07-01,Part-time employment (finding),1,500
1988-10-01,Part-time employment (finding),1,500
1989-01-01,Part-time employment (finding),1,500
1989-02-01,Part-time employment (finding),1,500
1989-03-01,Part-time employment (finding),2,1000
1989-04-01,Part-time employment (finding),1,500
1989-05-01,Part-time employment (finding),1,500
1989-06-01,Part-time employment (finding),2,1000
1989-07-01,Part-time employment (finding),2,1000
1989-08-01,Part-time employment (finding),1,500
1989-11-01,Part-time employment (finding),2,1000
1989-12-01,Part-time employment (finding),1,500
1990-01-01,Part-time employment (finding),1,500
1990-02-01,Part-time employment (finding),3,1500
1990-06-01,Part-time employment (finding),4,2000
1990-09-01,Part-time employment (finding),1,500
1990-11-01,Part-time employment (finding),1,500
1990-12-01,Part-time employment (finding),1,500
1991-02-01,Part-time employment (finding),1,500
1991-03-01,Part-time employment (finding),3,1500
1991-04-01,Part-time employment (finding),2,1000
1991-05-01,Part-time employment (finding),1,500
1991-07-01,Part-time employment (finding),2,1000
1991-08-01,Part-time employment (finding),1,500
1991-12-01,Part-time employment (finding),1,500
1992-05-01,Part-time employment (finding),2,1000
1992-06-01,Part-time employment (finding),1,500
1992-07-01,Part-time employment (finding),1,500
1992-08-01,Part-time employment (finding),1,500
1992-09-01,Part-time employment (finding),1,500
1992-10-01,Part-time employment (finding),2,1000
1993-02-01,Part-time employment (finding),2,1000
1993-05-01,Part-time employment (finding),1,500
1993-09-01,Part-time employment (finding),2,1000
1993-10-01,Part-time employment (finding),2,1000
1994-01-01,Part-time employment (finding),1,500
1994-02-01,Part-time employment (finding),1,500
1994-03-01,Part-time employment (finding),1,500
1994-05-01,Part-time employment (finding),1,500
1994-06-01,Part-time employment (finding),1,500
1994-07-01,Part-time employment (finding),1,500
1994-08-01,Part-time employment (finding),1,500
1994-09-01,Part-time employment (finding),1,500
1994-10-01,Part-time employment (finding),1,500
1994-12-01,Part-time employment (finding),1,500
1995-02-01,Part-time employment (finding),1,500
1995-04-01,Part-time employment (finding),2,1000
1995-05-01,Part-time employment (finding),1,500
1995-06-01,Part-time employment (finding),1,500
1995-07-01,Part-time employment (finding),3,1500
1995-08-01,Part-time employment (finding),1,500
1995-09-01,Part-time employment (finding),1,500
1995-10-01,Part-time employment (finding),2,1000
1995-11-01,Part-time employment (finding),2,1000
1996-01-01,Part-time employment (finding),1,500
1996-02-01,Part-time employment (finding),4,2000
1996-03-01,Part-time employment (finding),2,1000
1996-05-01,Part-time employment (finding),1,500
1996-06-01,Part-time employment (finding),3,1500
1996-08-01,Part-time employment (finding),2,1000
1996-09-01,Part-time employment (finding),1,500
1996-10-01,Part-time employment (finding),4,2000
1996-11-01,Part-time employment (finding),1,500
1996-12-01,Part-time employment (finding),1,500
1997-01-01,Part-time employment (finding),1,500
1997-02-01,Part-time employment (finding),3,1500
1997-03-01,Part-time employment (finding),2,1000
1997-04-01,Part-time employment (finding),1,500
1997-05-01,Part-time employment (finding),1,500
1997-06-01,Part-time employment (finding),4,2000
1997-07-01,Part-time employment (finding),3,1500
1997-08-01,Part-time employment (finding),1,500
1997-09-01,Part-time employment (finding),3,1500
1997-10-01,Part-time employment (finding),3,1500
1998-01-01,Part-time employment (finding),1,500
1998-03-01,Part-time employment (finding),1,500
1998-05-01,Part-time employment (finding),2,1000
1998-06-01,Part-time employment (finding),3,1500
1998-08-01,Part-time employment (finding),2,1000
1998-09-01,Part-time employment (finding),2,1000
1998-11-01,Part-time employment (finding),1,500
1998-12-01,Part-time employment (finding),2,1000
1999-01-01,Part-time employment (finding),2,1000
1999-02-01,Part-time employment (finding),1,500
1999-03-01,Part-time employment (finding),2,1000
1999-05-01,Part-time employment (finding),2,1000
1999-06-01,Part-time employment (finding),1,500
1999-07-01,Part-time employment (finding),2,1000
1999-08-01,Part-time employment (finding),1,500
1999-09-01,Part-time employment (finding),3,1500
1999-10-01,Part-time employment (finding),3,1500
1999-11-01,Part-time employment (finding),1,500
2000-01-01,Part-time employment (finding),1,500
2000-06-01,Part-time employment (finding),1,500
2000-07-01,Part-time employment (finding),2,1000
2000-08-01,Part-time employment (finding),1,500
2000-09-01,Part-time employment (finding),2,1000
2000-10-01,Part-time employment (finding),2,1000
2000-11-01,Part-time employment (finding),2,1000
2001-01-01,Part-time employment (finding),2,1000
2001-02-01,Part-time employment (finding),2,1000
2001-03-01,Part-time employment (finding),1,500
2001-04-01,Part-time employment (finding),3,1500
2001-05-01,Part-time employment (finding),2,1000
2001-07-01,Part-time employment (finding),1,500
2001-08-01,Part-time employment (finding),2,1000
2001-10-01,Part-time employment (finding),1,500
2001-11-01,Part-time employment (finding),1,500
2001-12-01,Part-time employment (finding),1,500
2002-06-01,Part-time employment (finding),2,1000
2002-09-01,Part-time employment (finding),2,1000
2002-10-01,Part-time employment (finding),1,500
2002-12-01,Part-time employment (finding),1,500
2003-01-01,Part-time employment (finding),1,500
2003-03-01,Part-time employment (finding),1,500
2003-04-01,Part-time employment (finding),1,500
2003-05-01,Part-time employment (finding),5,2500
2003-07-01,Part-time employment (finding),2,1000
2003-08-01,Part-time employment (finding),2,1000
2003-09-01,Part-time employment (finding),2,1000
2003-10-01,Part-time employment (finding),3,1500
2003-11-01,Part-time employment (finding),3,1500
2003-12-01,Part-time employment (finding),5,2500
2004-01-01,Part-time employment (finding),1,500
2004-02-01,Part-time employment (finding),2,1000
2004-06-01,Part-time employment (finding),2,1000
2004-07-01,Part-time employment (finding),1,500
2004-08-01,Part-time employment (finding),2,1000
2004-09-01,Part-time employment (finding),4,2000
2004-10-01,Part-time employment (finding),1,500
2004-11-01,Part-time employment (finding),3,1500
2004-12-01,Part-time employment (finding),5,2500
2005-02-01,Part-time employment (finding),1,500
2005-03-01,Part-time employment (finding),1,500
2005-04-01,Part-time employment (finding),3,1500
2005-05-01,Part-time employment (finding),1,500
2005-06-01,Part-time employment (finding),1,500
2005-07-01,Part-time employment (finding),1,500
2005-09-01,Part-time employment (finding),3,1500
2005-11-01,Part-time employment (finding),1,500
2005-12-01,Part-time employment (finding),2,1000
2006-01-01,Part-time employment (finding),3,1500
2006-02-01,Part-time employment (finding),4,2000
2006-03-01,Part-time employment (finding),3,1500
2006-04-01,Part-time employment (finding),4,2000
2006-05-01,Part-time employment (finding),4,2000
2006-06-01,Part-time employment (finding),5,2500
2006-07-01,Part-time employment (finding),3,1500
2006-09-01,Part-time employment (finding),2,1000
2006-10-01,Part-time employment (finding),4,2000
2006-11-01,Part-time employment (finding),1,500
2006-12-01,Part-time employment (finding),1,500
2007-02-01,Part-time employment (finding),1,500
2007-03-01,Part-time employment (finding),1,500
2007-04-01,Part-time employment (finding),2,1000
2007-05-01,Part-time employment (finding),1,500
2007-07-01,Part-time employment (finding),4,2000
2007-08-01,Part-time employment (finding),1,500
2007-10-01,Part-time employment (finding),2,1000
2007-11-01,Part-time employment (finding),1,500
2008-01-01,Part-time employment (finding),2,1000
2008-02-01,Part-time employment (finding),5,2500
2008-03-01,Part-time employment (finding),2,1000
2008-04-01,Part-time employment (finding),5,2500
2008-05-01,Part-time employment (finding),4,2000
2008-06-01,Part-time employment (finding),3,1500
2008-07-01,Part-time employment (finding),2,1000
2008-08-01,Part-time employment (finding),1,500
2008-09-01,Part-time employment (finding),2,1000
2008-11-01,Part-time employment (finding),2,1000
2008-12-01,Part-time employment (finding),4,2000
2009-01-01,Part-time employment (finding),3,1500
2009-02-01,Part-time employment (finding),1,500
2009-03-01,Part-time employment (finding),2,1000
2009-04-01,Part-time employment (finding),2,1000
2009-05-01,Part-time employment (finding),2,1000
2009-08-01,Part-time employment (finding),3,1500
2009-10-01,Part-time employment (finding),1,500
2009-11-01,Part-time employment (finding),2,1000
2009-12-01,Part-time employment (finding),3,1500
2010-01-01,Part-time employment (finding),3,1500
2010-02-01,Part-time employment (finding),5,2500
2010-03-01,Part-time employment (finding),1,500
2010-04-01,Part-time employment (finding),3,1500
2010-05-01,Part-time employment (finding),1,500
2010-06-01,Part-time employment (finding),2,1000
2010-07-01,Part-time employment (finding),3,1500
2010-08-01,Part-time employment (finding),3,1500
2010-09-01,Part-time employment (finding),2,1000
2010-10-01,Part-time employment (finding),3,1500
2010-11-01,Part-time employment (finding),2,1000
2010-12-01,Part-time employment (finding),5,2500
2011-01-01,Part-time employment (finding),1,500
2011-02-01,Part-time employment (finding),1,500
2011-03-01,Part-time employment (finding),2,1000
2011-04-01,Part-time employment (finding),4,2000
2011-05-01,Part-time employment (finding),6,3000
2011-06-01,Part-time employment (finding),3,1500
2011-07-01,Part-time employment (finding),4,2000
2011-08-01,Part-time employment (finding),2,1000
2011-09-01,Part-time employment (finding),3,1500
2011-10-01,Part-time employment (finding),1,500
2011-11-01,Part-time employment (finding),2,1000
2011-12-01,Part-time employment (finding),5,2500
2012-01-01,Part-time employment (finding),2,1000
2012-02-01,Part-time employment (finding),1,500
2012-03-01,Part-time employment (finding),1,500
2012-04-01,Part-time employment (finding),1,500
2012-05-01,Part-time employment (finding),8,4000
2012-06-01,Part-time employment (finding),4,2000
2012-07-01,Part-time employment (finding),2,1000
2012-08-01,Part-time employment (finding),1,500
2012-09-01,Part-time employment (finding),2,1000
2012-10-01,Part-time employment (finding),2,1000
2012-11-01,Part-time employment (finding),3,1500
2013-01-01,Part-time employment (finding),3,1500
2013-02-01,Part-time employment (finding),4,2000
2013-03-01,Part-time employment (finding),5,2500
2013-04-01,Part-time employment (finding),5,2500
2013-05-01,Part-time employment (finding),1,500
2013-06-01,Part-time employment (finding),6,3000
2013-07-01,Part-time employment (finding),6,3000
2013-08-01,Part-time employment (finding),6,3000
2013-09-01,Part-time employment (finding),3,1500
2013-10-01,Part-time employment (finding),7,3500
2013-11-01,Part-time employment (finding),4,2000
2013-12-01,Part-time employment (finding),2,1000
2014-01-01,Part-time employment (finding),5,2500
2014-02-01,Part-time employment (finding),6,3000
2014-03-01,Part-time employment (finding),4,2000
2014-04-01,Part-time employment (finding),5,2500
2014-05-01,Part-time employment (finding),8,4000
2014-06-01,Part-time employment (finding),8,4000
2014-07-01,Part-time employment (finding),5,2500
2014-08-01,Part-time employment (finding),9,4500
2014-09-01,Part-time employment (finding),3,1500
2014-10-01,Part-time employment (finding),4,2000
2014-11-01,Part-time employment (finding),10,5000
2014-12-01,Part-time employment (finding),5,2500
2015-01-01,Part-time employment (finding),3,1500
2015-02-01,Part-time employment (finding),22,11000
2015-03-01,Part-time employment (finding),16,8000
2015-04-01,Part-time employment (finding),7,3500
2015-05-01,Part-time employment (finding),15,7500
2015-06-01,Part-time employment (finding),18,9000
2015-07-01,Part-time employment (finding),12,6000
2015-08-01,Part-time employment (finding),18,9000
2015-09-01,Part-time employment (finding),11,5500
2015-10-01,Part-time employment (finding),5,2500
2015-11-01,Part-time employment (finding),11,5500
2015-12-01,Part-time employment (finding),11,5500
2016-01-01,Part-time employment (finding),20,10000
2016-02-01,Part-time employment (finding),23,11500
2016-03-01,Part-time employment (finding),15,7500
2016-04-01,Part-time employment (finding),20,10000
2016-05-01,Part-time employment (finding),12,6000
2016-06-01,Part-time employment (finding),25,12500
2016-07-01,Part-time employment (finding),18,9000
2016-08-01,Part-time employment (finding),16,8000
2016-09-01,Part-time employment (finding),15,7500
2016-10-01,Part-time employment (finding),19,9500
2016-11-01,Part-time employment (finding),17,8500
2016-12-01,Part-time employment (finding),9,4500
2017-01-01,Part-time employment (finding),20,10000
2017-02-01,Part-time employment (finding),13,6500
2017-03-01,Part-time employment (finding),25,12500
2017-04-01,Part-time employment (finding),19,9500
2017-05-01,Part-time employment (finding),15,7500
2017-06-01,Part-time employment (finding),17,8500
2017-07-01,Part-time employment (finding),18,9000
2017-08-01,Part-time employment (finding),21,10500
2017-09-01,Part-time employment (finding),14,7000
2017-10-01,Part-time employment (finding),17,8500
2017-11-01,Part-time employment (finding),11,5500
2017-12-01,Part-time employment (finding),14,7000
2018-01-01,Part-time employment (finding),16,8000
2018-02-01,Part-time employment (finding),17,8500
2018-03-01,Part-time employment (finding),27,13500
2018-04-01,Part-time employment (finding),14,7500
2018-05-01,Part-time employment (finding),19,9500
2018-06-01,Part-time employment (finding),18,9000
2018-07-01,Part-time employment (finding),19,9500
2018-08-01,Part-time employment (finding),21,10500
2018-09-01,Part-time employment (finding),14,7000
2018-10-01,Part-time employment (finding),20,10000
2018-11-01,Part-time employment (finding),18,9500
2018-12-01,Part-time employment (finding),16,8000
2019-01-01,Part-time employment (finding),15,7500
2019-02-01,Part-time employment (finding),8,4000
2019-03-01,Part-time employment (finding),34,17000
2019-04-01,Part-time employment (finding),14,7000
2019-05-01,Part-time employment (finding),15,7500
2019-06-01,Part-time employment (finding),25,12500
2019-07-01,Part-time employment (finding),18,9000
2019-08-01,Part-time employment (finding),23,11500
2019-09-01,Part-time employment (finding),11,5500
2019-10-01,Part-time employment (finding),12,6000
2019-11-01,Part-time employment (finding),19,9500
2019-12-01,Part-time employment (finding),14,7000
2020-01-01,Part-time employment (finding),12,6000
2020-02-01,Part-time employment (finding),13,6500
2020-03-01,Part-time employment (finding),32,16000
2020-04-01,Part-time employment (finding),11,5500
2020-05-01,Part-time employment (finding),23,11500
2020-06-01,Part-time employment (finding),19,9500
2020-07-01,Part-time employment (finding),16,8000
2020-08-01,Part-time employment (finding),31,15500
2020-09-01,Part-time employment (finding),26,13000
2020-10-01,Part-time employment (finding),20,10000
2020-11-01,Part-time employment (finding),25,12500
2020-12-01,Part-time employment (finding),13,6500
2021-01-01,Part-time employment (finding),20,10000
2021-02-01,Part-time employment (finding),17,8500
2021-03-01,Part-time employment (finding),34,17000
2021-04-01,Part-time employment (finding),20,10000
2021-05-01,Part-time employment (finding),23,11500
2021-06-01,Part-time employment (finding),21,10500
2021-07-01,Part-time employment (finding),22,11000
2021-08-01,Part-time employment (finding),14,7000
2021-09-01,Part-time employment (finding),20,10000
2021-10-01,Part-time employment (finding),21,10500
2021-11-01,Part-time employment (finding),16,8000
2021-12-01,Part-time employment (finding),15,7500
2022-01-01,Part-time employment (finding),24,12000
2022-02-01,Part-time employment (finding),24,12000
2022-03-01,Part-time employment (finding),18,9000
2022-04-01,Part-time employment (finding),26,13000
2022-05-01,Part-time employment (finding),20,10000
2022-06-01,Part-time employment (finding),16,8000
2022-07-01,Part-time employment (finding),22,11000
2022-08-01,Part-time employment (finding),18,9000
2022-09-01,Part-time employment (finding),23,11500
2022-10-01,Part-time employment (finding),16,8000
2022-11-01,Part-time employment (finding),20,10000
2022-12-01,Part-time employment (finding),17,8500
2023-01-01,Part-time employment (finding),14,7000
2023-02-01,Part-time employment (finding),19,9500
2023-03-01,Part-time employment (finding),20,10000
2023-04-01,Part-time employment (finding),42,21000
2023-05-01,Part-time employment (finding),17,8500
2023-06-01,Part-time employment (finding),18,9000
2023-07-01,Part-time employment (finding),23,11500
2023-08-01,Part-time employment (finding),16,8000
2023-09-01,Part-time employment (finding),14,7000
2023-10-01,Part-time employment (finding),20,10000
2023-11-01,Part-time employment (finding),22,11000
2023-12-01,Part-time employment (finding),18,9000
2024-01-01,Part-time employment (finding),11,5500
2024-02-01,Part-time employment (finding),18,9000
2024-03-01,Part-time employment (finding),26,13000
2024-04-01,Part-time employment (finding),24,12000
2024-05-01,Part-time employment (finding),25,12500
2024-06-01,Part-time employment (finding),17,8500
2024-07-01,Part-time employment (finding),28,14000
2024-08-01,Part-time employment (finding),25,12500
2024-09-01,Part-time employment (finding),25,12500
2024-10-01,Part-time employment (finding),19,9500
2024-11-01,Part-time employment (finding),17,8500
2024-12-01,Part-time employment (finding),21,10500
2025-01-01,Part-time employment (finding),22,11000
2025-02-01,Part-time employment (finding),14,7000
2025-03-01,Part-time employment (finding),23,11500
2025-04-01,Part-time employment (finding),44,22000
2025-05-01,Part-time employment (finding),20,10000
2025-06-01,Part-time employment (finding),14,7000
2025-07-01,Part-time employment (finding),30,15000
2025-08-01,Part-time employment (finding),26,13000
2025-09-01,Part-time employment (finding),19,9500
2025-10-01,Part-time employment (finding),11,5500
2025-11-01,Part-time employment (finding),16,8000
2025-12-01,Part-time employment (finding),23,11500
2026-01-01,Part-time employment (finding),29,14500
1932-07-01,Past pregnancy history of miscarriage (situation),1,500
1933-02-01,Past pregnancy history of miscarriage (situation),1,500
1935-03-01,Past pregnancy history of miscarriage (situation),1,500
1935-12-01,Past pregnancy history of miscarriage (situation),1,500
1940-02-01,Past pregnancy history of miscarriage (situation),1,500
1940-06-01,Past pregnancy history of miscarriage (situation),1,500
1942-07-01,Past pregnancy history of miscarriage (situation),1,500
1943-01-01,Past pregnancy history of miscarriage (situation),1,500
1943-04-01,Past pregnancy history of miscarriage (situation),1,500
1943-09-01,Past pregnancy history of miscarriage (situation),1,500
1947-01-01,Past pregnancy history of miscarriage (situation),1,500
1949-03-01,Past pregnancy history of miscarriage (situation),1,500
1950-05-01,Past pregnancy history of miscarriage (situation),1,500
1950-12-01,Past pregnancy history of miscarriage (situation),1,500
1951-09-01,Past pregnancy history of miscarriage (situation),1,500
1952-12-01,Past pregnancy history of miscarriage (situation),1,500
1953-01-01,Past pregnancy history of miscarriage (situation),1,500
1953-10-01,Past pregnancy history of miscarriage (situation),1,500
1955-04-01,Past pregnancy history of miscarriage (situation),1,500
1955-06-01,Past pregnancy history of miscarriage (situation),1,500
1955-11-01,Past pregnancy history of miscarriage (situation),1,500
1956-11-01,Past pregnancy history of miscarriage (situation),1,500
1956-12-01,Past pregnancy history of miscarriage (situation),1,500
1957-04-01,Past pregnancy history of miscarriage (situation),1,500
1957-05-01,Past pregnancy history of miscarriage (situation),1,500
1957-09-01,Past pregnancy history of miscarriage (situation),1,500
1958-02-01,Past pregnancy history of miscarriage (situation),1,500
1960-10-01,Past pregnancy history of miscarriage (situation),1,500
1962-02-01,Past pregnancy history of miscarriage (situation),1,500
1963-03-01,Past pregnancy history of miscarriage (situation),1,500
1963-07-01,Past pregnancy history of miscarriage (situation),1,500
1963-09-01,Past pregnancy history of miscarriage (situation),1,500
1963-10-01,Past pregnancy history of miscarriage (situation),1,500
1964-05-01,Past pregnancy history of miscarriage (situation),1,500
1964-08-01,Past pregnancy history of miscarriage (situation),1,500
1964-10-01,Past pregnancy history of miscarriage (situation),2,1000
1965-04-01,Past pregnancy history of miscarriage (situation),1,500
1965-05-01,Past pregnancy history of miscarriage (situation),1,500
1965-07-01,Past pregnancy history of miscarriage (situation),1,500
1966-07-01,Past pregnancy history of miscarriage (situation),1,500
1967-05-01,Past pregnancy history of miscarriage (situation),2,1000
1967-07-01,Past pregnancy history of miscarriage (situation),1,500
1968-01-01,Past pregnancy history of miscarriage (situation),1,500
1969-04-01,Past pregnancy history of miscarriage (situation),1,500
1969-07-01,Past pregnancy history of miscarriage (situation),1,500
1970-04-01,Past pregnancy history of miscarriage (situation),1,500
1970-11-01,Past pregnancy history of miscarriage (situation),1,500
1970-12-01,Past pregnancy history of miscarriage (situation),1,500
1971-04-01,Past pregnancy history of miscarriage (situation),1,500
1971-05-01,Past pregnancy history of miscarriage (situation),1,500
1971-07-01,Past pregnancy history of miscarriage (situation),1,500
1972-01-01,Past pregnancy history of miscarriage (situation),1,500
1972-11-01,Past pregnancy history of miscarriage (situation),1,500
1972-12-01,Past pregnancy history of miscarriage (situation),1,500
1973-11-01,Past pregnancy history of miscarriage (situation),2,1000
1974-06-01,Past pregnancy history of miscarriage (situation),1,500
1974-08-01,Past pregnancy history of miscarriage (situation),1,500
1974-12-01,Past pregnancy history of miscarriage (situation),2,1000
1975-03-01,Past pregnancy history of miscarriage (situation),1,500
1975-08-01,Past pregnancy history of miscarriage (situation),1,500
1975-12-01,Past pregnancy history of miscarriage (situation),1,500
1976-02-01,Past pregnancy history of miscarriage (situation),1,500
1976-04-01,Past pregnancy history of miscarriage (situation),1,500
1976-06-01,Past pregnancy history of miscarriage (situation),1,500
1976-11-01,Past pregnancy history of miscarriage (situation),2,1000
1976-12-01,Past pregnancy history of miscarriage (situation),1,500
1977-04-01,Past pregnancy history of miscarriage (situation),1,500
1977-06-01,Past pregnancy history of miscarriage (situation),1,500
1977-12-01,Past pregnancy history of miscarriage (situation),1,500
1978-01-01,Past pregnancy history of miscarriage (situation),2,1000
1978-03-01,Past pregnancy history of miscarriage (situation),1,500
1978-07-01,Past pregnancy history of miscarriage (situation),1,500
1978-08-01,Past pregnancy history of miscarriage (situation),1,500
1978-10-01,Past pregnancy history of miscarriage (situation),1,500
1978-11-01,Past pregnancy history of miscarriage (situation),1,500
1979-03-01,Past pregnancy history of miscarriage (situation),2,1000
1979-06-01,Past pregnancy history of miscarriage (situation),1,500
1979-08-01,Past pregnancy history of miscarriage (situation),1,500
1979-10-01,Past pregnancy history of miscarriage (situation),1,500
1980-05-01,Past pregnancy history of miscarriage (situation),1,500
1980-09-01,Past pregnancy history of miscarriage (situation),1,500
1980-12-01,Past pregnancy history of miscarriage (situation),1,500
1981-02-01,Past pregnancy history of miscarriage (situation),1,500
1981-03-01,Past pregnancy history of miscarriage (situation),1,500
1981-06-01,Past pregnancy history of miscarriage (situation),2,1000
1981-07-01,Past pregnancy history of miscarriage (situation),2,1000
1981-08-01,Past pregnancy history of miscarriage (situation),1,500
1981-10-01,Past pregnancy history of miscarriage (situation),2,1000
1981-12-01,Past pregnancy history of miscarriage (situation),1,500
1982-07-01,Past pregnancy history of miscarriage (situation),1,500
1982-08-01,Past pregnancy history of miscarriage (situation),1,500
1982-10-01,Past pregnancy history of miscarriage (situation),1,500
1983-04-01,Past pregnancy history of miscarriage (situation),1,500
1983-07-01,Past pregnancy history of miscarriage (situation),1,500
1983-10-01,Past pregnancy history of miscarriage (situation),1,500
1983-11-01,Past pregnancy history of miscarriage (situation),1,500
1984-03-01,Past pregnancy history of miscarriage (situation),1,500
1984-06-01,Past pregnancy history of miscarriage (situation),1,500
1984-07-01,Past pregnancy history of miscarriage (situation),1,500
1984-10-01,Past pregnancy history of miscarriage (situation),1,500
1984-12-01,Past pregnancy history of miscarriage (situation),1,500
1985-01-01,Past pregnancy history of miscarriage (situation),1,500
1985-06-01,Past pregnancy history of miscarriage (situation),3,1500
1985-09-01,Past pregnancy history of miscarriage (situation),1,500
1986-03-01,Past pregnancy history of miscarriage (situation),1,500
1986-09-01,Past pregnancy history of miscarriage (situation),1,500
1986-10-01,Past pregnancy history of miscarriage (situation),2,1000
1987-02-01,Past pregnancy history of miscarriage (situation),1,500
1987-03-01,Past pregnancy history of miscarriage (situation),1,500
1987-07-01,Past pregnancy history of miscarriage (situation),1,500
1987-11-01,Past pregnancy history of miscarriage (situation),1,500
1988-02-01,Past pregnancy history of miscarriage (situation),1,500
1988-05-01,Past pregnancy history of miscarriage (situation),1,500
1988-06-01,Past pregnancy history of miscarriage (situation),3,1500
1988-08-01,Past pregnancy history of miscarriage (situation),2,1000
1989-01-01,Past pregnancy history of miscarriage (situation),2,1000
1989-04-01,Past pregnancy history of miscarriage (situation),1,500
1989-06-01,Past pregnancy history of miscarriage (situation),2,1000
1989-07-01,Past pregnancy history of miscarriage (situation),1,500
1989-09-01,Past pregnancy history of miscarriage (situation),1,500
1990-06-01,Past pregnancy history of miscarriage (situation),1,500
1990-07-01,Past pregnancy history of miscarriage (situation),1,500
1990-08-01,Past pregnancy history of miscarriage (situation),1,500
1990-09-01,Past pregnancy history of miscarriage (situation),1,500
1990-10-01,Past pregnancy history of miscarriage (situation),2,1000
1990-12-01,Past pregnancy history of miscarriage (situation),1,500
1991-02-01,Past pregnancy history of miscarriage (situation),1,500
1991-03-01,Past pregnancy history of miscarriage (situation),2,1000
1991-06-01,Past pregnancy history of miscarriage (situation),1,500
1991-07-01,Past pregnancy history of miscarriage (situation),2,1000
1991-08-01,Past pregnancy history of miscarriage (situation),1,500
1991-09-01,Past pregnancy history of miscarriage (situation),3,1500
1992-02-01,Past pregnancy history of miscarriage (situation),1,500
1992-06-01,Past pregnancy history of miscarriage (situation),3,1500
1992-08-01,Past pregnancy history of miscarriage (situation),2,1000
1993-01-01,Past pregnancy history of miscarriage (situation),2,1000
1993-03-01,Past pregnancy history of miscarriage (situation),2,1000
1993-10-01,Past pregnancy history of miscarriage (situation),1,500
1993-11-01,Past pregnancy history of miscarriage (situation),1,500
1994-05-01,Past pregnancy history of miscarriage (situation),2,1000
1994-06-01,Past pregnancy history of miscarriage (situation),1,500
1994-07-01,Past pregnancy history of miscarriage (situation),1,500
1994-10-01,Past pregnancy history of miscarriage (situation),1,500
1995-01-01,Past pregnancy history of miscarriage (situation),1,500
1995-03-01,Past pregnancy history of miscarriage (situation),1,500
1995-04-01,Past pregnancy history of miscarriage (situation),1,500
1995-06-01,Past pregnancy history of miscarriage (situation),1,500
1995-07-01,Past pregnancy history of miscarriage (situation),1,500
1995-08-01,Past pregnancy history of miscarriage (situation),1,500
1995-12-01,Past pregnancy history of miscarriage (situation),1,500
1996-03-01,Past pregnancy history of miscarriage (situation),1,500
1996-05-01,Past pregnancy history of miscarriage (situation),1,500
1996-06-01,Past pregnancy history of miscarriage (situation),1,500
1996-07-01,Past pregnancy history of miscarriage (situation),1,500
1996-08-01,Past pregnancy history of miscarriage (situation),1,500
1996-11-01,Past pregnancy history of miscarriage (situation),1,500
1997-01-01,Past pregnancy history of miscarriage (situation),1,500
1997-02-01,Past pregnancy history of miscarriage (situation),3,1500
1997-09-01,Past pregnancy history of miscarriage (situation),1,500
1998-01-01,Past pregnancy history of miscarriage (situation),1,500
1998-04-01,Past pregnancy history of miscarriage (situation),1,500
1998-05-01,Past pregnancy history of miscarriage (situation),2,1000
1998-06-01,Past pregnancy history of miscarriage (situation),1,500
1998-08-01,Past pregnancy history of miscarriage (situation),2,1000
1998-11-01,Past pregnancy history of miscarriage (situation),1,500
1999-02-01,Past pregnancy history of miscarriage (situation),1,500
1999-04-01,Past pregnancy history of miscarriage (situation),2,1000
1999-05-01,Past pregnancy history of miscarriage (situation),1,500
1999-06-01,Past pregnancy history of miscarriage (situation),2,1000
1999-09-01,Past pregnancy history of miscarriage (situation),1,500
1999-10-01,Past pregnancy history of miscarriage (situation),2,1000
1999-11-01,Past pregnancy history of miscarriage (situation),1,500
2000-01-01,Past pregnancy history of miscarriage (situation),1,500
2000-02-01,Past pregnancy history of miscarriage (situation),2,1000
2000-04-01,Past pregnancy history of miscarriage (situation),1,500
2000-07-01,Past pregnancy history of miscarriage (situation),1,500
2001-01-01,Past pregnancy history of miscarriage (situation),1,500
2001-03-01,Past pregnancy history of miscarriage (situation),1,500
2001-06-01,Past pregnancy history of miscarriage (situation),1,500
2001-07-01,Past pregnancy history of miscarriage (situation),2,1000
2001-08-01,Past pregnancy history of miscarriage (situation),1,500
2001-10-01,Past pregnancy history of miscarriage (situation),1,500
2001-11-01,Past pregnancy history of miscarriage (situation),2,1000
2001-12-01,Past pregnancy history of miscarriage (situation),1,500
2002-02-01,Past pregnancy history of miscarriage (situation),1,500
2002-03-01,Past pregnancy history of miscarriage (situation),2,1000
2002-05-01,Past pregnancy history of miscarriage (situation),1,500
2002-06-01,Past pregnancy history of miscarriage (situation),1,500
2002-07-01,Past pregnancy history of miscarriage (situation),2,1000
2002-09-01,Past pregnancy history of miscarriage (situation),1,500
2002-10-01,Past pregnancy history of miscarriage (situation),1,500
2002-11-01,Past pregnancy history of miscarriage (situation),1,500
2002-12-01,Past pregnancy history of miscarriage (situation),1,500
2003-07-01,Past pregnancy history of miscarriage (situation),1,500
2003-08-01,Past pregnancy history of miscarriage (situation),1,500
2003-10-01,Past pregnancy history of miscarriage (situation),3,1500
2003-11-01,Past pregnancy history of miscarriage (situation),1,500
2003-12-01,Past pregnancy history of miscarriage (situation),1,500
2004-01-01,Past pregnancy history of miscarriage (situation),1,500
2004-05-01,Past pregnancy history of miscarriage (situation),1,500
2004-06-01,Past pregnancy history of miscarriage (situation),1,500
2004-07-01,Past pregnancy history of miscarriage (situation),1,500
2004-09-01,Past pregnancy history of miscarriage (situation),2,1000
2004-11-01,Past pregnancy history of miscarriage (situation),2,1000
2004-12-01,Past pregnancy history of miscarriage (situation),2,1000
2005-01-01,Past pregnancy history of miscarriage (situation),2,1000
2005-02-01,Past pregnancy history of miscarriage (situation),2,1000
2005-03-01,Past pregnancy history of miscarriage (situation),2,1000
2005-04-01,Past pregnancy history of miscarriage (situation),1,500
2005-05-01,Past pregnancy history of miscarriage (situation),1,500
2005-08-01,Past pregnancy history of miscarriage (situation),1,500
2005-10-01,Past pregnancy history of miscarriage (situation),3,1500
2005-11-01,Past pregnancy history of miscarriage (situation),1,500
2005-12-01,Past pregnancy history of miscarriage (situation),1,500
2006-03-01,Past pregnancy history of miscarriage (situation),1,500
2006-04-01,Past pregnancy history of miscarriage (situation),2,1000
2006-05-01,Past pregnancy history of miscarriage (situation),3,1500
2006-06-01,Past pregnancy history of miscarriage (situation),3,1500
2006-09-01,Past pregnancy history of miscarriage (situation),2,1000
2006-10-01,Past pregnancy history of miscarriage (situation),1,500
2006-11-01,Past pregnancy history of miscarriage (situation),1,500
2006-12-01,Past pregnancy history of miscarriage (situation),1,500
2007-01-01,Past pregnancy history of miscarriage (situation),1,500
2007-02-01,Past pregnancy history of miscarriage (situation),2,1000
2007-11-01,Past pregnancy history of miscarriage (situation),2,1000
2008-03-01,Past pregnancy history of miscarriage (situation),1,500
2008-05-01,Past pregnancy history of miscarriage (situation),1,500
2008-06-01,Past pregnancy history of miscarriage (situation),1,500
2008-07-01,Past pregnancy history of miscarriage (situation),1,500
2008-08-01,Past pregnancy history of miscarriage (situation),1,500
2008-11-01,Past pregnancy history of miscarriage (situation),1,500
2008-12-01,Past pregnancy history of miscarriage (situation),1,500
2009-04-01,Past pregnancy history of miscarriage (situation),1,500
2009-06-01,Past pregnancy history of miscarriage (situation),1,500
2009-07-01,Past pregnancy history of miscarriage (situation),1,500
2009-08-01,Past pregnancy history of miscarriage (situation),1,500
2009-10-01,Past pregnancy history of miscarriage (situation),1,500
2009-11-01,Past pregnancy history of miscarriage (situation),1,500
2010-01-01,Past pregnancy history of miscarriage (situation),1,500
2010-02-01,Past pregnancy history of miscarriage (situation),1,500
2010-06-01,Past pregnancy history of miscarriage (situation),1,500
2010-07-01,Past pregnancy history of miscarriage (situation),1,500
2010-08-01,Past pregnancy history of miscarriage (situation),1,500
2010-11-01,Past pregnancy history of miscarriage (situation),1,500
2010-12-01,Past pregnancy history of miscarriage (situation),1,500
2011-01-01,Past pregnancy history of miscarriage (situation),2,1000
2011-02-01,Past pregnancy history of miscarriage (situation),1,500
2011-04-01,Past pregnancy history of miscarriage (situation),1,500
2011-05-01,Past pregnancy history of miscarriage (situation),1,500
2011-06-01,Past pregnancy history of miscarriage (situation),1,500
2012-01-01,Past pregnancy history of miscarriage (situation),1,500
2012-03-01,Past pregnancy history of miscarriage (situation),2,1000
2012-05-01,Past pregnancy history of miscarriage (situation),1,500
2012-07-01,Past pregnancy history of miscarriage (situation),1,500
2012-12-01,Past pregnancy history of miscarriage (situation),1,500
2013-01-01,Past pregnancy history of miscarriage (situation),1,500
2013-02-01,Past pregnancy history of miscarriage (situation),1,500
2013-03-01,Past pregnancy history of miscarriage (situation),1,500
2013-06-01,Past pregnancy history of miscarriage (situation),1,500
2013-07-01,Past pregnancy history of miscarriage (situation),1,500
2013-09-01,Past pregnancy history of miscarriage (situation),2,1000
2013-10-01,Past pregnancy history of miscarriage (situation),1,500
2014-02-01,Past pregnancy history of miscarriage (situation),1,500
2014-04-01,Past pregnancy history of miscarriage (situation),2,1000
2014-05-01,Past pregnancy history of miscarriage (situation),1,500
2014-06-01,Past pregnancy history of miscarriage (situation),1,500
2014-09-01,Past pregnancy history of miscarriage (situation),1,500
2014-10-01,Past pregnancy history of miscarriage (situation),1,500
2014-11-01,Past pregnancy history of miscarriage (situation),1,500
2014-12-01,Past pregnancy history of miscarriage (situation),1,500
2015-03-01,Past pregnancy history of miscarriage (situation),1,500
2015-04-01,Past pregnancy history of miscarriage (situation),1,500
2015-09-01,Past pregnancy history of miscarriage (situation),2,1000
2016-01-01,Past pregnancy history of miscarriage (situation),1,500
2016-04-01,Past pregnancy history of miscarriage (situation),3,1500
2016-08-01,Past pregnancy history of miscarriage (situation),1,500
2017-01-01,Past pregnancy history of miscarriage (situation),1,500
2017-03-01,Past pregnancy history of miscarriage (situation),1,500
2017-08-01,Past pregnancy history of miscarriage (situation),1,500
2017-09-01,Past pregnancy history of miscarriage (situation),2,1000
2017-10-01,Past pregnancy history of miscarriage (situation),1,500
2017-11-01,Past pregnancy history of miscarriage (situation),1,500
2017-12-01,Past pregnancy history of miscarriage (situation),1,500
2018-01-01,Past pregnancy history of miscarriage (situation),1,500
2018-04-01,Past pregnancy history of miscarriage (situation),2,1000
2018-05-01,Past pregnancy history of miscarriage (situation),1,500
2018-07-01,Past pregnancy history of miscarriage (situation),2,1000
2018-08-01,Past pregnancy history of miscarriage (situation),2,1000
2018-11-01,Past pregnancy history of miscarriage (situation),2,1000
2018-12-01,Past pregnancy history of miscarriage (situation),2,1000
2019-01-01,Past pregnancy history of miscarriage (situation),1,500
2019-03-01,Past pregnancy history of miscarriage (situation),1,500
2019-04-01,Past pregnancy history of miscarriage (situation),2,1000
2019-05-01,Past pregnancy history of miscarriage (situation),1,500
2019-06-01,Past pregnancy history of miscarriage (situation),1,500
2019-11-01,Past pregnancy history of miscarriage (situation),1,500
2019-12-01,Past pregnancy history of miscarriage (situation),2,1000
2020-02-01,Past pregnancy history of miscarriage (situation),1,500
2020-03-01,Past pregnancy history of miscarriage (situation),1,500
2020-04-01,Past pregnancy history of miscarriage (situation),1,500
2020-09-01,Past pregnancy history of miscarriage (situation),1,500
2020-10-01,Past pregnancy history of miscarriage (situation),1,500
2020-11-01,Past pregnancy history of miscarriage (situation),1,500
2020-12-01,Past pregnancy history of miscarriage (situation),1,500
2021-02-01,Past pregnancy history of miscarriage (situation),3,1500
2021-03-01,Past pregnancy history of miscarriage (situation),1,500
2021-05-01,Past pregnancy history of miscarriage (situation),1,500
2021-06-01,Past pregnancy history of miscarriage (situation),1,500
2021-08-01,Past pregnancy history of miscarriage (situation),2,1000
2021-09-01,Past pregnancy history of miscarriage (situation),1,500
2021-10-01,Past pregnancy history of miscarriage (situation),1,500
2021-12-01,Past pregnancy history of miscarriage (situation),1,500
2022-01-01,Past pregnancy history of miscarriage (situation),2,1000
2022-03-01,Past pregnancy history of miscarriage (situation),1,500
2022-04-01,Past pregnancy history of miscarriage (situation),3,1500
2022-12-01,Past pregnancy history of miscarriage (situation),1,500
2023-01-01,Past pregnancy history of miscarriage (situation),1,500
2023-08-01,Past pregnancy history of miscarriage (situation),1,500
2023-11-01,Past pregnancy history of miscarriage (situation),1,500
2023-12-01,Past pregnancy history of miscarriage (situation),1,500
2024-01-01,Past pregnancy history of miscarriage (situation),1,500
2024-05-01,Past pregnancy history of miscarriage (situation),1,500
2024-06-01,Past pregnancy history of miscarriage (situation),1,500
2024-08-01,Past pregnancy history of miscarriage (situation),1,500
2024-10-01,Past pregnancy history of miscarriage (situation),2,1000
2025-02-01,Past pregnancy history of miscarriage (situation),2,1000
2025-03-01,Past pregnancy history of miscarriage (situation),1,500
2025-04-01,Past pregnancy history of miscarriage (situation),1,500
2025-05-01,Past pregnancy history of miscarriage (situation),3,1500
2025-07-01,Past pregnancy history of miscarriage (situation),1,500
2025-08-01,Past pregnancy history of miscarriage (situation),1,500
2025-09-01,Past pregnancy history of miscarriage (situation),2,1000
2025-10-01,Past pregnancy history of miscarriage (situation),1,500
2025-12-01,Past pregnancy history of miscarriage (situation),1,500
2026-01-01,Past pregnancy history of miscarriage (situation),1,500
1937-10-01,Prediabetes (finding),1,500
1940-11-01,Prediabetes (finding),1,500
1942-12-01,Prediabetes (finding),2,1000
1943-02-01,Prediabetes (finding),1,500
1943-06-01,Prediabetes (finding),1,500
1944-07-01,Prediabetes (finding),1,500
1944-12-01,Prediabetes (finding),1,500
1945-02-01,Prediabetes (finding),1,500
1945-09-01,Prediabetes (finding),1,500
1946-02-01,Prediabetes (finding),1,500
1947-07-01,Prediabetes (finding),1,500
1948-04-01,Prediabetes (finding),1,500
1949-02-01,Prediabetes (finding),2,1000
1949-06-01,Prediabetes (finding),1,500
1950-10-01,Prediabetes (finding),1,500
1950-12-01,Prediabetes (finding),2,1000
1951-06-01,Prediabetes (finding),1,500
1952-02-01,Prediabetes (finding),1,500
1952-07-01,Prediabetes (finding),1,500
1952-08-01,Prediabetes (finding),1,500
1953-12-01,Prediabetes (finding),1,500
1954-03-01,Prediabetes (finding),1,500
1955-09-01,Prediabetes (finding),1,500
1955-11-01,Prediabetes (finding),1,500
1956-03-01,Prediabetes (finding),1,500
1956-05-01,Prediabetes (finding),1,500
1956-07-01,Prediabetes (finding),1,500
1957-03-01,Prediabetes (finding),1,500
1958-12-01,Prediabetes (finding),1,500
1959-07-01,Prediabetes (finding),1,500
1959-08-01,Prediabetes (finding),1,500
1959-11-01,Prediabetes (finding),1,500
1959-12-01,Prediabetes (finding),1,500
1960-03-01,Prediabetes (finding),1,500
1960-04-01,Prediabetes (finding),1,500
1960-05-01,Prediabetes (finding),1,500
1961-01-01,Prediabetes (finding),1,500
1961-07-01,Prediabetes (finding),1,500
1961-11-01,Prediabetes (finding),1,500
1963-03-01,Prediabetes (finding),3,1500
1963-06-01,Prediabetes (finding),1,500
1963-08-01,Prediabetes (finding),1,500
1963-12-01,Prediabetes (finding),1,500
1964-01-01,Prediabetes (finding),1,500
1964-03-01,Prediabetes (finding),1,500
1964-10-01,Prediabetes (finding),2,1000
1965-08-01,Prediabetes (finding),1,500
1966-03-01,Prediabetes (finding),1,500
1966-04-01,Prediabetes (finding),1,500
1966-05-01,Prediabetes (finding),1,500
1966-08-01,Prediabetes (finding),1,500
1966-10-01,Prediabetes (finding),2,1000
1967-01-01,Prediabetes (finding),1,500
1967-03-01,Prediabetes (finding),1,500
1967-07-01,Prediabetes (finding),1,500
1967-11-01,Prediabetes (finding),1,500
1968-02-01,Prediabetes (finding),1,500
1968-06-01,Prediabetes (finding),1,500
1968-10-01,Prediabetes (finding),2,1000
1969-02-01,Prediabetes (finding),1,500
1969-03-01,Prediabetes (finding),1,500
1969-07-01,Prediabetes (finding),1,500
1969-09-01,Prediabetes (finding),1,500
1969-11-01,Prediabetes (finding),1,500
1970-03-01,Prediabetes (finding),1,500
1970-05-01,Prediabetes (finding),1,500
1970-08-01,Prediabetes (finding),1,500
1970-12-01,Prediabetes (finding),2,1000
1971-02-01,Prediabetes (finding),1,500
1971-04-01,Prediabetes (finding),1,500
1971-06-01,Prediabetes (finding),1,500
1971-10-01,Prediabetes (finding),2,1000
1972-01-01,Prediabetes (finding),1,500
1972-03-01,Prediabetes (finding),1,500
1972-04-01,Prediabetes (finding),1,500
1972-10-01,Prediabetes (finding),1,500
1973-02-01,Prediabetes (finding),2,1000
1973-03-01,Prediabetes (finding),1,500
1973-07-01,Prediabetes (finding),1,500
1973-08-01,Prediabetes (finding),1,500
1973-10-01,Prediabetes (finding),1,500
1973-11-01,Prediabetes (finding),1,500
1974-02-01,Prediabetes (finding),1,500
1974-03-01,Prediabetes (finding),2,1000
1974-04-01,Prediabetes (finding),1,500
1974-05-01,Prediabetes (finding),1,500
1974-08-01,Prediabetes (finding),1,500
1974-10-01,Prediabetes (finding),1,500
1974-11-01,Prediabetes (finding),1,500
1975-05-01,Prediabetes (finding),2,1000
1975-11-01,Prediabetes (finding),1,500
1976-02-01,Prediabetes (finding),2,1000
1976-03-01,Prediabetes (finding),1,500
1976-04-01,Prediabetes (finding),1,500
1976-05-01,Prediabetes (finding),2,1000
1976-09-01,Prediabetes (finding),2,1000
1977-02-01,Prediabetes (finding),1,500
1977-03-01,Prediabetes (finding),1,500
1977-05-01,Prediabetes (finding),2,1000
1977-06-01,Prediabetes (finding),1,500
1977-08-01,Prediabetes (finding),1,500
1977-09-01,Prediabetes (finding),1,500
1977-11-01,Prediabetes (finding),2,1000
1978-01-01,Prediabetes (finding),1,500
1978-03-01,Prediabetes (finding),3,1500
1978-06-01,Prediabetes (finding),2,1000
1979-02-01,Prediabetes (finding),2,1000
1979-04-01,Prediabetes (finding),1,500
1979-06-01,Prediabetes (finding),1,500
1979-11-01,Prediabetes (finding),1,500
1979-12-01,Prediabetes (finding),1,500
1980-02-01,Prediabetes (finding),1,500
1980-04-01,Prediabetes (finding),1,500
1980-05-01,Prediabetes (finding),1,500
1980-06-01,Prediabetes (finding),1,500
1980-07-01,Prediabetes (finding),1,500
1980-10-01,Prediabetes (finding),1,500
1980-11-01,Prediabetes (finding),1,500
1981-05-01,Prediabetes (finding),1,500
1981-08-01,Prediabetes (finding),1,500
1981-09-01,Prediabetes (finding),1,500
1981-12-01,Prediabetes (finding),2,1000
1982-02-01,Prediabetes (finding),2,1000
1982-03-01,Prediabetes (finding),1,500
1982-06-01,Prediabetes (finding),1,500
1982-07-01,Prediabetes (finding),2,1000
1982-08-01,Prediabetes (finding),1,500
1982-11-01,Prediabetes (finding),1,500
1982-12-01,Prediabetes (finding),1,500
1983-01-01,Prediabetes (finding),1,500
1983-06-01,Prediabetes (finding),2,1000
1983-09-01,Prediabetes (finding),2,1000
1983-10-01,Prediabetes (finding),2,1000
1983-11-01,Prediabetes (finding),1,500
1983-12-01,Prediabetes (finding),1,500
1984-03-01,Prediabetes (finding),3,1500
1984-04-01,Prediabetes (finding),1,500
1984-05-01,Prediabetes (finding),1,500
1984-09-01,Prediabetes (finding),1,500
1984-12-01,Prediabetes (finding),2,1000
1985-03-01,Prediabetes (finding),1,500
1985-05-01,Prediabetes (finding),1,500
1985-06-01,Prediabetes (finding),1,500
1985-08-01,Prediabetes (finding),1,500
1985-11-01,Prediabetes (finding),2,1000
1986-01-01,Prediabetes (finding),2,1000
1986-02-01,Prediabetes (finding),2,1000
1986-04-01,Prediabetes (finding),1,500
1986-07-01,Prediabetes (finding),1,500
1986-09-01,Prediabetes (finding),1,500
1986-10-01,Prediabetes (finding),1,500
1986-12-01,Prediabetes (finding),3,1500
1987-01-01,Prediabetes (finding),1,500
1987-04-01,Prediabetes (finding),2,1000
1987-05-01,Prediabetes (finding),2,1000
1987-08-01,Prediabetes (finding),1,500
1987-09-01,Prediabetes (finding),1,500
1987-11-01,Prediabetes (finding),1,500
1988-02-01,Prediabetes (finding),4,2000
1988-04-01,Prediabetes (finding),1,500
1988-05-01,Prediabetes (finding),2,1000
1988-08-01,Prediabetes (finding),1,500
1988-10-01,Prediabetes (finding),2,1000
1989-03-01,Prediabetes (finding),4,2000
1989-05-01,Prediabetes (finding),1,500
1989-07-01,Prediabetes (finding),1,500
1989-08-01,Prediabetes (finding),3,1500
1989-09-01,Prediabetes (finding),3,1500
1989-11-01,Prediabetes (finding),2,1000
1990-01-01,Prediabetes (finding),4,2000
1990-03-01,Prediabetes (finding),1,500
1990-06-01,Prediabetes (finding),1,500
1990-07-01,Prediabetes (finding),1,500
1990-08-01,Prediabetes (finding),1,500
1990-09-01,Prediabetes (finding),1,500
1990-10-01,Prediabetes (finding),2,1000
1990-11-01,Prediabetes (finding),1,500
1990-12-01,Prediabetes (finding),2,1000
1991-01-01,Prediabetes (finding),2,1000
1991-02-01,Prediabetes (finding),1,500
1991-03-01,Prediabetes (finding),1,500
1991-05-01,Prediabetes (finding),1,500
1991-08-01,Prediabetes (finding),1,500
1991-10-01,Prediabetes (finding),1,500
1991-11-01,Prediabetes (finding),2,1000
1991-12-01,Prediabetes (finding),4,2000
1992-01-01,Prediabetes (finding),1,500
1992-04-01,Prediabetes (finding),1,500
1992-05-01,Prediabetes (finding),1,500
1992-06-01,Prediabetes (finding),2,1000
1992-08-01,Prediabetes (finding),1,500
1992-09-01,Prediabetes (finding),1,500
1993-01-01,Prediabetes (finding),1,500
1993-06-01,Prediabetes (finding),2,1000
1993-07-01,Prediabetes (finding),1,500
1993-09-01,Prediabetes (finding),3,1500
1993-10-01,Prediabetes (finding),2,1000
1993-11-01,Prediabetes (finding),1,500
1993-12-01,Prediabetes (finding),2,1000
1994-01-01,Prediabetes (finding),2,1000
1994-02-01,Prediabetes (finding),2,1000
1994-04-01,Prediabetes (finding),1,500
1994-05-01,Prediabetes (finding),1,500
1994-06-01,Prediabetes (finding),1,500
1994-08-01,Prediabetes (finding),2,1000
1994-10-01,Prediabetes (finding),2,1000
1994-11-01,Prediabetes (finding),1,500
1994-12-01,Prediabetes (finding),5,2500
1995-01-01,Prediabetes (finding),1,500
1995-03-01,Prediabetes (finding),2,1000
1995-04-01,Prediabetes (finding),1,500
1995-05-01,Prediabetes (finding),1,500
1995-06-01,Prediabetes (finding),2,1000
1995-08-01,Prediabetes (finding),3,1500
1995-09-01,Prediabetes (finding),1,500
1995-10-01,Prediabetes (finding),1,500
1995-11-01,Prediabetes (finding),3,1500
1995-12-01,Prediabetes (finding),1,500
1996-01-01,Prediabetes (finding),2,1000
1996-03-01,Prediabetes (finding),2,1000
1996-04-01,Prediabetes (finding),2,1000
1996-05-01,Prediabetes (finding),1,500
1996-06-01,Prediabetes (finding),1,500
1996-07-01,Prediabetes (finding),1,500
1996-08-01,Prediabetes (finding),2,1000
1996-09-01,Prediabetes (finding),1,500
1996-10-01,Prediabetes (finding),2,1000
1996-11-01,Prediabetes (finding),3,1500
1997-01-01,Prediabetes (finding),2,1000
1997-02-01,Prediabetes (finding),2,1000
1997-03-01,Prediabetes (finding),2,1000
1997-06-01,Prediabetes (finding),1,500
1997-07-01,Prediabetes (finding),2,1000
1997-11-01,Prediabetes (finding),1,500
1997-12-01,Prediabetes (finding),2,1000
1998-02-01,Prediabetes (finding),2,1000
1998-03-01,Prediabetes (finding),1,500
1998-05-01,Prediabetes (finding),1,500
1998-06-01,Prediabetes (finding),2,1000
1998-07-01,Prediabetes (finding),1,500
1998-08-01,Prediabetes (finding),1,500
1998-09-01,Prediabetes (finding),1,500
1998-10-01,Prediabetes (finding),1,500
1998-11-01,Prediabetes (finding),1,500
1998-12-01,Prediabetes (finding),1,500
1999-03-01,Prediabetes (finding),1,500
1999-04-01,Prediabetes (finding),2,1000
1999-05-01,Prediabetes (finding),1,500
1999-07-01,Prediabetes (finding),3,1500
1999-09-01,Prediabetes (finding),1,500
1999-10-01,Prediabetes (finding),1,500
1999-11-01,Prediabetes (finding),1,500
1999-12-01,Prediabetes (finding),1,500
2000-02-01,Prediabetes (finding),5,2500
2000-03-01,Prediabetes (finding),2,1000
2000-04-01,Prediabetes (finding),2,1000
2000-05-01,Prediabetes (finding),1,500
2000-06-01,Prediabetes (finding),3,1500
2001-01-01,Prediabetes (finding),1,500
2001-02-01,Prediabetes (finding),1,500
2001-04-01,Prediabetes (finding),3,1500
2001-07-01,Prediabetes (finding),2,1000
2001-08-01,Prediabetes (finding),3,1500
2001-09-01,Prediabetes (finding),1,500
2001-10-01,Prediabetes (finding),1,500
2001-11-01,Prediabetes (finding),1,500
2001-12-01,Prediabetes (finding),1,500
2002-01-01,Prediabetes (finding),3,1500
2002-02-01,Prediabetes (finding),5,2500
2002-03-01,Prediabetes (finding),2,1000
2002-05-01,Prediabetes (finding),1,500
2002-06-01,Prediabetes (finding),1,500
2002-07-01,Prediabetes (finding),1,500
2002-08-01,Prediabetes (finding),2,1000
2002-09-01,Prediabetes (finding),1,500
2002-10-01,Prediabetes (finding),3,1500
2002-11-01,Prediabetes (finding),2,1000
2002-12-01,Prediabetes (finding),4,2000
2003-01-01,Prediabetes (finding),1,500
2003-03-01,Prediabetes (finding),1,500
2003-04-01,Prediabetes (finding),3,1500
2003-05-01,Prediabetes (finding),1,500
2003-06-01,Prediabetes (finding),2,1000
2003-07-01,Prediabetes (finding),1,500
2003-08-01,Prediabetes (finding),2,1000
2003-09-01,Prediabetes (finding),6,3000
2003-10-01,Prediabetes (finding),2,1000
2003-12-01,Prediabetes (finding),2,1000
2004-02-01,Prediabetes (finding),1,500
2004-05-01,Prediabetes (finding),2,1000
2004-06-01,Prediabetes (finding),1,500
2004-07-01,Prediabetes (finding),2,1000
2004-08-01,Prediabetes (finding),2,1000
2004-09-01,Prediabetes (finding),2,1000
2004-10-01,Prediabetes (finding),1,500
2004-11-01,Prediabetes (finding),1,500
2004-12-01,Prediabetes (finding),2,1000
2005-02-01,Prediabetes (finding),1,500
2005-04-01,Prediabetes (finding),1,500
2005-05-01,Prediabetes (finding),1,500
2005-06-01,Prediabetes (finding),3,1500
2005-07-01,Prediabetes (finding),1,500
2005-09-01,Prediabetes (finding),1,500
2005-10-01,Prediabetes (finding),4,2000
2005-11-01,Prediabetes (finding),1,500
2005-12-01,Prediabetes (finding),3,1500
2006-03-01,Prediabetes (finding),1,500
2006-04-01,Prediabetes (finding),1,500
2006-06-01,Prediabetes (finding),3,1500
2006-07-01,Prediabetes (finding),1,500
2006-09-01,Prediabetes (finding),1,500
2006-11-01,Prediabetes (finding),2,1000
2006-12-01,Prediabetes (finding),3,1500
2007-03-01,Prediabetes (finding),1,500
2007-05-01,Prediabetes (finding),4,2000
2007-06-01,Prediabetes (finding),4,2000
2007-08-01,Prediabetes (finding),1,500
2007-09-01,Prediabetes (finding),1,500
2007-10-01,Prediabetes (finding),1,500
2007-11-01,Prediabetes (finding),1,500
2008-02-01,Prediabetes (finding),1,500
2008-04-01,Prediabetes (finding),1,500
2008-05-01,Prediabetes (finding),1,500
2008-06-01,Prediabetes (finding),1,500
2008-07-01,Prediabetes (finding),3,1500
2008-08-01,Prediabetes (finding),1,500
2008-09-01,Prediabetes (finding),1,500
2008-10-01,Prediabetes (finding),3,1500
2008-11-01,Prediabetes (finding),1,500
2008-12-01,Prediabetes (finding),5,2500
2009-01-01,Prediabetes (finding),1,500
2009-02-01,Prediabetes (finding),4,2000
2009-05-01,Prediabetes (finding),2,1000
2009-06-01,Prediabetes (finding),2,1000
2009-07-01,Prediabetes (finding),2,1000
2009-09-01,Prediabetes (finding),2,1000
2009-10-01,Prediabetes (finding),4,2000
2009-11-01,Prediabetes (finding),1,500
2009-12-01,Prediabetes (finding),2,1000
2010-01-01,Prediabetes (finding),2,1000
2010-02-01,Prediabetes (finding),3,1500
2010-05-01,Prediabetes (finding),1,500
2010-06-01,Prediabetes (finding),2,1000
2010-08-01,Prediabetes (finding),3,1500
2010-10-01,Prediabetes (finding),2,1000
2011-04-01,Prediabetes (finding),1,500
2011-05-01,Prediabetes (finding),2,1000
2011-07-01,Prediabetes (finding),2,1000
2011-08-01,Prediabetes (finding),2,1000
2011-09-01,Prediabetes (finding),3,1500
2011-11-01,Prediabetes (finding),3,1500
2012-01-01,Prediabetes (finding),1,500
2012-02-01,Prediabetes (finding),2,1000
2012-03-01,Prediabetes (finding),1,500
2012-05-01,Prediabetes (finding),2,1000
2012-06-01,Prediabetes (finding),2,1000
2012-07-01,Prediabetes (finding),1,500
2012-08-01,Prediabetes (finding),1,500
2012-10-01,Prediabetes (finding),1,500
2012-12-01,Prediabetes (finding),1,500
2013-01-01,Prediabetes (finding),1,500
2013-05-01,Prediabetes (finding),2,1000
2013-07-01,Prediabetes (finding),5,2500
2013-08-01,Prediabetes (finding),2,1000
2013-09-01,Prediabetes (finding),2,1000
2013-10-01,Prediabetes (finding),1,500
2013-11-01,Prediabetes (finding),2,1000
2014-01-01,Prediabetes (finding),2,1000
2014-02-01,Prediabetes (finding),6,3000
2014-03-01,Prediabetes (finding),2,1000
2014-04-01,Prediabetes (finding),1,500
2014-05-01,Prediabetes (finding),1,500
2014-06-01,Prediabetes (finding),2,1000
2014-07-01,Prediabetes (finding),1,500
2014-08-01,Prediabetes (finding),2,1000
2014-09-01,Prediabetes (finding),1,500
2014-10-01,Prediabetes (finding),2,1000
2014-11-01,Prediabetes (finding),1,500
2014-12-01,Prediabetes (finding),2,1000
2015-02-01,Prediabetes (finding),2,1000
2015-05-01,Prediabetes (finding),4,2000
2015-06-01,Prediabetes (finding),3,1500
2015-07-01,Prediabetes (finding),1,500
2015-09-01,Prediabetes (finding),1,500
2015-10-01,Prediabetes (finding),1,500
2015-12-01,Prediabetes (finding),2,1000
2016-01-01,Prediabetes (finding),1,500
2016-03-01,Prediabetes (finding),4,2000
2016-04-01,Prediabetes (finding),2,1000
2016-05-01,Prediabetes (finding),1,500
2016-06-01,Prediabetes (finding),2,1000
2016-07-01,Prediabetes (finding),1,500
2016-10-01,Prediabetes (finding),2,1000
2016-11-01,Prediabetes (finding),2,1000
2016-12-01,Prediabetes (finding),1,500
2017-01-01,Prediabetes (finding),1,500
2017-02-01,Prediabetes (finding),1,500
2017-03-01,Prediabetes (finding),4,2000
2017-04-01,Prediabetes (finding),1,500
2017-05-01,Prediabetes (finding),1,500
2017-06-01,Prediabetes (finding),3,1500
2017-07-01,Prediabetes (finding),3,1500
2017-08-01,Prediabetes (finding),3,1500
2017-09-01,Prediabetes (finding),1,500
2017-10-01,Prediabetes (finding),1,500
2017-11-01,Prediabetes (finding),1,500
2017-12-01,Prediabetes (finding),1,500
2018-01-01,Prediabetes (finding),1,500
2018-02-01,Prediabetes (finding),2,1000
2018-03-01,Prediabetes (finding),7,3500
2018-05-01,Prediabetes (finding),2,1000
2018-06-01,Prediabetes (finding),5,2500
2018-08-01,Prediabetes (finding),1,500
2018-10-01,Prediabetes (finding),2,1000
2018-11-01,Prediabetes (finding),1,500
2018-12-01,Prediabetes (finding),1,500
2019-01-01,Prediabetes (finding),1,500
2019-03-01,Prediabetes (finding),3,1500
2019-04-01,Prediabetes (finding),1,500
2019-05-01,Prediabetes (finding),2,1000
2019-07-01,Prediabetes (finding),1,500
2019-08-01,Prediabetes (finding),4,2000
2019-09-01,Prediabetes (finding),1,500
2019-12-01,Prediabetes (finding),1,500
2020-01-01,Prediabetes (finding),2,1000
2020-02-01,Prediabetes (finding),1,500
2020-03-01,Prediabetes (finding),1,500
2020-04-01,Prediabetes (finding),2,1000
2020-06-01,Prediabetes (finding),1,500
2020-07-01,Prediabetes (finding),5,2500
2020-08-01,Prediabetes (finding),3,1500
2020-09-01,Prediabetes (finding),2,1000
2020-10-01,Prediabetes (finding),2,1000
2020-11-01,Prediabetes (finding),2,1000
2020-12-01,Prediabetes (finding),1,500
2021-01-01,Prediabetes (finding),6,3000
2021-02-01,Prediabetes (finding),2,1000
2021-03-01,Prediabetes (finding),4,2000
2021-04-01,Prediabetes (finding),2,1000
2021-05-01,Prediabetes (finding),2,1000
2021-06-01,Prediabetes (finding),3,1500
2021-07-01,Prediabetes (finding),1,500
2021-09-01,Prediabetes (finding),1,500
2021-10-01,Prediabetes (finding),1,500
2021-11-01,Prediabetes (finding),3,1500
2021-12-01,Prediabetes (finding),3,1500
2022-01-01,Prediabetes (finding),1,500
2022-02-01,Prediabetes (finding),1,500
2022-04-01,Prediabetes (finding),4,2000
2022-05-01,Prediabetes (finding),3,1500
2022-08-01,Prediabetes (finding),1,500
2022-09-01,Prediabetes (finding),2,1000
2022-10-01,Prediabetes (finding),3,1500
2022-11-01,Prediabetes (finding),1,500
2023-01-01,Prediabetes (finding),2,1000
2023-02-01,Prediabetes (finding),3,1500
2023-03-01,Prediabetes (finding),3,1500
2023-04-01,Prediabetes (finding),2,1000
2023-05-01,Prediabetes (finding),2,1000
2023-07-01,Prediabetes (finding),3,1500
2023-08-01,Prediabetes (finding),2,1000
2023-09-01,Prediabetes (finding),2,1000
2023-10-01,Prediabetes (finding),1,500
2023-11-01,Prediabetes (finding),3,1500
2023-12-01,Prediabetes (finding),1,500
2024-01-01,Prediabetes (finding),2,1000
2024-03-01,Prediabetes (finding),3,1500
2024-04-01,Prediabetes (finding),1,500
2024-05-01,Prediabetes (finding),1,500
2024-07-01,Prediabetes (finding),1,500
2024-09-01,Prediabetes (finding),2,1000
2024-10-01,Prediabetes (finding),2,1000
2024-12-01,Prediabetes (finding),1,500
2025-01-01,Prediabetes (finding),2,1000
2025-04-01,Prediabetes (finding),3,1500
2025-05-01,Prediabetes (finding),1,500
2025-06-01,Prediabetes (finding),1,500
2025-07-01,Prediabetes (finding),1,500
2025-08-01,Prediabetes (finding),2,1000
2025-09-01,Prediabetes (finding),2,1000
2025-10-01,Prediabetes (finding),1,500
2025-11-01,Prediabetes (finding),1,500
2025-12-01,Prediabetes (finding),1,500
1936-05-01,Primary dental caries (disorder),1,500
1939-08-01,Primary dental caries (disorder),1,500
1940-06-01,Primary dental caries (disorder),1,500
1952-08-01,Primary dental caries (disorder),1,500
1957-09-01,Primary dental caries (disorder),1,500
1958-11-01,Primary dental caries (disorder),1,500
1963-08-01,Primary dental caries (disorder),1,500
1964-05-01,Primary dental caries (disorder),1,500
1966-10-01,Primary dental caries (disorder),1,500
1967-03-01,Primary dental caries (disorder),1,500
1970-05-01,Primary dental caries (disorder),1,500
1970-08-01,Primary dental caries (disorder),1,500
1970-11-01,Primary dental caries (disorder),1,500
1971-03-01,Primary dental caries (disorder),1,500
1973-02-01,Primary dental caries (disorder),1,500
1973-06-01,Primary dental caries (disorder),1,500
1975-07-01,Primary dental caries (disorder),1,500
1976-01-01,Primary dental caries (disorder),1,500
1976-06-01,Primary dental caries (disorder),1,500
1977-03-01,Primary dental caries (disorder),1,500
1977-07-01,Primary dental caries (disorder),1,500
1978-03-01,Primary dental caries (disorder),1,500
1978-10-01,Primary dental caries (disorder),1,500
1979-01-01,Primary dental caries (disorder),1,500
1979-04-01,Primary dental caries (disorder),1,500
1979-08-01,Primary dental caries (disorder),1,500
1979-10-01,Primary dental caries (disorder),1,500
1980-11-01,Primary dental caries (disorder),1,500
1980-12-01,Primary dental caries (disorder),1,500
1981-02-01,Primary dental caries (disorder),1,500
1981-05-01,Primary dental caries (disorder),1,500
1981-10-01,Primary dental caries (disorder),1,500
1981-12-01,Primary dental caries (disorder),1,500
1982-01-01,Primary dental caries (disorder),1,500
1983-04-01,Primary dental caries (disorder),1,500
1983-12-01,Primary dental caries (disorder),1,500
1984-01-01,Primary dental caries (disorder),1,500
1984-06-01,Primary dental caries (disorder),1,500
1984-07-01,Primary dental caries (disorder),1,500
1984-12-01,Primary dental caries (disorder),2,1000
1985-04-01,Primary dental caries (disorder),1,500
1985-05-01,Primary dental caries (disorder),1,500
1985-06-01,Primary dental caries (disorder),1,500
1985-08-01,Primary dental caries (disorder),1,500
1985-09-01,Primary dental caries (disorder),1,500
1985-10-01,Primary dental caries (disorder),1,500
1985-12-01,Primary dental caries (disorder),1,500
1986-02-01,Primary dental caries (disorder),1,500
1986-05-01,Primary dental caries (disorder),1,500
1986-06-01,Primary dental caries (disorder),1,500
1986-07-01,Primary dental caries (disorder),1,500
1986-12-01,Primary dental caries (disorder),2,1000
1987-03-01,Primary dental caries (disorder),1,500
1987-06-01,Primary dental caries (disorder),1,500
1987-08-01,Primary dental caries (disorder),1,500
1988-02-01,Primary dental caries (disorder),2,1000
1988-04-01,Primary dental caries (disorder),1,500
1988-05-01,Primary dental caries (disorder),1,500
1988-08-01,Primary dental caries (disorder),1,500
1989-01-01,Primary dental caries (disorder),1,500
1989-02-01,Primary dental caries (disorder),1,500
1989-03-01,Primary dental caries (disorder),1,500
1989-06-01,Primary dental caries (disorder),1,500
1989-10-01,Primary dental caries (disorder),1,500
1990-01-01,Primary dental caries (disorder),1,500
1990-08-01,Primary dental caries (disorder),1,500
1990-10-01,Primary dental caries (disorder),1,500
1991-12-01,Primary dental caries (disorder),1,500
1992-03-01,Primary dental caries (disorder),1,500
1992-04-01,Primary dental caries (disorder),4,2000
1993-02-01,Primary dental caries (disorder),1,500
1993-03-01,Primary dental caries (disorder),1,500
1993-06-01,Primary dental caries (disorder),1,500
1993-09-01,Primary dental caries (disorder),2,1000
1994-03-01,Primary dental caries (disorder),1,500
1994-05-01,Primary dental caries (disorder),1,500
1994-10-01,Primary dental caries (disorder),1,500
1995-03-01,Primary dental caries (disorder),1,500
1995-07-01,Primary dental caries (disorder),1,500
1995-09-01,Primary dental caries (disorder),2,1000
1995-11-01,Primary dental caries (disorder),1,500
1995-12-01,Primary dental caries (disorder),2,1000
1996-07-01,Primary dental caries (disorder),1,500
1996-08-01,Primary dental caries (disorder),1,500
1996-11-01,Primary dental caries (disorder),1,500
1996-12-01,Primary dental caries (disorder),1,500
1997-03-01,Primary dental caries (disorder),1,500
1997-05-01,Primary dental caries (disorder),1,500
1997-08-01,Primary dental caries (disorder),1,500
1997-10-01,Primary dental caries (disorder),1,500
1997-11-01,Primary dental caries (disorder),2,1000
1998-11-01,Primary dental caries (disorder),1,500
1999-05-01,Primary dental caries (disorder),1,500
1999-10-01,Primary dental caries (disorder),1,500
2000-01-01,Primary dental caries (disorder),2,1000
2000-03-01,Primary dental caries (disorder),1,500
2000-08-01,Primary dental caries (disorder),1,500
2001-01-01,Primary dental caries (disorder),2,1000
2001-02-01,Primary dental caries (disorder),1,500
2001-04-01,Primary dental caries (disorder),1,500
2001-05-01,Primary dental caries (disorder),1,500
2001-11-01,Primary dental caries (disorder),1,500
2002-06-01,Primary dental caries (disorder),1,500
2002-07-01,Primary dental caries (disorder),1,500
2002-11-01,Primary dental caries (disorder),1,500
2002-12-01,Primary dental caries (disorder),1,500
2003-03-01,Primary dental caries (disorder),2,1000
2003-04-01,Primary dental caries (disorder),1,500
2003-07-01,Primary dental caries (disorder),1,500
2003-12-01,Primary dental caries (disorder),2,1000
2004-01-01,Primary dental caries (disorder),1,500
2004-04-01,Primary dental caries (disorder),1,500
2004-05-01,Primary dental caries (disorder),1,500
2004-06-01,Primary dental caries (disorder),1,500
2004-11-01,Primary dental caries (disorder),1,500
2004-12-01,Primary dental caries (disorder),1,500
2005-03-01,Primary dental caries (disorder),1,500
2005-05-01,Primary dental caries (disorder),2,1000
2005-09-01,Primary dental caries (disorder),1,500
2005-11-01,Primary dental caries (disorder),1,500
2006-01-01,Primary dental caries (disorder),1,500
2006-02-01,Primary dental caries (disorder),1,500
2006-03-01,Primary dental caries (disorder),1,500
2006-04-01,Primary dental caries (disorder),1,500
2006-05-01,Primary dental caries (disorder),1,500
2006-08-01,Primary dental caries (disorder),1,500
2006-09-01,Primary dental caries (disorder),1,500
2006-10-01,Primary dental caries (disorder),1,500
2006-12-01,Primary dental caries (disorder),1,500
2007-01-01,Primary dental caries (disorder),1,500
2007-02-01,Primary dental caries (disorder),1,500
2007-03-01,Primary dental caries (disorder),1,500
2007-04-01,Primary dental caries (disorder),1,500
2007-06-01,Primary dental caries (disorder),1,500
2007-07-01,Primary dental caries (disorder),1,500
2007-11-01,Primary dental caries (disorder),1,500
2007-12-01,Primary dental caries (disorder),1,500
2008-01-01,Primary dental caries (disorder),2,1000
2008-03-01,Primary dental caries (disorder),1,500
2008-05-01,Primary dental caries (disorder),1,500
2008-06-01,Primary dental caries (disorder),1,500
2008-07-01,Primary dental caries (disorder),3,1500
2008-09-01,Primary dental caries (disorder),1,500
2008-12-01,Primary dental caries (disorder),1,500
2009-01-01,Primary dental caries (disorder),1,500
2009-03-01,Primary dental caries (disorder),1,500
2009-05-01,Primary dental caries (disorder),1,500
2009-09-01,Primary dental caries (disorder),2,1000
2010-01-01,Primary dental caries (disorder),5,2500
2010-04-01,Primary dental caries (disorder),1,500
2010-08-01,Primary dental caries (disorder),1,500
2010-10-01,Primary dental caries (disorder),1,500
2010-12-01,Primary dental caries (disorder),2,1000
2011-01-01,Primary dental caries (disorder),1,500
2011-02-01,Primary dental caries (disorder),1,500
2011-03-01,Primary dental caries (disorder),1,500
2011-04-01,Primary dental caries (disorder),1,500
2011-05-01,Primary dental caries (disorder),1,500
2011-07-01,Primary dental caries (disorder),3,1500
2011-10-01,Primary dental caries (disorder),1,500
2011-11-01,Primary dental caries (disorder),1,500
2012-01-01,Primary dental caries (disorder),1,500
2012-02-01,Primary dental caries (disorder),1,500
2012-03-01,Primary dental caries (disorder),2,1000
2012-04-01,Primary dental caries (disorder),1,500
2012-07-01,Primary dental caries (disorder),1,500
2012-09-01,Primary dental caries (disorder),1,500
2012-10-01,Primary dental caries (disorder),2,1000
2012-11-01,Primary dental caries (disorder),2,1000
2012-12-01,Primary dental caries (disorder),1,500
2013-02-01,Primary dental caries (disorder),1,500
2013-03-01,Primary dental caries (disorder),1,500
2013-05-01,Primary dental caries (disorder),1,500
2013-06-01,Primary dental caries (disorder),1,500
2013-09-01,Primary dental caries (disorder),1,500
2013-11-01,Primary dental caries (disorder),2,1000
2013-12-01,Primary dental caries (disorder),1,500
2014-01-01,Primary dental caries (disorder),1,500
2014-02-01,Primary dental caries (disorder),1,500
2014-03-01,Primary dental caries (disorder),1,500
2014-04-01,Primary dental caries (disorder),2,1000
2014-05-01,Primary dental caries (disorder),1,500
2014-06-01,Primary dental caries (disorder),1,500
2014-09-01,Primary dental caries (disorder),1,500
2014-10-01,Primary dental caries (disorder),2,1000
2014-12-01,Primary dental caries (disorder),2,1000
2015-01-01,Primary dental caries (disorder),1,500
2015-07-01,Primary dental caries (disorder),1,500
2015-09-01,Primary dental caries (disorder),1,500
2015-10-01,Primary dental caries (disorder),1,500
2015-12-01,Primary dental caries (disorder),1,500
2016-03-01,Primary dental caries (disorder),9,4500
2016-04-01,Primary dental caries (disorder),10,5000
2016-05-01,Primary dental caries (disorder),9,4500
2016-06-01,Primary dental caries (disorder),14,7000
2016-07-01,Primary dental caries (disorder),9,4500
2016-08-01,Primary dental caries (disorder),10,5000
2016-09-01,Primary dental caries (disorder),6,3000
2016-10-01,Primary dental caries (disorder),10,5000
2016-11-01,Primary dental caries (disorder),9,4500
2016-12-01,Primary dental caries (disorder),10,5000
2017-01-01,Primary dental caries (disorder),8,4000
2017-02-01,Primary dental caries (disorder),8,4000
2017-03-01,Primary dental caries (disorder),6,3000
2017-04-01,Primary dental caries (disorder),11,5500
2017-05-01,Primary dental caries (disorder),7,3500
2017-06-01,Primary dental caries (disorder),10,5000
2017-07-01,Primary dental caries (disorder),10,5000
2017-08-01,Primary dental caries (disorder),11,5500
2017-09-01,Primary dental caries (disorder),7,3500
2017-10-01,Primary dental caries (disorder),7,3500
2017-11-01,Primary dental caries (disorder),10,5000
2017-12-01,Primary dental caries (disorder),8,4000
2018-01-01,Primary dental caries (disorder),13,6500
2018-02-01,Primary dental caries (disorder),9,4500
2018-03-01,Primary dental caries (disorder),17,8500
2018-04-01,Primary dental caries (disorder),14,7000
2018-05-01,Primary dental caries (disorder),11,5500
2018-06-01,Primary dental caries (disorder),5,2500
2018-07-01,Primary dental caries (disorder),10,5000
2018-08-01,Primary dental caries (disorder),7,3500
2018-09-01,Primary dental caries (disorder),8,4000
2018-10-01,Primary dental caries (disorder),13,6500
2018-11-01,Primary dental caries (disorder),10,5000
2018-12-01,Primary dental caries (disorder),9,4500
2019-01-01,Primary dental caries (disorder),5,2500
2019-02-01,Primary dental caries (disorder),8,4000
2019-03-01,Primary dental caries (disorder),10,5000
2019-04-01,Primary dental caries (disorder),8,4000
2019-05-01,Primary dental caries (disorder),7,3500
2019-06-01,Primary dental caries (disorder),8,4000
2019-07-01,Primary dental caries (disorder),11,5500
2019-08-01,Primary dental caries (disorder),10,5000
2019-09-01,Primary dental caries (disorder),8,4000
2019-10-01,Primary dental caries (disorder),6,3000
2019-11-01,Primary dental caries (disorder),13,6500
2019-12-01,Primary dental caries (disorder),8,4000
2020-01-01,Primary dental caries (disorder),9,4500
2020-02-01,Primary dental caries (disorder),5,2500
2020-03-01,Primary dental caries (disorder),9,4500
2020-04-01,Primary dental caries (disorder),15,7500
2020-05-01,Primary dental caries (disorder),12,6000
2020-06-01,Primary dental caries (disorder),9,4500
2020-07-01,Primary dental caries (disorder),14,7000
2020-08-01,Primary dental caries (disorder),13,6500
2020-09-01,Primary dental caries (disorder),9,4500
2020-10-01,Primary dental caries (disorder),9,4500
2020-11-01,Primary dental caries (disorder),6,3000
2020-12-01,Primary dental caries (disorder),7,3500
2021-01-01,Primary dental caries (disorder),7,3500
2021-02-01,Primary dental caries (disorder),9,4500
2021-03-01,Primary dental caries (disorder),11,5500
2021-04-01,Primary dental caries (disorder),15,7500
2021-05-01,Primary dental caries (disorder),10,5000
2021-06-01,Primary dental caries (disorder),13,6500
2021-07-01,Primary dental caries (disorder),12,6000
2021-08-01,Primary dental caries (disorder),6,3000
2021-09-01,Primary dental caries (disorder),8,4000
2021-10-01,Primary dental caries (disorder),8,4000
2021-11-01,Primary dental caries (disorder),5,2500
2021-12-01,Primary dental caries (disorder),18,9000
2022-01-01,Primary dental caries (disorder),13,6500
2022-02-01,Primary dental caries (disorder),12,6000
2022-03-01,Primary dental caries (disorder),11,5500
2022-04-01,Primary dental caries (disorder),14,7000
2022-05-01,Primary dental caries (disorder),9,4500
2022-06-01,Primary dental caries (disorder),7,3500
2022-07-01,Primary dental caries (disorder),12,6000
2022-08-01,Primary dental caries (disorder),12,6000
2022-09-01,Primary dental caries (disorder),8,4000
2022-10-01,Primary dental caries (disorder),8,4000
2022-11-01,Primary dental caries (disorder),2,1000
2022-12-01,Primary dental caries (disorder),6,3000
2023-01-01,Primary dental caries (disorder),5,2500
2023-02-01,Primary dental caries (disorder),5,2500
2023-03-01,Primary dental caries (disorder),11,5500
2023-04-01,Primary dental caries (disorder),12,6000
2023-05-01,Primary dental caries (disorder),5,2500
2023-06-01,Primary dental caries (disorder),9,4500
2023-07-01,Primary dental caries (disorder),13,6500
2023-08-01,Primary dental caries (disorder),6,3000
2023-09-01,Primary dental caries (disorder),5,2500
2023-10-01,Primary dental caries (disorder),8,4000
2023-11-01,Primary dental caries (disorder),6,3000
2023-12-01,Primary dental caries (disorder),7,3500
2024-01-01,Primary dental caries (disorder),10,5000
2024-02-01,Primary dental caries (disorder),4,2000
2024-03-01,Primary dental caries (disorder),11,5500
2024-04-01,Primary dental caries (disorder),18,9000
2024-05-01,Primary dental caries (disorder),12,6000
2024-06-01,Primary dental caries (disorder),7,3500
2024-07-01,Primary dental caries (disorder),10,5000
2024-08-01,Primary dental caries (disorder),11,5500
2024-09-01,Primary dental caries (disorder),8,4000
2024-10-01,Primary dental caries (disorder),9,4500
2024-11-01,Primary dental caries (disorder),9,4500
2024-12-01,Primary dental caries (disorder),12,6000
2025-01-01,Primary dental caries (disorder),10,5000
2025-02-01,Primary dental caries (disorder),14,7000
2025-03-01,Primary dental caries (disorder),11,5500
2025-04-01,Primary dental caries (disorder),8,4000
2025-05-01,Primary dental caries (disorder),12,6000
2025-06-01,Primary dental caries (disorder),7,3500
2025-07-01,Primary dental caries (disorder),4,2000
2025-08-01,Primary dental caries (disorder),13,6500
2025-09-01,Primary dental caries (disorder),7,3500
2025-10-01,Primary dental caries (disorder),11,5500
2025-11-01,Primary dental caries (disorder),15,7500
2025-12-01,Primary dental caries (disorder),5,2500
2026-01-01,Primary dental caries (disorder),11,5500
1933-10-01,Received higher education (finding),3,1500
1935-11-01,Received higher education (finding),1,500
1939-02-01,Received higher education (finding),9,4500
1939-06-01,Received higher education (finding),8,4000
1940-02-01,Received higher education (finding),2,1000
1940-07-01,Received higher education (finding),1,500
1944-02-01,Received higher education (finding),8,4000
1944-11-01,Received higher education (finding),2,1000
1945-09-01,Received higher education (finding),7,3500
1945-11-01,Received higher education (finding),1,500
1946-12-01,Received higher education (finding),2,1000
1947-04-01,Received higher education (finding),1,500
1951-03-01,Received higher education (finding),1,500
1953-02-01,Received higher education (finding),5,2500
1953-03-01,Received higher education (finding),1,500
1953-06-01,Received higher education (finding),2,1000
1953-09-01,Received higher education (finding),4,2000
1954-11-01,Received higher education (finding),1,500
1956-09-01,Received higher education (finding),2,1000
1956-10-01,Received higher education (finding),1,500
1957-01-01,Received higher education (finding),3,1500
1957-02-01,Received higher education (finding),6,3000
1957-12-01,Received higher education (finding),4,2000
1958-04-01,Received higher education (finding),1,500
1959-03-01,Received higher education (finding),3,1500
1959-08-01,Received higher education (finding),1,500
1959-10-01,Received higher education (finding),2,1000
1960-01-01,Received higher education (finding),2,1000
1960-02-01,Received higher education (finding),2,1000
1960-03-01,Received higher education (finding),1,500
1961-02-01,Received higher education (finding),6,3000
1961-04-01,Received higher education (finding),1,500
1961-05-01,Received higher education (finding),3,1500
1961-06-01,Received higher education (finding),1,500
1961-09-01,Received higher education (finding),3,1500
1961-10-01,Received higher education (finding),4,2000
1962-01-01,Received higher education (finding),1,500
1962-04-01,Received higher education (finding),1,500
1962-05-01,Received higher education (finding),1,500
1962-09-01,Received higher education (finding),1,500
1963-01-01,Received higher education (finding),2,1000
1963-03-01,Received higher education (finding),1,500
1963-12-01,Received higher education (finding),1,500
1964-04-01,Received higher education (finding),2,1000
1964-06-01,Received higher education (finding),3,1500
1964-08-01,Received higher education (finding),2,1000
1964-09-01,Received higher education (finding),4,2000
1964-10-01,Received higher education (finding),1,500
1964-12-01,Received higher education (finding),3,1500
1965-02-01,Received higher education (finding),1,500
1965-04-01,Received higher education (finding),2,1000
1965-05-01,Received higher education (finding),3,1500
1965-08-01,Received higher education (finding),1,500
1966-03-01,Received higher education (finding),1,500
1966-06-01,Received higher education (finding),1,500
1966-07-01,Received higher education (finding),1,500
1966-08-01,Received higher education (finding),2,1000
1967-04-01,Received higher education (finding),1,500
1967-06-01,Received higher education (finding),1,500
1968-01-01,Received higher education (finding),2,1000
1968-02-01,Received higher education (finding),1,500
1968-05-01,Received higher education (finding),1,500
1968-10-01,Received higher education (finding),1,500
1969-01-01,Received higher education (finding),1,500
1969-05-01,Received higher education (finding),2,1000
1969-07-01,Received higher education (finding),1,500
1969-08-01,Received higher education (finding),1,500
1969-09-01,Received higher education (finding),1,500
1969-11-01,Received higher education (finding),3,1500
1970-01-01,Received higher education (finding),1,500
1970-02-01,Received higher education (finding),5,2500
1970-04-01,Received higher education (finding),1,500
1970-09-01,Received higher education (finding),1,500
1970-10-01,Received higher education (finding),2,1000
1970-11-01,Received higher education (finding),1,500
1971-02-01,Received higher education (finding),3,1500
1971-03-01,Received higher education (finding),1,500
1971-05-01,Received higher education (finding),8,4000
1971-08-01,Received higher education (finding),2,1000
1971-09-01,Received higher education (finding),1,500
1972-02-01,Received higher education (finding),5,2500
1972-03-01,Received higher education (finding),1,500
1972-06-01,Received higher education (finding),1,500
1972-07-01,Received higher education (finding),1,500
1972-10-01,Received higher education (finding),1,500
1973-02-01,Received higher education (finding),2,1000
1973-03-01,Received higher education (finding),1,500
1973-06-01,Received higher education (finding),1,500
1973-09-01,Received higher education (finding),1,500
1973-10-01,Received higher education (finding),2,1000
1974-02-01,Received higher education (finding),4,2000
1974-04-01,Received higher education (finding),1,500
1974-05-01,Received higher education (finding),2,1000
1974-07-01,Received higher education (finding),1,500
1974-11-01,Received higher education (finding),2,1000
1974-12-01,Received higher education (finding),1,500
1975-01-01,Received higher education (finding),1,500
1975-05-01,Received higher education (finding),3,1500
1975-06-01,Received higher education (finding),2,1000
1975-08-01,Received higher education (finding),1,500
1975-10-01,Received higher education (finding),1,500
1975-12-01,Received higher education (finding),3,1500
1976-04-01,Received higher education (finding),2,1000
1976-06-01,Received higher education (finding),1,500
1976-07-01,Received higher education (finding),3,1500
1976-10-01,Received higher education (finding),1,500
1977-01-01,Received higher education (finding),2,1000
1977-02-01,Received higher education (finding),1,500
1977-05-01,Received higher education (finding),1,500
1977-06-01,Received higher education (finding),1,500
1977-08-01,Received higher education (finding),2,1000
1977-09-01,Received higher education (finding),1,500
1977-10-01,Received higher education (finding),2,1000
1977-11-01,Received higher education (finding),2,1000
1978-01-01,Received higher education (finding),5,2500
1978-04-01,Received higher education (finding),1,500
1978-05-01,Received higher education (finding),1,500
1978-06-01,Received higher education (finding),1,500
1978-08-01,Received higher education (finding),1,500
1978-09-01,Received higher education (finding),2,1000
1978-10-01,Received higher education (finding),1,500
1978-11-01,Received higher education (finding),1,500
1978-12-01,Received higher education (finding),3,1500
1979-02-01,Received higher education (finding),1,500
1979-04-01,Received higher education (finding),1,500
1979-05-01,Received higher education (finding),3,1500
1979-06-01,Received higher education (finding),2,1000
1979-07-01,Received higher education (finding),1,500
1979-09-01,Received higher education (finding),2,1000
1979-11-01,Received higher education (finding),5,2500
1979-12-01,Received higher education (finding),2,1000
1980-03-01,Received higher education (finding),2,1000
1980-04-01,Received higher education (finding),1,500
1980-05-01,Received higher education (finding),2,1000
1980-06-01,Received higher education (finding),2,1000
1980-08-01,Received higher education (finding),3,1500
1980-10-01,Received higher education (finding),5,2500
1980-12-01,Received higher education (finding),2,1000
1981-01-01,Received higher education (finding),2,1000
1981-02-01,Received higher education (finding),2,1000
1981-03-01,Received higher education (finding),1,500
1981-04-01,Received higher education (finding),4,2000
1981-05-01,Received higher education (finding),1,500
1981-06-01,Received higher education (finding),1,500
1981-07-01,Received higher education (finding),2,1000
1981-10-01,Received higher education (finding),3,1500
1981-12-01,Received higher education (finding),2,1000
1982-01-01,Received higher education (finding),1,500
1982-03-01,Received higher education (finding),1,500
1982-04-01,Received higher education (finding),1,500
1982-05-01,Received higher education (finding),3,1500
1982-07-01,Received higher education (finding),3,1500
1982-08-01,Received higher education (finding),2,1000
1982-09-01,Received higher education (finding),3,1500
1982-11-01,Received higher education (finding),1,500
1982-12-01,Received higher education (finding),3,1500
1983-01-01,Received higher education (finding),1,500
1983-02-01,Received higher education (finding),2,1000
1983-03-01,Received higher education (finding),1,500
1983-04-01,Received higher education (finding),1,500
1983-05-01,Received higher education (finding),1,500
1983-06-01,Received higher education (finding),1,500
1983-07-01,Received higher education (finding),1,500
1983-10-01,Received higher education (finding),1,500
1983-11-01,Received higher education (finding),1,500
1983-12-01,Received higher education (finding),1,500
1984-01-01,Received higher education (finding),2,1000
1984-02-01,Received higher education (finding),3,1500
1984-03-01,Received higher education (finding),1,500
1984-04-01,Received higher education (finding),1,500
1984-05-01,Received higher education (finding),2,1000
1984-06-01,Received higher education (finding),2,1000
1984-07-01,Received higher education (finding),2,1000
1984-08-01,Received higher education (finding),1,500
1984-09-01,Received higher education (finding),2,1000
1984-11-01,Received higher education (finding),1,500
1985-01-01,Received higher education (finding),1,500
1985-02-01,Received higher education (finding),1,500
1985-03-01,Received higher education (finding),2,1000
1985-06-01,Received higher education (finding),2,1000
1985-07-01,Received higher education (finding),2,1000
1985-08-01,Received higher education (finding),3,1500
1985-10-01,Received higher education (finding),1,500
1986-02-01,Received higher education (finding),2,1000
1986-03-01,Received higher education (finding),2,1000
1986-04-01,Received higher education (finding),1,500
1986-05-01,Received higher education (finding),1,500
1986-06-01,Received higher education (finding),1,500
1986-07-01,Received higher education (finding),1,500
1986-09-01,Received higher education (finding),4,2000
1986-10-01,Received higher education (finding),1,500
1986-11-01,Received higher education (finding),2,1000
1986-12-01,Received higher education (finding),1,500
1987-01-01,Received higher education (finding),1,500
1987-03-01,Received higher education (finding),1,500
1987-04-01,Received higher education (finding),3,1500
1987-05-01,Received higher education (finding),1,500
1987-06-01,Received higher education (finding),2,1000
1987-07-01,Received higher education (finding),1,500
1987-08-01,Received higher education (finding),2,1000
1987-09-01,Received higher education (finding),2,1000
1987-10-01,Received higher education (finding),2,1000
1987-11-01,Received higher education (finding),1,500
1987-12-01,Received higher education (finding),2,1000
1988-01-01,Received higher education (finding),2,1000
1988-03-01,Received higher education (finding),1,500
1988-05-01,Received higher education (finding),1,500
1988-06-01,Received higher education (finding),1,500
1988-07-01,Received higher education (finding),2,1000
1988-08-01,Received higher education (finding),1,500
1988-10-01,Received higher education (finding),1,500
1988-11-01,Received higher education (finding),2,1000
1988-12-01,Received higher education (finding),2,1000
1989-02-01,Received higher education (finding),3,1500
1989-03-01,Received higher education (finding),5,2500
1989-05-01,Received higher education (finding),1,500
1989-06-01,Received higher education (finding),1,500
1989-07-01,Received higher education (finding),1,500
1989-08-01,Received higher education (finding),2,1000
1989-09-01,Received higher education (finding),2,1000
1989-10-01,Received higher education (finding),2,1000
1989-11-01,Received higher education (finding),2,1000
1989-12-01,Received higher education (finding),3,1500
1990-02-01,Received higher education (finding),1,500
1990-03-01,Received higher education (finding),2,1000
1990-04-01,Received higher education (finding),4,2000
1990-06-01,Received higher education (finding),3,1500
1990-08-01,Received higher education (finding),1,500
1990-11-01,Received higher education (finding),1,500
1990-12-01,Received higher education (finding),3,1500
1991-01-01,Received higher education (finding),2,1000
1991-02-01,Received higher education (finding),1,500
1991-03-01,Received higher education (finding),2,1000
1991-06-01,Received higher education (finding),1,500
1991-07-01,Received higher education (finding),2,1000
1991-08-01,Received higher education (finding),4,2000
1991-10-01,Received higher education (finding),3,1500
1991-11-01,Received higher education (finding),4,2000
1991-12-01,Received higher education (finding),3,1500
1992-01-01,Received higher education (finding),1,500
1992-02-01,Received higher education (finding),1,500
1992-04-01,Received higher education (finding),3,1500
1992-05-01,Received higher education (finding),2,1000
1992-06-01,Received higher education (finding),2,1000
1992-09-01,Received higher education (finding),2,1000
1992-10-01,Received higher education (finding),1,500
1992-11-01,Received higher education (finding),4,2000
1992-12-01,Received higher education (finding),3,1500
1993-01-01,Received higher education (finding),2,1000
1993-05-01,Received higher education (finding),2,1000
1993-06-01,Received higher education (finding),1,500
1993-07-01,Received higher education (finding),1,500
1993-08-01,Received higher education (finding),2,1000
1993-09-01,Received higher education (finding),1,500
1993-10-01,Received higher education (finding),1,500
1993-11-01,Received higher education (finding),1,500
1993-12-01,Received higher education (finding),2,1000
1994-03-01,Received higher education (finding),1,500
1994-04-01,Received higher education (finding),1,500
1994-06-01,Received higher education (finding),4,2000
1994-07-01,Received higher education (finding),2,1000
1994-10-01,Received higher education (finding),2,1000
1994-11-01,Received higher education (finding),1,500
1994-12-01,Received higher education (finding),1,500
1995-01-01,Received higher education (finding),1,500
1995-03-01,Received higher education (finding),3,1500
1995-07-01,Received higher education (finding),1,500
1995-09-01,Received higher education (finding),2,1000
1995-10-01,Received higher education (finding),3,1500
1995-11-01,Received higher education (finding),1,500
1996-01-01,Received higher education (finding),1,500
1996-02-01,Received higher education (finding),4,2000
1996-04-01,Received higher education (finding),2,1000
1996-05-01,Received higher education (finding),3,1500
1996-06-01,Received higher education (finding),3,1500
1996-07-01,Received higher education (finding),1,500
1996-08-01,Received higher education (finding),2,1000
1996-09-01,Received higher education (finding),4,2000
1996-11-01,Received higher education (finding),1,500
1996-12-01,Received higher education (finding),2,1000
1997-01-01,Received higher education (finding),1,500
1997-04-01,Received higher education (finding),1,500
1997-05-01,Received higher education (finding),3,1500
1997-06-01,Received higher education (finding),3,1500
1997-07-01,Received higher education (finding),1,500
1997-08-01,Received higher education (finding),4,2000
1997-09-01,Received higher education (finding),1,500
1997-12-01,Received higher education (finding),2,1000
1998-01-01,Received higher education (finding),1,500
1998-02-01,Received higher education (finding),1,500
1998-03-01,Received higher education (finding),2,1000
1998-04-01,Received higher education (finding),1,500
1998-05-01,Received higher education (finding),1,500
1998-06-01,Received higher education (finding),2,1000
1998-07-01,Received higher education (finding),3,1500
1998-08-01,Received higher education (finding),3,1500
1998-09-01,Received higher education (finding),1,500
1998-10-01,Received higher education (finding),3,1500
1998-12-01,Received higher education (finding),1,500
1999-01-01,Received higher education (finding),1,500
1999-02-01,Received higher education (finding),1,500
1999-03-01,Received higher education (finding),1,500
1999-05-01,Received higher education (finding),2,1000
1999-06-01,Received higher education (finding),1,500
1999-08-01,Received higher education (finding),1,500
1999-09-01,Received higher education (finding),2,1000
1999-10-01,Received higher education (finding),1,500
1999-11-01,Received higher education (finding),1,500
1999-12-01,Received higher education (finding),2,1000
2000-01-01,Received higher education (finding),3,1500
2000-02-01,Received higher education (finding),3,1500
2000-03-01,Received higher education (finding),1,500
2000-04-01,Received higher education (finding),2,1000
2000-05-01,Received higher education (finding),2,1000
2000-07-01,Received higher education (finding),1,500
2000-08-01,Received higher education (finding),1,500
2000-09-01,Received higher education (finding),1,500
2000-11-01,Received higher education (finding),3,1500
2000-12-01,Received higher education (finding),1,500
2001-01-01,Received higher education (finding),1,500
2001-03-01,Received higher education (finding),1,500
2001-05-01,Received higher education (finding),2,1000
2001-09-01,Received higher education (finding),2,1000
2001-11-01,Received higher education (finding),1,500
2001-12-01,Received higher education (finding),3,1500
2002-02-01,Received higher education (finding),1,500
2002-05-01,Received higher education (finding),1,500
2002-06-01,Received higher education (finding),1,500
2002-07-01,Received higher education (finding),2,1000
2002-08-01,Received higher education (finding),1,500
2002-10-01,Received higher education (finding),1,500
2002-11-01,Received higher education (finding),2,1000
2002-12-01,Received higher education (finding),2,1000
2003-01-01,Received higher education (finding),1,500
2003-02-01,Received higher education (finding),2,1000
2003-03-01,Received higher education (finding),1,500
2003-04-01,Received higher education (finding),1,500
2003-06-01,Received higher education (finding),4,2000
2003-07-01,Received higher education (finding),1,500
2003-10-01,Received higher education (finding),3,1500
2003-12-01,Received higher education (finding),2,1000
2004-02-01,Received higher education (finding),3,1500
2004-03-01,Received higher education (finding),2,1000
2004-04-01,Received higher education (finding),1,500
2004-05-01,Received higher education (finding),1,500
2004-06-01,Received higher education (finding),6,3000
2004-07-01,Received higher education (finding),2,1000
2004-08-01,Received higher education (finding),1,500
2004-09-01,Received higher education (finding),2,1000
2004-10-01,Received higher education (finding),2,1000
2004-11-01,Received higher education (finding),1,500
2004-12-01,Received higher education (finding),2,1000
2005-01-01,Received higher education (finding),3,1500
2005-02-01,Received higher education (finding),1,500
2005-03-01,Received higher education (finding),1,500
2005-05-01,Received higher education (finding),1,500
2005-07-01,Received higher education (finding),1,500
2005-09-01,Received higher education (finding),2,1000
2005-10-01,Received higher education (finding),1,500
2005-11-01,Received higher education (finding),2,1000
2005-12-01,Received higher education (finding),2,1000
2006-02-01,Received higher education (finding),5,2500
2006-03-01,Received higher education (finding),3,1500
2006-04-01,Received higher education (finding),1,500
2006-06-01,Received higher education (finding),1,500
2006-08-01,Received higher education (finding),1,500
2006-09-01,Received higher education (finding),2,1000
2006-10-01,Received higher education (finding),1,500
2006-11-01,Received higher education (finding),2,1000
2006-12-01,Received higher education (finding),1,500
2007-01-01,Received higher education (finding),2,1000
2007-04-01,Received higher education (finding),1,500
2007-07-01,Received higher education (finding),1,500
2007-08-01,Received higher education (finding),1,500
2007-10-01,Received higher education (finding),1,500
2007-11-01,Received higher education (finding),2,1000
2008-01-01,Received higher education (finding),1,500
2008-02-01,Received higher education (finding),3,1500
2008-03-01,Received higher education (finding),1,500
2008-06-01,Received higher education (finding),2,1000
2008-07-01,Received higher education (finding),3,1500
2008-08-01,Received higher education (finding),2,1000
2008-09-01,Received higher education (finding),3,1500
2008-10-01,Received higher education (finding),3,1500
2009-01-01,Received higher education (finding),3,1500
2009-02-01,Received higher education (finding),2,1000
2009-03-01,Received higher education (finding),1,500
2009-04-01,Received higher education (finding),3,1500
2009-05-01,Received higher education (finding),1,500
2009-06-01,Received higher education (finding),1,500
2009-07-01,Received higher education (finding),2,1000
2009-08-01,Received higher education (finding),3,1500
2009-09-01,Received higher education (finding),1,500
2009-12-01,Received higher education (finding),2,1000
2010-01-01,Received higher education (finding),1,500
2010-02-01,Received higher education (finding),4,2000
2010-04-01,Received higher education (finding),2,1000
2010-06-01,Received higher education (finding),1,500
2010-07-01,Received higher education (finding),2,1000
2010-08-01,Received higher education (finding),1,500
2010-10-01,Received higher education (finding),1,500
2010-11-01,Received higher education (finding),1,500
2011-01-01,Received higher education (finding),1,500
2011-03-01,Received higher education (finding),2,1000
2011-04-01,Received higher education (finding),1,500
2011-05-01,Received higher education (finding),1,500
2011-06-01,Received higher education (finding),1,500
2011-08-01,Received higher education (finding),3,1500
2011-09-01,Received higher education (finding),1,500
2011-10-01,Received higher education (finding),5,2500
2011-11-01,Received higher education (finding),2,1000
2011-12-01,Received higher education (finding),3,1500
2012-01-01,Received higher education (finding),5,2500
2012-03-01,Received higher education (finding),5,2500
2012-04-01,Received higher education (finding),1,500
2012-05-01,Received higher education (finding),1,500
2012-06-01,Received higher education (finding),2,1000
2012-07-01,Received higher education (finding),1,500
2012-08-01,Received higher education (finding),2,1000
2012-09-01,Received higher education (finding),2,1000
2012-11-01,Received higher education (finding),2,1000
2012-12-01,Received higher education (finding),2,1000
2013-01-01,Received higher education (finding),1,500
2013-02-01,Received higher education (finding),1,500
2013-03-01,Received higher education (finding),1,500
2013-05-01,Received higher education (finding),1,500
2013-06-01,Received higher education (finding),1,500
2013-08-01,Received higher education (finding),1,500
2013-09-01,Received higher education (finding),1,500
2013-12-01,Received higher education (finding),1,500
2014-01-01,Received higher education (finding),1,500
2014-03-01,Received higher education (finding),2,1000
2014-04-01,Received higher education (finding),2,1000
2014-05-01,Received higher education (finding),1,500
2014-06-01,Received higher education (finding),3,1500
2014-07-01,Received higher education (finding),3,1500
2014-08-01,Received higher education (finding),2,1000
2014-09-01,Received higher education (finding),1,500
2014-11-01,Received higher education (finding),3,1500
2014-12-01,Received higher education (finding),1,500
2015-01-01,Received higher education (finding),3,1500
2015-02-01,Received higher education (finding),2,1000
2015-03-01,Received higher education (finding),2,1000
2015-04-01,Received higher education (finding),4,2000
2015-05-01,Received higher education (finding),1,500
2015-07-01,Received higher education (finding),3,1500
2015-08-01,Received higher education (finding),1,500
2015-09-01,Received higher education (finding),1,500
2015-12-01,Received higher education (finding),1,500
2016-01-01,Received higher education (finding),2,1000
2016-02-01,Received higher education (finding),1,500
2016-03-01,Received higher education (finding),1,500
2016-04-01,Received higher education (finding),3,1500
2016-06-01,Received higher education (finding),1,500
2016-07-01,Received higher education (finding),2,1000
2016-08-01,Received higher education (finding),1,500
2016-10-01,Received higher education (finding),2,1000
2016-12-01,Received higher education (finding),5,2500
2017-01-01,Received higher education (finding),2,1000
2017-02-01,Received higher education (finding),1,500
2017-03-01,Received higher education (finding),1,500
2017-04-01,Received higher education (finding),1,500
2017-05-01,Received higher education (finding),2,1000
2017-06-01,Received higher education (finding),2,1000
2017-07-01,Received higher education (finding),1,500
2017-09-01,Received higher education (finding),1,500
2017-10-01,Received higher education (finding),1,500
2017-11-01,Received higher education (finding),2,1000
2018-01-01,Received higher education (finding),1,500
2018-03-01,Received higher education (finding),3,1500
2018-04-01,Received higher education (finding),2,1000
2018-05-01,Received higher education (finding),2,1000
2018-07-01,Received higher education (finding),3,1500
2018-08-01,Received higher education (finding),3,1500
2018-09-01,Received higher education (finding),1,500
2018-10-01,Received higher education (finding),1,500
2018-11-01,Received higher education (finding),4,2000
2018-12-01,Received higher education (finding),1,500
2019-01-01,Received higher education (finding),1,500
2019-03-01,Received higher education (finding),1,500
2019-05-01,Received higher education (finding),1,500
2019-06-01,Received higher education (finding),2,1000
2019-07-01,Received higher education (finding),2,1000
2019-08-01,Received higher education (finding),4,2000
2019-10-01,Received higher education (finding),3,1500
2019-11-01,Received higher education (finding),4,2000
2020-03-01,Received higher education (finding),2,1000
2020-05-01,Received higher education (finding),1,500
2020-06-01,Received higher education (finding),4,2000
2020-07-01,Received higher education (finding),1,500
2020-08-01,Received higher education (finding),2,1000
2020-09-01,Received higher education (finding),2,1000
2020-10-01,Received higher education (finding),5,2500
2020-12-01,Received higher education (finding),2,1000
2021-01-01,Received higher education (finding),3,1500
2021-02-01,Received higher education (finding),2,1000
2021-03-01,Received higher education (finding),2,1000
2021-04-01,Received higher education (finding),1,500
2021-06-01,Received higher education (finding),3,1500
2021-07-01,Received higher education (finding),1,500
2021-09-01,Received higher education (finding),3,1500
2021-11-01,Received higher education (finding),1,500
2021-12-01,Received higher education (finding),2,1000
2022-02-01,Received higher education (finding),3,1500
2022-03-01,Received higher education (finding),1,500
2022-04-01,Received higher education (finding),2,1000
2022-05-01,Received higher education (finding),4,2000
2022-06-01,Received higher education (finding),1,500
2022-08-01,Received higher education (finding),1,500
2022-09-01,Received higher education (finding),1,500
2022-10-01,Received higher education (finding),2,1000
2022-11-01,Received higher education (finding),2,1000
2022-12-01,Received higher education (finding),2,1000
2023-01-01,Received higher education (finding),2,1000
2023-02-01,Received higher education (finding),3,1500
2023-03-01,Received higher education (finding),3,1500
2023-04-01,Received higher education (finding),3,1500
2023-05-01,Received higher education (finding),2,1000
2023-06-01,Received higher education (finding),2,1000
2023-07-01,Received higher education (finding),2,1000
2023-10-01,Received higher education (finding),1,500
2023-11-01,Received higher education (finding),1,500
2023-12-01,Received higher education (finding),3,1500
2024-01-01,Received higher education (finding),2,1000
2024-02-01,Received higher education (finding),3,1500
2024-03-01,Received higher education (finding),3,1500
2024-04-01,Received higher education (finding),4,2000
2024-05-01,Received higher education (finding),1,500
2024-07-01,Received higher education (finding),2,1000
2024-09-01,Received higher education (finding),2,1000
2024-10-01,Received higher education (finding),2,1000
2024-11-01,Received higher education (finding),1,500
2025-01-01,Received higher education (finding),1,500
2025-02-01,Received higher education (finding),1,500
2025-03-01,Received higher education (finding),3,1500
2025-04-01,Received higher education (finding),6,3000
2025-05-01,Received higher education (finding),2,1000
2025-06-01,Received higher education (finding),1,500
2025-10-01,Received higher education (finding),1,500
2025-11-01,Received higher education (finding),3,1500
2025-12-01,Received higher education (finding),3,1500
1936-10-01,Reports of violence in the environment (finding),1,500
1949-01-01,Reports of violence in the environment (finding),1,500
1957-08-01,Reports of violence in the environment (finding),1,500
1963-04-01,Reports of violence in the environment (finding),1,500
1965-08-01,Reports of violence in the environment (finding),1,500
1969-01-01,Reports of violence in the environment (finding),1,500
1969-07-01,Reports of violence in the environment (finding),1,500
1971-08-01,Reports of violence in the environment (finding),1,500
1972-06-01,Reports of violence in the environment (finding),1,500
1973-08-01,Reports of violence in the environment (finding),1,500
1975-02-01,Reports of violence in the environment (finding),1,500
1977-05-01,Reports of violence in the environment (finding),1,500
1977-09-01,Reports of violence in the environment (finding),1,500
1978-01-01,Reports of violence in the environment (finding),1,500
1978-07-01,Reports of violence in the environment (finding),2,1000
1978-10-01,Reports of violence in the environment (finding),1,500
1979-01-01,Reports of violence in the environment (finding),1,500
1979-03-01,Reports of violence in the environment (finding),1,500
1979-12-01,Reports of violence in the environment (finding),1,500
1980-01-01,Reports of violence in the environment (finding),1,500
1980-03-01,Reports of violence in the environment (finding),1,500
1980-05-01,Reports of violence in the environment (finding),1,500
1981-05-01,Reports of violence in the environment (finding),1,500
1981-07-01,Reports of violence in the environment (finding),1,500
1982-01-01,Reports of violence in the environment (finding),2,1000
1982-02-01,Reports of violence in the environment (finding),1,500
1983-01-01,Reports of violence in the environment (finding),1,500
1983-12-01,Reports of violence in the environment (finding),1,500
1984-01-01,Reports of violence in the environment (finding),1,500
1984-07-01,Reports of violence in the environment (finding),1,500
1985-05-01,Reports of violence in the environment (finding),1,500
1985-08-01,Reports of violence in the environment (finding),1,500
1986-02-01,Reports of violence in the environment (finding),2,1000
1986-05-01,Reports of violence in the environment (finding),1,500
1986-11-01,Reports of violence in the environment (finding),1,500
1987-01-01,Reports of violence in the environment (finding),1,500
1987-02-01,Reports of violence in the environment (finding),1,500
1987-03-01,Reports of violence in the environment (finding),1,500
1987-04-01,Reports of violence in the environment (finding),1,500
1987-10-01,Reports of violence in the environment (finding),1,500
1988-01-01,Reports of violence in the environment (finding),1,500
1988-05-01,Reports of violence in the environment (finding),1,500
1988-10-01,Reports of violence in the environment (finding),1,500
1988-12-01,Reports of violence in the environment (finding),1,500
1989-03-01,Reports of violence in the environment (finding),1,500
1989-12-01,Reports of violence in the environment (finding),1,500
1990-11-01,Reports of violence in the environment (finding),1,500
1990-12-01,Reports of violence in the environment (finding),1,500
1992-05-01,Reports of violence in the environment (finding),1,500
1992-11-01,Reports of violence in the environment (finding),1,500
1993-05-01,Reports of violence in the environment (finding),2,1000
1993-07-01,Reports of violence in the environment (finding),1,500
1993-08-01,Reports of violence in the environment (finding),1,500
1993-09-01,Reports of violence in the environment (finding),2,1000
1993-10-01,Reports of violence in the environment (finding),1,500
1994-04-01,Reports of violence in the environment (finding),1,500
1994-06-01,Reports of violence in the environment (finding),1,500
1994-07-01,Reports of violence in the environment (finding),1,500
1994-10-01,Reports of violence in the environment (finding),1,500
1994-11-01,Reports of violence in the environment (finding),1,500
1994-12-01,Reports of violence in the environment (finding),1,500
1995-09-01,Reports of violence in the environment (finding),1,500
1995-10-01,Reports of violence in the environment (finding),1,500
1996-03-01,Reports of violence in the environment (finding),1,500
1996-08-01,Reports of violence in the environment (finding),1,500
1996-10-01,Reports of violence in the environment (finding),2,1000
1997-02-01,Reports of violence in the environment (finding),1,500
1997-04-01,Reports of violence in the environment (finding),1,500
1997-06-01,Reports of violence in the environment (finding),1,500
1997-12-01,Reports of violence in the environment (finding),1,500
1998-03-01,Reports of violence in the environment (finding),2,1000
1998-04-01,Reports of violence in the environment (finding),1,500
1998-06-01,Reports of violence in the environment (finding),2,1000
1998-08-01,Reports of violence in the environment (finding),1,500
1998-10-01,Reports of violence in the environment (finding),1,500
1998-11-01,Reports of violence in the environment (finding),1,500
1999-03-01,Reports of violence in the environment (finding),1,500
1999-04-01,Reports of violence in the environment (finding),1,500
1999-06-01,Reports of violence in the environment (finding),1,500
1999-09-01,Reports of violence in the environment (finding),1,500
1999-12-01,Reports of violence in the environment (finding),2,1000
2001-04-01,Reports of violence in the environment (finding),1,500
2001-05-01,Reports of violence in the environment (finding),1,500
2001-06-01,Reports of violence in the environment (finding),1,500
2001-12-01,Reports of violence in the environment (finding),1,500
2002-03-01,Reports of violence in the environment (finding),2,1000
2002-06-01,Reports of violence in the environment (finding),2,1000
2002-08-01,Reports of violence in the environment (finding),1,500
2002-09-01,Reports of violence in the environment (finding),2,1000
2002-11-01,Reports of violence in the environment (finding),1,500
2002-12-01,Reports of violence in the environment (finding),1,500
2003-05-01,Reports of violence in the environment (finding),1,500
2003-06-01,Reports of violence in the environment (finding),1,500
2003-07-01,Reports of violence in the environment (finding),1,500
2003-08-01,Reports of violence in the environment (finding),1,500
2003-09-01,Reports of violence in the environment (finding),1,500
2003-10-01,Reports of violence in the environment (finding),3,1500
2003-11-01,Reports of violence in the environment (finding),3,1500
2003-12-01,Reports of violence in the environment (finding),2,1000
2004-01-01,Reports of violence in the environment (finding),2,1000
2004-02-01,Reports of violence in the environment (finding),1,500
2004-03-01,Reports of violence in the environment (finding),1,500
2004-05-01,Reports of violence in the environment (finding),1,500
2004-10-01,Reports of violence in the environment (finding),1,500
2004-11-01,Reports of violence in the environment (finding),1,500
2005-02-01,Reports of violence in the environment (finding),1,500
2005-04-01,Reports of violence in the environment (finding),2,1000
2005-07-01,Reports of violence in the environment (finding),2,1000
2005-08-01,Reports of violence in the environment (finding),1,500
2005-09-01,Reports of violence in the environment (finding),1,500
2005-11-01,Reports of violence in the environment (finding),1,500
2005-12-01,Reports of violence in the environment (finding),1,500
2006-01-01,Reports of violence in the environment (finding),2,1000
2006-02-01,Reports of violence in the environment (finding),1,500
2006-03-01,Reports of violence in the environment (finding),1,500
2006-05-01,Reports of violence in the environment (finding),1,500
2006-06-01,Reports of violence in the environment (finding),2,1000
2006-08-01,Reports of violence in the environment (finding),1,500
2006-09-01,Reports of violence in the environment (finding),2,1000
2006-10-01,Reports of violence in the environment (finding),1,500
2007-07-01,Reports of violence in the environment (finding),2,1000
2007-09-01,Reports of violence in the environment (finding),1,500
2008-03-01,Reports of violence in the environment (finding),2,1000
2008-07-01,Reports of violence in the environment (finding),3,1500
2009-01-01,Reports of violence in the environment (finding),2,1000
2009-02-01,Reports of violence in the environment (finding),1,500
2009-03-01,Reports of violence in the environment (finding),1,500
2009-04-01,Reports of violence in the environment (finding),1,500
2009-05-01,Reports of violence in the environment (finding),1,500
2009-06-01,Reports of violence in the environment (finding),2,1000
2009-09-01,Reports of violence in the environment (finding),1,500
2009-11-01,Reports of violence in the environment (finding),1,500
2010-01-01,Reports of violence in the environment (finding),2,1000
2010-03-01,Reports of violence in the environment (finding),1,500
2010-04-01,Reports of violence in the environment (finding),1,500
2010-06-01,Reports of violence in the environment (finding),2,1000
2010-08-01,Reports of violence in the environment (finding),2,1000
2010-10-01,Reports of violence in the environment (finding),1,500
2011-04-01,Reports of violence in the environment (finding),1,500
2011-06-01,Reports of violence in the environment (finding),2,1000
2011-07-01,Reports of violence in the environment (finding),1,500
2011-09-01,Reports of violence in the environment (finding),1,500
2011-10-01,Reports of violence in the environment (finding),1,500
2011-11-01,Reports of violence in the environment (finding),1,500
2011-12-01,Reports of violence in the environment (finding),2,1000
2012-03-01,Reports of violence in the environment (finding),1,500
2012-05-01,Reports of violence in the environment (finding),1,500
2012-07-01,Reports of violence in the environment (finding),1,500
2012-08-01,Reports of violence in the environment (finding),1,500
2012-09-01,Reports of violence in the environment (finding),1,500
2012-10-01,Reports of violence in the environment (finding),1,500
2012-12-01,Reports of violence in the environment (finding),1,500
2013-01-01,Reports of violence in the environment (finding),3,1500
2013-02-01,Reports of violence in the environment (finding),1,500
2013-03-01,Reports of violence in the environment (finding),2,1000
2013-06-01,Reports of violence in the environment (finding),1,500
2013-07-01,Reports of violence in the environment (finding),2,1000
2013-08-01,Reports of violence in the environment (finding),1,500
2013-09-01,Reports of violence in the environment (finding),2,1000
2013-10-01,Reports of violence in the environment (finding),3,1500
2013-12-01,Reports of violence in the environment (finding),1,500
2014-02-01,Reports of violence in the environment (finding),1,500
2014-03-01,Reports of violence in the environment (finding),4,2000
2014-04-01,Reports of violence in the environment (finding),2,1000
2014-05-01,Reports of violence in the environment (finding),1,500
2014-07-01,Reports of violence in the environment (finding),3,1500
2014-08-01,Reports of violence in the environment (finding),3,1500
2014-09-01,Reports of violence in the environment (finding),3,1500
2014-10-01,Reports of violence in the environment (finding),4,2000
2014-11-01,Reports of violence in the environment (finding),1,500
2014-12-01,Reports of violence in the environment (finding),1,500
2015-02-01,Reports of violence in the environment (finding),4,2000
2015-03-01,Reports of violence in the environment (finding),3,1500
2015-04-01,Reports of violence in the environment (finding),3,1500
2015-05-01,Reports of violence in the environment (finding),6,3000
2015-06-01,Reports of violence in the environment (finding),3,1500
2015-07-01,Reports of violence in the environment (finding),2,1000
2015-08-01,Reports of violence in the environment (finding),5,2500
2015-09-01,Reports of violence in the environment (finding),5,2500
2015-10-01,Reports of violence in the environment (finding),2,1000
2015-11-01,Reports of violence in the environment (finding),5,2500
2015-12-01,Reports of violence in the environment (finding),4,2000
2016-01-01,Reports of violence in the environment (finding),5,2500
2016-02-01,Reports of violence in the environment (finding),5,2500
2016-03-01,Reports of violence in the environment (finding),10,5000
2016-04-01,Reports of violence in the environment (finding),3,1500
2016-05-01,Reports of violence in the environment (finding),7,3500
2016-06-01,Reports of violence in the environment (finding),9,4500
2016-07-01,Reports of violence in the environment (finding),3,1500
2016-08-01,Reports of violence in the environment (finding),3,1500
2016-09-01,Reports of violence in the environment (finding),4,2000
2016-10-01,Reports of violence in the environment (finding),6,3000
2016-11-01,Reports of violence in the environment (finding),8,4000
2016-12-01,Reports of violence in the environment (finding),5,2500
2017-01-01,Reports of violence in the environment (finding),4,2000
2017-02-01,Reports of violence in the environment (finding),2,1000
2017-03-01,Reports of violence in the environment (finding),7,3500
2017-04-01,Reports of violence in the environment (finding),7,3500
2017-05-01,Reports of violence in the environment (finding),9,4500
2017-06-01,Reports of violence in the environment (finding),8,4000
2017-07-01,Reports of violence in the environment (finding),3,1500
2017-08-01,Reports of violence in the environment (finding),2,1000
2017-09-01,Reports of violence in the environment (finding),3,1500
2017-10-01,Reports of violence in the environment (finding),1,500
2017-11-01,Reports of violence in the environment (finding),6,3000
2017-12-01,Reports of violence in the environment (finding),6,3000
2018-01-01,Reports of violence in the environment (finding),3,1500
2018-02-01,Reports of violence in the environment (finding),3,1500
2018-03-01,Reports of violence in the environment (finding),10,5000
2018-04-01,Reports of violence in the environment (finding),3,1500
2018-05-01,Reports of violence in the environment (finding),3,1500
2018-06-01,Reports of violence in the environment (finding),8,4000
2018-07-01,Reports of violence in the environment (finding),8,4000
2018-08-01,Reports of violence in the environment (finding),10,5000
2018-09-01,Reports of violence in the environment (finding),5,2500
2018-10-01,Reports of violence in the environment (finding),7,3500
2018-11-01,Reports of violence in the environment (finding),4,2000
2018-12-01,Reports of violence in the environment (finding),5,2500
2019-01-01,Reports of violence in the environment (finding),3,1500
2019-02-01,Reports of violence in the environment (finding),6,3000
2019-03-01,Reports of violence in the environment (finding),10,5000
2019-04-01,Reports of violence in the environment (finding),3,1500
2019-05-01,Reports of violence in the environment (finding),5,2500
2019-06-01,Reports of violence in the environment (finding),6,3000
2019-07-01,Reports of violence in the environment (finding),5,2500
2019-08-01,Reports of violence in the environment (finding),4,2000
2019-09-01,Reports of violence in the environment (finding),6,3000
2019-10-01,Reports of violence in the environment (finding),4,2000
2019-11-01,Reports of violence in the environment (finding),11,5500
2019-12-01,Reports of violence in the environment (finding),6,3000
2020-01-01,Reports of violence in the environment (finding),5,2500
2020-02-01,Reports of violence in the environment (finding),3,1500
2020-03-01,Reports of violence in the environment (finding),8,4000
2020-04-01,Reports of violence in the environment (finding),5,2500
2020-05-01,Reports of violence in the environment (finding),8,4000
2020-06-01,Reports of violence in the environment (finding),4,2000
2020-07-01,Reports of violence in the environment (finding),5,2500
2020-08-01,Reports of violence in the environment (finding),6,3000
2020-09-01,Reports of violence in the environment (finding),6,3000
2020-10-01,Reports of violence in the environment (finding),5,2500
2020-11-01,Reports of violence in the environment (finding),3,1500
2020-12-01,Reports of violence in the environment (finding),5,2500
2021-01-01,Reports of violence in the environment (finding),6,3000
2021-02-01,Reports of violence in the environment (finding),4,2000
2021-03-01,Reports of violence in the environment (finding),8,4000
2021-04-01,Reports of violence in the environment (finding),7,3500
2021-05-01,Reports of violence in the environment (finding),10,5000
2021-06-01,Reports of violence in the environment (finding),3,1500
2021-07-01,Reports of violence in the environment (finding),6,3000
2021-08-01,Reports of violence in the environment (finding),4,2000
2021-09-01,Reports of violence in the environment (finding),3,1500
2021-10-01,Reports of violence in the environment (finding),5,2500
2021-11-01,Reports of violence in the environment (finding),3,1500
2021-12-01,Reports of violence in the environment (finding),4,2000
2022-01-01,Reports of violence in the environment (finding),6,3000
2022-02-01,Reports of violence in the environment (finding),7,3500
2022-03-01,Reports of violence in the environment (finding),7,3500
2022-04-01,Reports of violence in the environment (finding),8,4000
2022-05-01,Reports of violence in the environment (finding),6,3000
2022-06-01,Reports of violence in the environment (finding),2,1000
2022-07-01,Reports of violence in the environment (finding),4,2000
2022-08-01,Reports of violence in the environment (finding),5,2500
2022-09-01,Reports of violence in the environment (finding),8,4000
2022-10-01,Reports of violence in the environment (finding),5,2500
2022-11-01,Reports of violence in the environment (finding),4,2000
2022-12-01,Reports of violence in the environment (finding),9,4500
2023-01-01,Reports of violence in the environment (finding),11,5500
2023-02-01,Reports of violence in the environment (finding),4,2000
2023-03-01,Reports of violence in the environment (finding),2,1000
2023-04-01,Reports of violence in the environment (finding),10,5000
2023-05-01,Reports of violence in the environment (finding),10,5000
2023-06-01,Reports of violence in the environment (finding),12,6000
2023-07-01,Reports of violence in the environment (finding),12,6000
2023-08-01,Reports of violence in the environment (finding),6,3000
2023-09-01,Reports of violence in the environment (finding),18,9000
2023-10-01,Reports of violence in the environment (finding),4,2000
2023-11-01,Reports of violence in the environment (finding),12,6000
2023-12-01,Reports of violence in the environment (finding),5,2500
2024-01-01,Reports of violence in the environment (finding),6,3000
2024-02-01,Reports of violence in the environment (finding),3,1500
2024-03-01,Reports of violence in the environment (finding),9,4500
2024-04-01,Reports of violence in the environment (finding),12,6000
2024-05-01,Reports of violence in the environment (finding),9,4500
2024-06-01,Reports of violence in the environment (finding),13,6500
2024-07-01,Reports of violence in the environment (finding),10,5000
2024-08-01,Reports of violence in the environment (finding),7,3500
2024-09-01,Reports of violence in the environment (finding),6,3000
2024-10-01,Reports of violence in the environment (finding),13,6500
2024-11-01,Reports of violence in the environment (finding),8,4000
2024-12-01,Reports of violence in the environment (finding),7,3500
2025-01-01,Reports of violence in the environment (finding),8,4000
2025-02-01,Reports of violence in the environment (finding),3,1500
2025-03-01,Reports of violence in the environment (finding),3,1500
2025-04-01,Reports of violence in the environment (finding),10,5000
2025-05-01,Reports of violence in the environment (finding),9,4500
2025-06-01,Reports of violence in the environment (finding),4,2000
2025-07-01,Reports of violence in the environment (finding),11,5500
2025-08-01,Reports of violence in the environment (finding),5,2500
2025-09-01,Reports of violence in the environment (finding),6,3000
2025-10-01,Reports of violence in the environment (finding),8,4000
2025-11-01,Reports of violence in the environment (finding),12,6000
2025-12-01,Reports of violence in the environment (finding),6,3000
2026-01-01,Reports of violence in the environment (finding),9,4500
1932-10-01,Risk activity involvement (finding),1,500
1933-11-01,Risk activity involvement (finding),4,2000
1934-08-01,Risk activity involvement (finding),1,500
1936-09-01,Risk activity involvement (finding),1,500
1936-12-01,Risk activity involvement (finding),1,500
1938-01-01,Risk activity involvement (finding),3,1500
1938-06-01,Risk activity involvement (finding),2,1000
1939-07-01,Risk activity involvement (finding),1,500
1940-06-01,Risk activity involvement (finding),1,500
1940-08-01,Risk activity involvement (finding),2,1000
1941-08-01,Risk activity involvement (finding),1,500
1942-05-01,Risk activity involvement (finding),1,500
1943-11-01,Risk activity involvement (finding),1,500
1944-06-01,Risk activity involvement (finding),2,1000
1944-09-01,Risk activity involvement (finding),1,500
1944-11-01,Risk activity involvement (finding),1,500
1945-04-01,Risk activity involvement (finding),1,500
1953-09-01,Risk activity involvement (finding),1,500
1954-09-01,Risk activity involvement (finding),1,500
1955-12-01,Risk activity involvement (finding),1,500
1956-01-01,Risk activity involvement (finding),1,500
1956-12-01,Risk activity involvement (finding),2,1000
1958-03-01,Risk activity involvement (finding),1,500
1959-02-01,Risk activity involvement (finding),1,500
1960-10-01,Risk activity involvement (finding),1,500
1960-12-01,Risk activity involvement (finding),1,500
1961-10-01,Risk activity involvement (finding),1,500
1962-12-01,Risk activity involvement (finding),1,500
1963-04-01,Risk activity involvement (finding),1,500
1964-04-01,Risk activity involvement (finding),1,500
1964-07-01,Risk activity involvement (finding),1,500
1965-05-01,Risk activity involvement (finding),1,500
1965-08-01,Risk activity involvement (finding),1,500
1965-09-01,Risk activity involvement (finding),1,500
1966-10-01,Risk activity involvement (finding),1,500
1967-05-01,Risk activity involvement (finding),1,500
1967-07-01,Risk activity involvement (finding),1,500
1968-06-01,Risk activity involvement (finding),1,500
1968-08-01,Risk activity involvement (finding),1,500
1968-09-01,Risk activity involvement (finding),1,500
1968-11-01,Risk activity involvement (finding),2,1000
1969-02-01,Risk activity involvement (finding),3,1500
1969-05-01,Risk activity involvement (finding),1,500
1969-07-01,Risk activity involvement (finding),1,500
1969-09-01,Risk activity involvement (finding),1,500
1969-10-01,Risk activity involvement (finding),1,500
1969-11-01,Risk activity involvement (finding),1,500
1970-01-01,Risk activity involvement (finding),1,500
1970-03-01,Risk activity involvement (finding),1,500
1970-04-01,Risk activity involvement (finding),1,500
1970-08-01,Risk activity involvement (finding),1,500
1971-01-01,Risk activity involvement (finding),2,1000
1971-07-01,Risk activity involvement (finding),1,500
1971-11-01,Risk activity involvement (finding),1,500
1972-11-01,Risk activity involvement (finding),1,500
1973-04-01,Risk activity involvement (finding),1,500
1973-10-01,Risk activity involvement (finding),1,500
1973-11-01,Risk activity involvement (finding),1,500
1973-12-01,Risk activity involvement (finding),1,500
1974-05-01,Risk activity involvement (finding),1,500
1974-08-01,Risk activity involvement (finding),1,500
1975-01-01,Risk activity involvement (finding),1,500
1975-06-01,Risk activity involvement (finding),1,500
1975-07-01,Risk activity involvement (finding),1,500
1976-01-01,Risk activity involvement (finding),1,500
1976-07-01,Risk activity involvement (finding),1,500
1976-08-01,Risk activity involvement (finding),1,500
1977-01-01,Risk activity involvement (finding),1,500
1977-02-01,Risk activity involvement (finding),2,1000
1977-05-01,Risk activity involvement (finding),1,500
1977-08-01,Risk activity involvement (finding),1,500
1977-09-01,Risk activity involvement (finding),1,500
1977-10-01,Risk activity involvement (finding),1,500
1978-01-01,Risk activity involvement (finding),1,500
1978-03-01,Risk activity involvement (finding),2,1000
1978-05-01,Risk activity involvement (finding),1,500
1978-06-01,Risk activity involvement (finding),1,500
1978-08-01,Risk activity involvement (finding),1,500
1978-09-01,Risk activity involvement (finding),1,500
1978-10-01,Risk activity involvement (finding),2,1000
1979-06-01,Risk activity involvement (finding),1,500
1979-12-01,Risk activity involvement (finding),1,500
1980-03-01,Risk activity involvement (finding),2,1000
1980-04-01,Risk activity involvement (finding),4,2000
1980-05-01,Risk activity involvement (finding),2,1000
1980-07-01,Risk activity involvement (finding),1,500
1980-11-01,Risk activity involvement (finding),1,500
1981-01-01,Risk activity involvement (finding),1,500
1981-02-01,Risk activity involvement (finding),1,500
1981-03-01,Risk activity involvement (finding),1,500
1981-05-01,Risk activity involvement (finding),1,500
1981-09-01,Risk activity involvement (finding),1,500
1981-11-01,Risk activity involvement (finding),1,500
1982-02-01,Risk activity involvement (finding),1,500
1982-04-01,Risk activity involvement (finding),1,500
1982-06-01,Risk activity involvement (finding),1,500
1982-07-01,Risk activity involvement (finding),3,1500
1982-08-01,Risk activity involvement (finding),1,500
1982-12-01,Risk activity involvement (finding),1,500
1983-01-01,Risk activity involvement (finding),2,1000
1983-02-01,Risk activity involvement (finding),1,500
1983-05-01,Risk activity involvement (finding),1,500
1983-06-01,Risk activity involvement (finding),1,500
1983-09-01,Risk activity involvement (finding),1,500
1983-12-01,Risk activity involvement (finding),1,500
1984-02-01,Risk activity involvement (finding),1,500
1984-08-01,Risk activity involvement (finding),1,500
1984-09-01,Risk activity involvement (finding),1,500
1984-10-01,Risk activity involvement (finding),1,500
1984-11-01,Risk activity involvement (finding),1,500
1985-03-01,Risk activity involvement (finding),2,1000
1985-04-01,Risk activity involvement (finding),1,500
1985-05-01,Risk activity involvement (finding),1,500
1985-06-01,Risk activity involvement (finding),1,500
1985-07-01,Risk activity involvement (finding),1,500
1985-09-01,Risk activity involvement (finding),2,1000
1985-10-01,Risk activity involvement (finding),1,500
1986-02-01,Risk activity involvement (finding),1,500
1986-03-01,Risk activity involvement (finding),2,1000
1986-04-01,Risk activity involvement (finding),1,500
1986-08-01,Risk activity involvement (finding),1,500
1986-09-01,Risk activity involvement (finding),1,500
1986-10-01,Risk activity involvement (finding),1,500
1986-12-01,Risk activity involvement (finding),2,1000
1987-02-01,Risk activity involvement (finding),1,500
1987-03-01,Risk activity involvement (finding),1,500
1987-04-01,Risk activity involvement (finding),1,500
1987-08-01,Risk activity involvement (finding),1,500
1988-02-01,Risk activity involvement (finding),3,1500
1988-04-01,Risk activity involvement (finding),1,500
1988-05-01,Risk activity involvement (finding),1,500
1988-08-01,Risk activity involvement (finding),1,500
1988-12-01,Risk activity involvement (finding),1,500
1989-02-01,Risk activity involvement (finding),1,500
1989-04-01,Risk activity involvement (finding),2,1000
1989-05-01,Risk activity involvement (finding),1,500
1989-06-01,Risk activity involvement (finding),1,500
1989-08-01,Risk activity involvement (finding),1,500
1989-11-01,Risk activity involvement (finding),1,500
1990-10-01,Risk activity involvement (finding),1,500
1990-11-01,Risk activity involvement (finding),2,1000
1991-04-01,Risk activity involvement (finding),1,500
1991-09-01,Risk activity involvement (finding),1,500
1992-05-01,Risk activity involvement (finding),1,500
1992-06-01,Risk activity involvement (finding),1,500
1992-09-01,Risk activity involvement (finding),1,500
1992-10-01,Risk activity involvement (finding),1,500
1992-11-01,Risk activity involvement (finding),2,1000
1992-12-01,Risk activity involvement (finding),1,500
1993-05-01,Risk activity involvement (finding),1,500
1993-07-01,Risk activity involvement (finding),4,2000
1993-11-01,Risk activity involvement (finding),1,500
1993-12-01,Risk activity involvement (finding),1,500
1994-03-01,Risk activity involvement (finding),1,500
1994-05-01,Risk activity involvement (finding),1,500
1994-06-01,Risk activity involvement (finding),1,500
1994-07-01,Risk activity involvement (finding),1,500
1994-09-01,Risk activity involvement (finding),1,500
1994-10-01,Risk activity involvement (finding),1,500
1994-11-01,Risk activity involvement (finding),2,1000
1994-12-01,Risk activity involvement (finding),1,500
1995-04-01,Risk activity involvement (finding),2,1000
1995-05-01,Risk activity involvement (finding),1,500
1995-08-01,Risk activity involvement (finding),1,500
1995-09-01,Risk activity involvement (finding),1,500
1995-11-01,Risk activity involvement (finding),1,500
1996-04-01,Risk activity involvement (finding),1,500
1996-06-01,Risk activity involvement (finding),1,500
1996-08-01,Risk activity involvement (finding),1,500
1996-11-01,Risk activity involvement (finding),2,1000
1997-04-01,Risk activity involvement (finding),1,500
1997-10-01,Risk activity involvement (finding),2,1000
1998-05-01,Risk activity involvement (finding),2,1000
1998-09-01,Risk activity involvement (finding),2,1000
1998-11-01,Risk activity involvement (finding),2,1000
1999-04-01,Risk activity involvement (finding),1,500
1999-09-01,Risk activity involvement (finding),3,1500
1999-11-01,Risk activity involvement (finding),1,500
2000-01-01,Risk activity involvement (finding),1,500
2000-02-01,Risk activity involvement (finding),1,500
2000-03-01,Risk activity involvement (finding),1,500
2000-09-01,Risk activity involvement (finding),2,1000
2000-12-01,Risk activity involvement (finding),2,1000
2001-05-01,Risk activity involvement (finding),2,1000
2001-06-01,Risk activity involvement (finding),2,1000
2001-10-01,Risk activity involvement (finding),1,500
2001-11-01,Risk activity involvement (finding),1,500
2002-01-01,Risk activity involvement (finding),1,500
2002-02-01,Risk activity involvement (finding),1,500
2002-03-01,Risk activity involvement (finding),1,500
2003-01-01,Risk activity involvement (finding),1,500
2003-04-01,Risk activity involvement (finding),3,1500
2003-06-01,Risk activity involvement (finding),2,1000
2003-07-01,Risk activity involvement (finding),1,500
2003-11-01,Risk activity involvement (finding),1,500
2004-01-01,Risk activity involvement (finding),1,500
2004-04-01,Risk activity involvement (finding),1,500
2004-09-01,Risk activity involvement (finding),1,500
2004-10-01,Risk activity involvement (finding),1,500
2004-11-01,Risk activity involvement (finding),1,500
2004-12-01,Risk activity involvement (finding),1,500
2005-04-01,Risk activity involvement (finding),3,1500
2005-06-01,Risk activity involvement (finding),2,1000
2005-07-01,Risk activity involvement (finding),1,500
2005-09-01,Risk activity involvement (finding),1,500
2005-10-01,Risk activity involvement (finding),1,500
2005-11-01,Risk activity involvement (finding),2,1000
2006-01-01,Risk activity involvement (finding),2,1000
2006-02-01,Risk activity involvement (finding),1,500
2006-07-01,Risk activity involvement (finding),2,1000
2006-12-01,Risk activity involvement (finding),1,500
2007-01-01,Risk activity involvement (finding),1,500
2007-05-01,Risk activity involvement (finding),1,500
2007-07-01,Risk activity involvement (finding),1,500
2007-08-01,Risk activity involvement (finding),3,1500
2007-09-01,Risk activity involvement (finding),2,1000
2008-03-01,Risk activity involvement (finding),1,500
2008-04-01,Risk activity involvement (finding),1,500
2008-06-01,Risk activity involvement (finding),1,500
2008-07-01,Risk activity involvement (finding),1,500
2009-02-01,Risk activity involvement (finding),1,500
2009-04-01,Risk activity involvement (finding),1,500
2009-05-01,Risk activity involvement (finding),1,500
2009-09-01,Risk activity involvement (finding),1,500
2009-10-01,Risk activity involvement (finding),2,1000
2010-03-01,Risk activity involvement (finding),1,500
2010-06-01,Risk activity involvement (finding),1,500
2010-07-01,Risk activity involvement (finding),1,500
2010-12-01,Risk activity involvement (finding),2,1000
2011-03-01,Risk activity involvement (finding),2,1000
2011-08-01,Risk activity involvement (finding),1,500
2011-10-01,Risk activity involvement (finding),1,500
2011-11-01,Risk activity involvement (finding),2,1000
2011-12-01,Risk activity involvement (finding),2,1000
2012-10-01,Risk activity involvement (finding),1,500
2012-12-01,Risk activity involvement (finding),1,500
2013-01-01,Risk activity involvement (finding),1,500
2013-03-01,Risk activity involvement (finding),1,500
2013-04-01,Risk activity involvement (finding),2,1000
2013-05-01,Risk activity involvement (finding),1,500
2013-07-01,Risk activity involvement (finding),2,1000
2013-08-01,Risk activity involvement (finding),2,1000
2013-10-01,Risk activity involvement (finding),2,1000
2013-11-01,Risk activity involvement (finding),1,500
2013-12-01,Risk activity involvement (finding),1,500
2014-02-01,Risk activity involvement (finding),1,500
2014-03-01,Risk activity involvement (finding),2,1000
2014-04-01,Risk activity involvement (finding),2,1000
2014-05-01,Risk activity involvement (finding),1,500
2014-06-01,Risk activity involvement (finding),2,1000
2014-07-01,Risk activity involvement (finding),1,500
2014-08-01,Risk activity involvement (finding),1,500
2014-09-01,Risk activity involvement (finding),3,1500
2014-10-01,Risk activity involvement (finding),2,1000
2014-11-01,Risk activity involvement (finding),1,500
2014-12-01,Risk activity involvement (finding),1,500
2015-01-01,Risk activity involvement (finding),1,500
2015-02-01,Risk activity involvement (finding),3,1500
2015-03-01,Risk activity involvement (finding),1,500
2015-04-01,Risk activity involvement (finding),1,500
2015-05-01,Risk activity involvement (finding),3,1500
2015-06-01,Risk activity involvement (finding),2,1000
2015-07-01,Risk activity involvement (finding),3,1500
2015-08-01,Risk activity involvement (finding),2,1000
2015-10-01,Risk activity involvement (finding),2,1000
2015-11-01,Risk activity involvement (finding),1,500
2015-12-01,Risk activity involvement (finding),1,500
2016-01-01,Risk activity involvement (finding),3,1500
2016-02-01,Risk activity involvement (finding),2,1000
2016-03-01,Risk activity involvement (finding),2,1000
2016-04-01,Risk activity involvement (finding),4,2000
2016-05-01,Risk activity involvement (finding),3,1500
2016-06-01,Risk activity involvement (finding),1,500
2016-07-01,Risk activity involvement (finding),2,1000
2016-08-01,Risk activity involvement (finding),1,500
2016-09-01,Risk activity involvement (finding),3,1500
2016-10-01,Risk activity involvement (finding),2,1000
2016-11-01,Risk activity involvement (finding),1,500
2016-12-01,Risk activity involvement (finding),3,1500
2017-01-01,Risk activity involvement (finding),2,1000
2017-02-01,Risk activity involvement (finding),2,1000
2017-03-01,Risk activity involvement (finding),2,1000
2017-05-01,Risk activity involvement (finding),2,1000
2017-06-01,Risk activity involvement (finding),2,1000
2017-07-01,Risk activity involvement (finding),2,1000
2017-08-01,Risk activity involvement (finding),6,3000
2017-10-01,Risk activity involvement (finding),2,1000
2017-11-01,Risk activity involvement (finding),2,1000
2018-01-01,Risk activity involvement (finding),2,1000
2018-02-01,Risk activity involvement (finding),1,500
2018-03-01,Risk activity involvement (finding),1,500
2018-04-01,Risk activity involvement (finding),5,2500
2018-05-01,Risk activity involvement (finding),1,500
2018-06-01,Risk activity involvement (finding),5,2500
2018-07-01,Risk activity involvement (finding),5,2500
2018-08-01,Risk activity involvement (finding),2,1000
2018-09-01,Risk activity involvement (finding),1,500
2018-10-01,Risk activity involvement (finding),3,1500
2018-11-01,Risk activity involvement (finding),2,1000
2018-12-01,Risk activity involvement (finding),1,500
2019-01-01,Risk activity involvement (finding),3,1500
2019-02-01,Risk activity involvement (finding),2,1000
2019-03-01,Risk activity involvement (finding),4,2000
2019-04-01,Risk activity involvement (finding),1,500
2019-05-01,Risk activity involvement (finding),2,1000
2019-06-01,Risk activity involvement (finding),1,500
2019-07-01,Risk activity involvement (finding),1,500
2019-08-01,Risk activity involvement (finding),2,1000
2019-09-01,Risk activity involvement (finding),2,1000
2019-10-01,Risk activity involvement (finding),1,500
2019-11-01,Risk activity involvement (finding),3,1500
2019-12-01,Risk activity involvement (finding),2,1000
2020-01-01,Risk activity involvement (finding),3,1500
2020-02-01,Risk activity involvement (finding),2,1000
2020-03-01,Risk activity involvement (finding),2,1000
2020-04-01,Risk activity involvement (finding),6,3000
2020-05-01,Risk activity involvement (finding),1,500
2020-06-01,Risk activity involvement (finding),3,1500
2020-08-01,Risk activity involvement (finding),1,500
2020-10-01,Risk activity involvement (finding),2,1000
2020-11-01,Risk activity involvement (finding),3,1500
2020-12-01,Risk activity involvement (finding),4,2000
2021-01-01,Risk activity involvement (finding),3,1500
2021-02-01,Risk activity involvement (finding),2,1000
2021-03-01,Risk activity involvement (finding),1,500
2021-04-01,Risk activity involvement (finding),3,1500
2021-05-01,Risk activity involvement (finding),3,1500
2021-06-01,Risk activity involvement (finding),1,500
2021-07-01,Risk activity involvement (finding),2,1000
2021-08-01,Risk activity involvement (finding),2,1000
2021-09-01,Risk activity involvement (finding),2,1000
2021-10-01,Risk activity involvement (finding),1,500
2021-11-01,Risk activity involvement (finding),5,2500
2021-12-01,Risk activity involvement (finding),1,500
2022-02-01,Risk activity involvement (finding),2,1000
2022-03-01,Risk activity involvement (finding),1,500
2022-04-01,Risk activity involvement (finding),5,2500
2022-05-01,Risk activity involvement (finding),3,1500
2022-07-01,Risk activity involvement (finding),2,1000
2022-08-01,Risk activity involvement (finding),1,500
2022-09-01,Risk activity involvement (finding),2,1000
2022-10-01,Risk activity involvement (finding),2,1000
2022-11-01,Risk activity involvement (finding),1,500
2022-12-01,Risk activity involvement (finding),1,500
2023-01-01,Risk activity involvement (finding),3,1500
2023-02-01,Risk activity involvement (finding),1,500
2023-03-01,Risk activity involvement (finding),5,2500
2023-04-01,Risk activity involvement (finding),3,1500
2023-05-01,Risk activity involvement (finding),3,1500
2023-06-01,Risk activity involvement (finding),4,2000
2023-07-01,Risk activity involvement (finding),3,1500
2023-09-01,Risk activity involvement (finding),3,1500
2023-11-01,Risk activity involvement (finding),2,1000
2024-01-01,Risk activity involvement (finding),2,1000
2024-02-01,Risk activity involvement (finding),3,1500
2024-03-01,Risk activity involvement (finding),3,1500
2024-04-01,Risk activity involvement (finding),1,500
2024-05-01,Risk activity involvement (finding),5,2500
2024-06-01,Risk activity involvement (finding),4,2000
2024-08-01,Risk activity involvement (finding),1,500
2024-09-01,Risk activity involvement (finding),2,1000
2024-11-01,Risk activity involvement (finding),2,1000
2024-12-01,Risk activity involvement (finding),2,1000
2025-01-01,Risk activity involvement (finding),1,500
2025-02-01,Risk activity involvement (finding),3,1500
2025-03-01,Risk activity involvement (finding),2,1000
2025-04-01,Risk activity involvement (finding),2,1000
2025-05-01,Risk activity involvement (finding),2,1000
2025-06-01,Risk activity involvement (finding),1,500
2025-07-01,Risk activity involvement (finding),1,500
2025-08-01,Risk activity involvement (finding),3,1500
2025-09-01,Risk activity involvement (finding),3,1500
2025-10-01,Risk activity involvement (finding),2,1000
2025-11-01,Risk activity involvement (finding),4,2000
2026-01-01,Risk activity involvement (finding),3,1500
1935-11-01,Social isolation (finding),1,500
1940-02-01,Social isolation (finding),1,500
1940-05-01,Social isolation (finding),1,500
1943-12-01,Social isolation (finding),1,500
1956-07-01,Social isolation (finding),1,500
1960-11-01,Social isolation (finding),1,500
1961-07-01,Social isolation (finding),1,500
1965-03-01,Social isolation (finding),1,500
1965-10-01,Social isolation (finding),1,500
1966-12-01,Social isolation (finding),1,500
1967-10-01,Social isolation (finding),1,500
1968-08-01,Social isolation (finding),1,500
1970-02-01,Social isolation (finding),1,500
1971-08-01,Social isolation (finding),1,500
1971-12-01,Social isolation (finding),1,500
1972-01-01,Social isolation (finding),2,1000
1973-06-01,Social isolation (finding),1,500
1973-10-01,Social isolation (finding),1,500
1975-06-01,Social isolation (finding),1,500
1975-07-01,Social isolation (finding),1,500
1975-09-01,Social isolation (finding),1,500
1976-03-01,Social isolation (finding),1,500
1976-10-01,Social isolation (finding),1,500
1977-01-01,Social isolation (finding),1,500
1977-12-01,Social isolation (finding),1,500
1978-06-01,Social isolation (finding),1,500
1978-08-01,Social isolation (finding),1,500
1978-09-01,Social isolation (finding),1,500
1979-06-01,Social isolation (finding),2,1000
1979-09-01,Social isolation (finding),1,500
1979-11-01,Social isolation (finding),1,500
1980-03-01,Social isolation (finding),1,500
1980-04-01,Social isolation (finding),1,500
1980-05-01,Social isolation (finding),1,500
1980-07-01,Social isolation (finding),1,500
1981-02-01,Social isolation (finding),1,500
1981-08-01,Social isolation (finding),1,500
1981-10-01,Social isolation (finding),1,500
1981-11-01,Social isolation (finding),1,500
1982-01-01,Social isolation (finding),1,500
1982-03-01,Social isolation (finding),2,1000
1982-06-01,Social isolation (finding),1,500
1982-08-01,Social isolation (finding),1,500
1982-11-01,Social isolation (finding),1,500
1982-12-01,Social isolation (finding),1,500
1983-02-01,Social isolation (finding),1,500
1983-07-01,Social isolation (finding),1,500
1983-12-01,Social isolation (finding),2,1000
1984-01-01,Social isolation (finding),2,1000
1984-05-01,Social isolation (finding),1,500
1984-12-01,Social isolation (finding),1,500
1985-03-01,Social isolation (finding),1,500
1985-05-01,Social isolation (finding),1,500
1985-07-01,Social isolation (finding),1,500
1985-10-01,Social isolation (finding),1,500
1985-12-01,Social isolation (finding),1,500
1986-01-01,Social isolation (finding),1,500
1986-02-01,Social isolation (finding),1,500
1986-03-01,Social isolation (finding),2,1000
1987-01-01,Social isolation (finding),1,500
1987-03-01,Social isolation (finding),1,500
1987-06-01,Social isolation (finding),1,500
1987-10-01,Social isolation (finding),1,500
1988-01-01,Social isolation (finding),1,500
1988-03-01,Social isolation (finding),3,1500
1988-06-01,Social isolation (finding),1,500
1988-09-01,Social isolation (finding),1,500
1989-01-01,Social isolation (finding),1,500
1989-03-01,Social isolation (finding),2,1000
1989-05-01,Social isolation (finding),1,500
1989-09-01,Social isolation (finding),1,500
1989-11-01,Social isolation (finding),1,500
1989-12-01,Social isolation (finding),1,500
1990-04-01,Social isolation (finding),1,500
1990-05-01,Social isolation (finding),3,1500
1990-06-01,Social isolation (finding),1,500
1990-07-01,Social isolation (finding),1,500
1990-09-01,Social isolation (finding),1,500
1990-11-01,Social isolation (finding),2,1000
1990-12-01,Social isolation (finding),1,500
1991-01-01,Social isolation (finding),2,1000
1991-02-01,Social isolation (finding),1,500
1991-08-01,Social isolation (finding),6,3000
1991-11-01,Social isolation (finding),2,1000
1992-03-01,Social isolation (finding),1,500
1992-04-01,Social isolation (finding),2,1000
1992-05-01,Social isolation (finding),1,500
1992-09-01,Social isolation (finding),3,1500
1993-02-01,Social isolation (finding),1,500
1993-03-01,Social isolation (finding),1,500
1993-04-01,Social isolation (finding),1,500
1993-05-01,Social isolation (finding),1,500
1993-06-01,Social isolation (finding),1,500
1993-07-01,Social isolation (finding),1,500
1993-11-01,Social isolation (finding),1,500
1994-01-01,Social isolation (finding),1,500
1994-02-01,Social isolation (finding),1,500
1994-05-01,Social isolation (finding),1,500
1994-07-01,Social isolation (finding),3,1500
1994-09-01,Social isolation (finding),1,500
1994-10-01,Social isolation (finding),3,1500
1995-04-01,Social isolation (finding),1,500
1995-07-01,Social isolation (finding),1,500
1995-08-01,Social isolation (finding),1,500
1995-09-01,Social isolation (finding),3,1500
1995-10-01,Social isolation (finding),1,500
1995-12-01,Social isolation (finding),1,500
1996-01-01,Social isolation (finding),1,500
1996-02-01,Social isolation (finding),4,2000
1996-03-01,Social isolation (finding),2,1000
1996-04-01,Social isolation (finding),3,1500
1996-07-01,Social isolation (finding),1,500
1996-09-01,Social isolation (finding),1,500
1996-10-01,Social isolation (finding),1,500
1996-11-01,Social isolation (finding),1,500
1996-12-01,Social isolation (finding),1,500
1997-01-01,Social isolation (finding),1,500
1997-03-01,Social isolation (finding),2,1000
1997-06-01,Social isolation (finding),2,1000
1997-07-01,Social isolation (finding),1,500
1997-08-01,Social isolation (finding),2,1000
1997-09-01,Social isolation (finding),2,1000
1997-10-01,Social isolation (finding),2,1000
1998-01-01,Social isolation (finding),1,500
1998-02-01,Social isolation (finding),1,500
1998-03-01,Social isolation (finding),1,500
1998-04-01,Social isolation (finding),2,1000
1998-05-01,Social isolation (finding),1,500
1998-06-01,Social isolation (finding),2,1000
1998-07-01,Social isolation (finding),2,1000
1998-09-01,Social isolation (finding),1,500
1998-10-01,Social isolation (finding),1,500
1998-11-01,Social isolation (finding),1,500
1998-12-01,Social isolation (finding),1,500
1999-01-01,Social isolation (finding),1,500
1999-02-01,Social isolation (finding),1,500
1999-03-01,Social isolation (finding),2,1000
1999-05-01,Social isolation (finding),1,500
1999-06-01,Social isolation (finding),2,1000
1999-07-01,Social isolation (finding),1,500
1999-08-01,Social isolation (finding),2,1000
1999-09-01,Social isolation (finding),1,500
1999-10-01,Social isolation (finding),4,2000
1999-11-01,Social isolation (finding),2,1000
1999-12-01,Social isolation (finding),2,1000
2000-01-01,Social isolation (finding),1,500
2000-03-01,Social isolation (finding),3,1500
2000-04-01,Social isolation (finding),1,500
2000-06-01,Social isolation (finding),1,500
2000-09-01,Social isolation (finding),1,500
2000-10-01,Social isolation (finding),1,500
2000-11-01,Social isolation (finding),3,1500
2000-12-01,Social isolation (finding),1,500
2001-02-01,Social isolation (finding),2,1000
2001-04-01,Social isolation (finding),1,500
2001-06-01,Social isolation (finding),2,1000
2001-08-01,Social isolation (finding),2,1000
2001-09-01,Social isolation (finding),1,500
2001-11-01,Social isolation (finding),2,1000
2002-01-01,Social isolation (finding),1,500
2002-03-01,Social isolation (finding),2,1000
2002-05-01,Social isolation (finding),3,1500
2002-06-01,Social isolation (finding),1,500
2002-07-01,Social isolation (finding),1,500
2002-08-01,Social isolation (finding),2,1000
2002-10-01,Social isolation (finding),2,1000
2003-02-01,Social isolation (finding),3,1500
2003-03-01,Social isolation (finding),1,500
2003-04-01,Social isolation (finding),1,500
2003-05-01,Social isolation (finding),1,500
2003-06-01,Social isolation (finding),1,500
2003-07-01,Social isolation (finding),4,2000
2003-08-01,Social isolation (finding),1,500
2003-11-01,Social isolation (finding),1,500
2003-12-01,Social isolation (finding),1,500
2004-01-01,Social isolation (finding),3,1500
2004-02-01,Social isolation (finding),1,500
2004-04-01,Social isolation (finding),2,1000
2004-05-01,Social isolation (finding),2,1000
2004-06-01,Social isolation (finding),2,1000
2004-09-01,Social isolation (finding),2,1000
2004-10-01,Social isolation (finding),1,500
2004-11-01,Social isolation (finding),2,1000
2004-12-01,Social isolation (finding),2,1000
2005-01-01,Social isolation (finding),2,1000
2005-03-01,Social isolation (finding),2,1000
2005-04-01,Social isolation (finding),2,1000
2005-05-01,Social isolation (finding),2,1000
2005-06-01,Social isolation (finding),3,1500
2005-07-01,Social isolation (finding),3,1500
2005-08-01,Social isolation (finding),1,500
2005-09-01,Social isolation (finding),3,1500
2005-11-01,Social isolation (finding),1,500
2005-12-01,Social isolation (finding),2,1000
2006-01-01,Social isolation (finding),6,3000
2006-02-01,Social isolation (finding),3,1500
2006-03-01,Social isolation (finding),1,500
2006-04-01,Social isolation (finding),1,500
2006-05-01,Social isolation (finding),1,500
2006-06-01,Social isolation (finding),2,1000
2006-07-01,Social isolation (finding),3,1500
2006-08-01,Social isolation (finding),1,500
2006-09-01,Social isolation (finding),1,500
2006-10-01,Social isolation (finding),1,500
2006-12-01,Social isolation (finding),2,1000
2007-02-01,Social isolation (finding),3,1500
2007-03-01,Social isolation (finding),1,500
2007-04-01,Social isolation (finding),2,1000
2007-05-01,Social isolation (finding),1,500
2007-06-01,Social isolation (finding),1,500
2007-07-01,Social isolation (finding),2,1000
2007-08-01,Social isolation (finding),3,1500
2007-10-01,Social isolation (finding),2,1000
2007-11-01,Social isolation (finding),2,1000
2007-12-01,Social isolation (finding),3,1500
2008-01-01,Social isolation (finding),2,1000
2008-03-01,Social isolation (finding),4,2000
2008-04-01,Social isolation (finding),4,2000
2008-05-01,Social isolation (finding),1,500
2008-06-01,Social isolation (finding),2,1000
2008-08-01,Social isolation (finding),3,1500
2008-11-01,Social isolation (finding),3,1500
2008-12-01,Social isolation (finding),1,500
2009-01-01,Social isolation (finding),1,500
2009-03-01,Social isolation (finding),2,1000
2009-04-01,Social isolation (finding),2,1000
2009-05-01,Social isolation (finding),3,1500
2009-06-01,Social isolation (finding),1,500
2009-07-01,Social isolation (finding),3,1500
2009-09-01,Social isolation (finding),2,1000
2009-10-01,Social isolation (finding),2,1000
2009-11-01,Social isolation (finding),4,2000
2009-12-01,Social isolation (finding),4,2000
2010-01-01,Social isolation (finding),1,500
2010-02-01,Social isolation (finding),5,2500
2010-03-01,Social isolation (finding),1,500
2010-04-01,Social isolation (finding),3,1500
2010-05-01,Social isolation (finding),2,1000
2010-06-01,Social isolation (finding),2,1000
2010-07-01,Social isolation (finding),2,1000
2010-08-01,Social isolation (finding),4,2000
2010-09-01,Social isolation (finding),2,1000
2010-10-01,Social isolation (finding),6,3000
2010-11-01,Social isolation (finding),1,500
2010-12-01,Social isolation (finding),4,2000
2011-01-01,Social isolation (finding),5,2500
2011-02-01,Social isolation (finding),1,500
2011-03-01,Social isolation (finding),2,1000
2011-04-01,Social isolation (finding),3,1500
2011-06-01,Social isolation (finding),4,2000
2011-07-01,Social isolation (finding),2,1000
2011-09-01,Social isolation (finding),4,2000
2011-10-01,Social isolation (finding),2,1000
2011-11-01,Social isolation (finding),1,500
2011-12-01,Social isolation (finding),2,1000
2012-01-01,Social isolation (finding),2,1000
2012-03-01,Social isolation (finding),2,1000
2012-05-01,Social isolation (finding),1,500
2012-06-01,Social isolation (finding),1,500
2012-07-01,Social isolation (finding),3,1500
2012-08-01,Social isolation (finding),4,2000
2012-09-01,Social isolation (finding),2,1000
2012-10-01,Social isolation (finding),5,2500
2012-11-01,Social isolation (finding),5,2500
2012-12-01,Social isolation (finding),2,1000
2013-01-01,Social isolation (finding),3,1500
2013-02-01,Social isolation (finding),3,1500
2013-03-01,Social isolation (finding),5,2500
2013-04-01,Social isolation (finding),5,2500
2013-05-01,Social isolation (finding),6,3000
2013-06-01,Social isolation (finding),2,1000
2013-07-01,Social isolation (finding),5,2500
2013-08-01,Social isolation (finding),9,4500
2013-09-01,Social isolation (finding),6,3000
2013-10-01,Social isolation (finding),7,3500
2013-11-01,Social isolation (finding),1,500
2013-12-01,Social isolation (finding),5,2500
2014-01-01,Social isolation (finding),2,1000
2014-02-01,Social isolation (finding),5,2500
2014-03-01,Social isolation (finding),6,3000
2014-04-01,Social isolation (finding),7,3500
2014-05-01,Social isolation (finding),8,4000
2014-06-01,Social isolation (finding),4,2000
2014-07-01,Social isolation (finding),5,2500
2014-08-01,Social isolation (finding),10,5000
2014-09-01,Social isolation (finding),2,1000
2014-10-01,Social isolation (finding),3,1500
2014-11-01,Social isolation (finding),3,1500
2014-12-01,Social isolation (finding),5,2500
2015-01-01,Social isolation (finding),12,6000
2015-02-01,Social isolation (finding),12,6000
2015-03-01,Social isolation (finding),9,4500
2015-04-01,Social isolation (finding),9,4500
2015-05-01,Social isolation (finding),9,4500
2015-06-01,Social isolation (finding),8,4000
2015-07-01,Social isolation (finding),8,4000
2015-08-01,Social isolation (finding),6,3000
2015-09-01,Social isolation (finding),10,5000
2015-10-01,Social isolation (finding),4,2000
2015-11-01,Social isolation (finding),8,4000
2015-12-01,Social isolation (finding),5,2500
2016-01-01,Social isolation (finding),9,4500
2016-02-01,Social isolation (finding),17,8500
2016-03-01,Social isolation (finding),13,6500
2016-04-01,Social isolation (finding),15,7500
2016-05-01,Social isolation (finding),10,5000
2016-06-01,Social isolation (finding),4,2000
2016-07-01,Social isolation (finding),11,5500
2016-08-01,Social isolation (finding),12,6000
2016-09-01,Social isolation (finding),5,2500
2016-10-01,Social isolation (finding),5,2500
2016-11-01,Social isolation (finding),10,5000
2016-12-01,Social isolation (finding),6,3000
2017-01-01,Social isolation (finding),6,3000
2017-02-01,Social isolation (finding),4,2000
2017-03-01,Social isolation (finding),15,7500
2017-04-01,Social isolation (finding),5,2500
2017-05-01,Social isolation (finding),13,6500
2017-06-01,Social isolation (finding),8,4000
2017-07-01,Social isolation (finding),16,8000
2017-08-01,Social isolation (finding),5,2500
2017-09-01,Social isolation (finding),8,4000
2017-10-01,Social isolation (finding),7,3500
2017-11-01,Social isolation (finding),16,8000
2017-12-01,Social isolation (finding),11,5500
2018-01-01,Social isolation (finding),7,3500
2018-02-01,Social isolation (finding),8,4000
2018-03-01,Social isolation (finding),14,7000
2018-04-01,Social isolation (finding),5,2500
2018-05-01,Social isolation (finding),9,4500
2018-06-01,Social isolation (finding),11,5500
2018-07-01,Social isolation (finding),7,3500
2018-08-01,Social isolation (finding),8,4000
2018-09-01,Social isolation (finding),12,6000
2018-10-01,Social isolation (finding),12,6000
2018-11-01,Social isolation (finding),13,6500
2018-12-01,Social isolation (finding),7,3500
2019-01-01,Social isolation (finding),7,3500
2019-02-01,Social isolation (finding),8,4000
2019-03-01,Social isolation (finding),20,10000
2019-04-01,Social isolation (finding),13,6500
2019-05-01,Social isolation (finding),7,3500
2019-06-01,Social isolation (finding),11,5500
2019-07-01,Social isolation (finding),10,5000
2019-08-01,Social isolation (finding),10,5000
2019-09-01,Social isolation (finding),5,2500
2019-10-01,Social isolation (finding),6,3000
2019-11-01,Social isolation (finding),12,6000
2019-12-01,Social isolation (finding),8,4000
2020-01-01,Social isolation (finding),4,2000
2020-02-01,Social isolation (finding),13,6500
2020-03-01,Social isolation (finding),21,10500
2020-04-01,Social isolation (finding),8,4000
2020-05-01,Social isolation (finding),11,5500
2020-06-01,Social isolation (finding),6,3000
2020-07-01,Social isolation (finding),11,5500
2020-08-01,Social isolation (finding),9,4500
2020-09-01,Social isolation (finding),12,6000
2020-10-01,Social isolation (finding),9,4500
2020-11-01,Social isolation (finding),6,3000
2020-12-01,Social isolation (finding),12,6000
2021-01-01,Social isolation (finding),9,4500
2021-02-01,Social isolation (finding),7,3500
2021-03-01,Social isolation (finding),13,6500
2021-04-01,Social isolation (finding),12,6000
2021-05-01,Social isolation (finding),12,6000
2021-06-01,Social isolation (finding),12,6000
2021-07-01,Social isolation (finding),14,7000
2021-08-01,Social isolation (finding),13,6500
2021-09-01,Social isolation (finding),9,4500
2021-10-01,Social isolation (finding),8,4000
2021-11-01,Social isolation (finding),11,5500
2021-12-01,Social isolation (finding),9,4500
2022-01-01,Social isolation (finding),10,5000
2022-02-01,Social isolation (finding),8,4000
2022-03-01,Social isolation (finding),10,5000
2022-04-01,Social isolation (finding),15,7500
2022-05-01,Social isolation (finding),11,5500
2022-06-01,Social isolation (finding),10,5000
2022-07-01,Social isolation (finding),7,3500
2022-08-01,Social isolation (finding),10,5000
2022-09-01,Social isolation (finding),12,6000
2022-10-01,Social isolation (finding),10,5000
2022-11-01,Social isolation (finding),8,4000
2022-12-01,Social isolation (finding),17,8500
2023-01-01,Social isolation (finding),15,7500
2023-02-01,Social isolation (finding),12,6000
2023-03-01,Social isolation (finding),11,5500
2023-04-01,Social isolation (finding),18,9000
2023-05-01,Social isolation (finding),15,7500
2023-06-01,Social isolation (finding),8,4000
2023-07-01,Social isolation (finding),7,3500
2023-08-01,Social isolation (finding),13,6500
2023-09-01,Social isolation (finding),13,6500
2023-10-01,Social isolation (finding),9,4500
2023-11-01,Social isolation (finding),5,2500
2023-12-01,Social isolation (finding),10,5000
2024-01-01,Social isolation (finding),9,4500
2024-02-01,Social isolation (finding),12,6000
2024-03-01,Social isolation (finding),10,5000
2024-04-01,Social isolation (finding),15,7500
2024-05-01,Social isolation (finding),5,2500
2024-06-01,Social isolation (finding),12,6000
2024-07-01,Social isolation (finding),16,8000
2024-08-01,Social isolation (finding),9,4500
2024-09-01,Social isolation (finding),8,4000
2024-10-01,Social isolation (finding),9,4500
2024-11-01,Social isolation (finding),13,6500
2024-12-01,Social isolation (finding),12,6000
2025-01-01,Social isolation (finding),10,5000
2025-02-01,Social isolation (finding),8,4000
2025-03-01,Social isolation (finding),18,9000
2025-04-01,Social isolation (finding),21,10500
2025-05-01,Social isolation (finding),9,4500
2025-06-01,Social isolation (finding),5,2500
2025-07-01,Social isolation (finding),12,6000
2025-08-01,Social isolation (finding),13,6500
2025-09-01,Social isolation (finding),14,7000
2025-10-01,Social isolation (finding),13,6500
2025-11-01,Social isolation (finding),11,5500
2025-12-01,Social isolation (finding),5,2500
2026-01-01,Social isolation (finding),18,9000
1936-10-01,Stress (finding),1,500
1941-12-01,Stress (finding),1,500
1947-01-01,Stress (finding),1,500
1947-07-01,Stress (finding),1,500
1951-07-01,Stress (finding),1,500
1954-08-01,Stress (finding),1,500
1955-12-01,Stress (finding),1,500
1957-08-01,Stress (finding),1,500
1957-10-01,Stress (finding),1,500
1959-07-01,Stress (finding),2,1000
1962-07-01,Stress (finding),1,500
1964-05-01,Stress (finding),1,500
1964-08-01,Stress (finding),1,500
1964-10-01,Stress (finding),1,500
1966-05-01,Stress (finding),1,500
1966-08-01,Stress (finding),1,500
1967-08-01,Stress (finding),1,500
1968-01-01,Stress (finding),2,1000
1968-04-01,Stress (finding),1,500
1968-05-01,Stress (finding),1,500
1968-10-01,Stress (finding),2,1000
1969-03-01,Stress (finding),1,500
1969-07-01,Stress (finding),2,1000
1970-06-01,Stress (finding),1,500
1970-09-01,Stress (finding),2,1000
1970-10-01,Stress (finding),1,500
1970-11-01,Stress (finding),1,500
1971-05-01,Stress (finding),1,500
1971-07-01,Stress (finding),1,500
1971-12-01,Stress (finding),1,500
1972-01-01,Stress (finding),2,1000
1972-02-01,Stress (finding),2,1000
1972-04-01,Stress (finding),1,500
1972-06-01,Stress (finding),1,500
1972-08-01,Stress (finding),1,500
1973-03-01,Stress (finding),1,500
1974-02-01,Stress (finding),2,1000
1974-06-01,Stress (finding),1,500
1974-11-01,Stress (finding),1,500
1975-01-01,Stress (finding),1,500
1975-07-01,Stress (finding),1,500
1975-12-01,Stress (finding),2,1000
1976-03-01,Stress (finding),1,500
1976-09-01,Stress (finding),1,500
1976-10-01,Stress (finding),1,500
1976-12-01,Stress (finding),1,500
1977-02-01,Stress (finding),1,500
1977-05-01,Stress (finding),1,500
1977-06-01,Stress (finding),1,500
1977-07-01,Stress (finding),1,500
1977-11-01,Stress (finding),1,500
1978-01-01,Stress (finding),1,500
1978-02-01,Stress (finding),1,500
1978-03-01,Stress (finding),1,500
1978-06-01,Stress (finding),1,500
1978-07-01,Stress (finding),2,1000
1978-10-01,Stress (finding),1,500
1978-12-01,Stress (finding),1,500
1979-03-01,Stress (finding),1,500
1979-04-01,Stress (finding),1,500
1979-06-01,Stress (finding),1,500
1979-07-01,Stress (finding),1,500
1979-09-01,Stress (finding),1,500
1979-11-01,Stress (finding),1,500
1979-12-01,Stress (finding),1,500
1980-01-01,Stress (finding),3,1500
1980-02-01,Stress (finding),2,1000
1980-03-01,Stress (finding),2,1000
1980-05-01,Stress (finding),2,1000
1980-06-01,Stress (finding),1,500
1981-01-01,Stress (finding),2,1000
1981-02-01,Stress (finding),1,500
1981-04-01,Stress (finding),1,500
1981-06-01,Stress (finding),1,500
1981-07-01,Stress (finding),1,500
1981-08-01,Stress (finding),2,1000
1981-10-01,Stress (finding),1,500
1981-11-01,Stress (finding),1,500
1981-12-01,Stress (finding),1,500
1982-04-01,Stress (finding),1,500
1982-06-01,Stress (finding),2,1000
1982-07-01,Stress (finding),1,500
1982-08-01,Stress (finding),1,500
1982-11-01,Stress (finding),2,1000
1982-12-01,Stress (finding),1,500
1983-01-01,Stress (finding),1,500
1983-04-01,Stress (finding),1,500
1983-08-01,Stress (finding),1,500
1983-09-01,Stress (finding),1,500
1983-11-01,Stress (finding),2,1000
1983-12-01,Stress (finding),3,1500
1984-01-01,Stress (finding),2,1000
1984-02-01,Stress (finding),1,500
1984-03-01,Stress (finding),1,500
1984-04-01,Stress (finding),1,500
1984-05-01,Stress (finding),1,500
1984-06-01,Stress (finding),1,500
1984-07-01,Stress (finding),3,1500
1984-10-01,Stress (finding),1,500
1985-02-01,Stress (finding),1,500
1985-04-01,Stress (finding),1,500
1985-05-01,Stress (finding),2,1000
1985-06-01,Stress (finding),1,500
1985-08-01,Stress (finding),2,1000
1985-09-01,Stress (finding),2,1000
1985-11-01,Stress (finding),3,1500
1986-01-01,Stress (finding),2,1000
1986-02-01,Stress (finding),2,1000
1986-03-01,Stress (finding),2,1000
1986-04-01,Stress (finding),1,500
1986-06-01,Stress (finding),2,1000
1986-07-01,Stress (finding),2,1000
1986-09-01,Stress (finding),1,500
1986-10-01,Stress (finding),1,500
1986-11-01,Stress (finding),1,500
1986-12-01,Stress (finding),2,1000
1987-01-01,Stress (finding),3,1500
1987-02-01,Stress (finding),1,500
1987-03-01,Stress (finding),2,1000
1987-05-01,Stress (finding),2,1000
1987-06-01,Stress (finding),1,500
1987-07-01,Stress (finding),1,500
1987-08-01,Stress (finding),2,1000
1987-09-01,Stress (finding),2,1000
1987-10-01,Stress (finding),2,1000
1987-11-01,Stress (finding),2,1000
1987-12-01,Stress (finding),3,1500
1988-01-01,Stress (finding),2,1000
1988-02-01,Stress (finding),7,3500
1988-03-01,Stress (finding),1,500
1988-05-01,Stress (finding),2,1000
1988-06-01,Stress (finding),1,500
1988-07-01,Stress (finding),1,500
1988-08-01,Stress (finding),1,500
1988-09-01,Stress (finding),1,500
1988-10-01,Stress (finding),1,500
1988-11-01,Stress (finding),1,500
1989-01-01,Stress (finding),1,500
1989-03-01,Stress (finding),5,2500
1989-04-01,Stress (finding),2,1000
1989-05-01,Stress (finding),2,1000
1989-07-01,Stress (finding),1,500
1989-08-01,Stress (finding),1,500
1989-09-01,Stress (finding),1,500
1989-10-01,Stress (finding),1,500
1989-11-01,Stress (finding),3,1500
1989-12-01,Stress (finding),1,500
1990-01-01,Stress (finding),3,1500
1990-02-01,Stress (finding),3,1500
1990-03-01,Stress (finding),1,500
1990-04-01,Stress (finding),2,1000
1990-06-01,Stress (finding),1,500
1990-09-01,Stress (finding),1,500
1990-10-01,Stress (finding),1,500
1990-11-01,Stress (finding),2,1000
1990-12-01,Stress (finding),1,500
1991-01-01,Stress (finding),2,1000
1991-02-01,Stress (finding),3,1500
1991-03-01,Stress (finding),3,1500
1991-04-01,Stress (finding),1,500
1991-05-01,Stress (finding),3,2000
1991-06-01,Stress (finding),2,1000
1991-07-01,Stress (finding),2,1000
1991-08-01,Stress (finding),2,1000
1991-09-01,Stress (finding),1,500
1991-10-01,Stress (finding),2,1000
1991-11-01,Stress (finding),3,1500
1992-01-01,Stress (finding),1,500
1992-02-01,Stress (finding),1,500
1992-03-01,Stress (finding),2,1000
1992-04-01,Stress (finding),2,1000
1992-05-01,Stress (finding),1,500
1992-09-01,Stress (finding),5,2500
1992-10-01,Stress (finding),1,500
1992-11-01,Stress (finding),1,500
1992-12-01,Stress (finding),1,500
1993-01-01,Stress (finding),1,500
1993-03-01,Stress (finding),2,1000
1993-05-01,Stress (finding),2,1000
1993-07-01,Stress (finding),1,500
1993-08-01,Stress (finding),2,1000
1993-09-01,Stress (finding),3,1500
1993-10-01,Stress (finding),2,1000
1993-11-01,Stress (finding),2,1000
1993-12-01,Stress (finding),1,500
1994-01-01,Stress (finding),4,2000
1994-02-01,Stress (finding),2,1000
1994-03-01,Stress (finding),2,1000
1994-04-01,Stress (finding),1,500
1994-05-01,Stress (finding),2,1000
1994-06-01,Stress (finding),4,2000
1994-07-01,Stress (finding),1,500
1994-08-01,Stress (finding),2,1000
1994-09-01,Stress (finding),2,1000
1994-10-01,Stress (finding),2,1000
1994-11-01,Stress (finding),2,1000
1994-12-01,Stress (finding),1,500
1995-01-01,Stress (finding),1,500
1995-02-01,Stress (finding),2,1000
1995-03-01,Stress (finding),1,500
1995-04-01,Stress (finding),2,1000
1995-05-01,Stress (finding),1,500
1995-06-01,Stress (finding),2,1000
1995-07-01,Stress (finding),1,500
1995-08-01,Stress (finding),2,1000
1995-09-01,Stress (finding),5,2500
1995-10-01,Stress (finding),2,1000
1995-11-01,Stress (finding),1,500
1995-12-01,Stress (finding),2,1000
1996-01-01,Stress (finding),2,1000
1996-02-01,Stress (finding),3,1500
1996-03-01,Stress (finding),1,500
1996-04-01,Stress (finding),1,500
1996-05-01,Stress (finding),5,2500
1996-06-01,Stress (finding),2,1000
1996-07-01,Stress (finding),1,500
1996-08-01,Stress (finding),2,1000
1996-09-01,Stress (finding),1,500
1996-10-01,Stress (finding),3,1500
1996-11-01,Stress (finding),2,1000
1996-12-01,Stress (finding),2,1000
1997-01-01,Stress (finding),2,1000
1997-02-01,Stress (finding),4,2000
1997-03-01,Stress (finding),3,1500
1997-04-01,Stress (finding),1,500
1997-05-01,Stress (finding),1,500
1997-06-01,Stress (finding),2,1000
1997-07-01,Stress (finding),2,1000
1997-08-01,Stress (finding),2,1000
1997-09-01,Stress (finding),2,1000
1997-10-01,Stress (finding),5,2500
1997-12-01,Stress (finding),3,1500
1998-01-01,Stress (finding),2,1000
1998-03-01,Stress (finding),2,1000
1998-04-01,Stress (finding),2,1000
1998-05-01,Stress (finding),1,500
1998-06-01,Stress (finding),4,2000
1998-07-01,Stress (finding),1,500
1998-08-01,Stress (finding),4,2000
1998-09-01,Stress (finding),2,1000
1998-10-01,Stress (finding),1,500
1998-11-01,Stress (finding),2,1000
1998-12-01,Stress (finding),1,500
1999-01-01,Stress (finding),4,2000
1999-02-01,Stress (finding),1,500
1999-03-01,Stress (finding),4,2000
1999-05-01,Stress (finding),2,1000
1999-06-01,Stress (finding),2,1000
1999-08-01,Stress (finding),1,500
1999-09-01,Stress (finding),1,500
1999-10-01,Stress (finding),5,2500
1999-11-01,Stress (finding),4,2000
1999-12-01,Stress (finding),3,1500
2000-01-01,Stress (finding),4,2000
2000-03-01,Stress (finding),3,1500
2000-04-01,Stress (finding),3,1500
2000-05-01,Stress (finding),3,1500
2000-06-01,Stress (finding),3,1500
2000-07-01,Stress (finding),3,1500
2000-09-01,Stress (finding),1,500
2000-10-01,Stress (finding),1,500
2000-11-01,Stress (finding),2,1000
2000-12-01,Stress (finding),1,500
2001-01-01,Stress (finding),3,1500
2001-02-01,Stress (finding),2,1000
2001-03-01,Stress (finding),3,1500
2001-04-01,Stress (finding),4,2000
2001-05-01,Stress (finding),1,500
2001-06-01,Stress (finding),2,1000
2001-07-01,Stress (finding),3,1500
2001-08-01,Stress (finding),3,1500
2001-09-01,Stress (finding),3,1500
2001-10-01,Stress (finding),2,1000
2001-11-01,Stress (finding),3,1500
2002-01-01,Stress (finding),2,1000
2002-02-01,Stress (finding),1,500
2002-03-01,Stress (finding),3,1500
2002-04-01,Stress (finding),3,1500
2002-05-01,Stress (finding),1,500
2002-06-01,Stress (finding),4,2000
2002-07-01,Stress (finding),1,1000
2002-08-01,Stress (finding),3,1500
2002-09-01,Stress (finding),1,500
2002-10-01,Stress (finding),2,1000
2002-11-01,Stress (finding),5,2500
2003-01-01,Stress (finding),5,2500
2003-02-01,Stress (finding),4,2000
2003-03-01,Stress (finding),6,3000
2003-04-01,Stress (finding),3,1500
2003-05-01,Stress (finding),1,500
2003-06-01,Stress (finding),5,2500
2003-07-01,Stress (finding),1,500
2003-08-01,Stress (finding),5,2500
2003-09-01,Stress (finding),4,2000
2003-10-01,Stress (finding),4,2000
2003-11-01,Stress (finding),5,2500
2003-12-01,Stress (finding),6,3000
2004-01-01,Stress (finding),4,2000
2004-02-01,Stress (finding),7,3500
2004-03-01,Stress (finding),1,500
2004-04-01,Stress (finding),2,1000
2004-05-01,Stress (finding),2,1000
2004-06-01,Stress (finding),3,1500
2004-07-01,Stress (finding),5,2500
2004-08-01,Stress (finding),3,1500
2004-09-01,Stress (finding),5,2500
2004-10-01,Stress (finding),1,500
2004-11-01,Stress (finding),7,3500
2004-12-01,Stress (finding),3,1500
2005-01-01,Stress (finding),5,2500
2005-02-01,Stress (finding),5,2500
2005-03-01,Stress (finding),6,3000
2005-04-01,Stress (finding),7,3500
2005-05-01,Stress (finding),3,1500
2005-06-01,Stress (finding),8,4000
2005-07-01,Stress (finding),3,1500
2005-08-01,Stress (finding),6,3000
2005-09-01,Stress (finding),2,1000
2005-10-01,Stress (finding),4,2000
2005-11-01,Stress (finding),3,1500
2005-12-01,Stress (finding),5,2500
2006-01-01,Stress (finding),5,2500
2006-02-01,Stress (finding),7,3500
2006-03-01,Stress (finding),8,4000
2006-04-01,Stress (finding),5,2500
2006-05-01,Stress (finding),4,2000
2006-06-01,Stress (finding),5,2500
2006-07-01,Stress (finding),5,2500
2006-08-01,Stress (finding),3,1500
2006-09-01,Stress (finding),2,1000
2006-10-01,Stress (finding),5,2500
2006-11-01,Stress (finding),1,500
2006-12-01,Stress (finding),7,3500
2007-01-01,Stress (finding),4,2000
2007-02-01,Stress (finding),7,3500
2007-03-01,Stress (finding),5,2500
2007-04-01,Stress (finding),4,2000
2007-05-01,Stress (finding),8,4000
2007-06-01,Stress (finding),4,2000
2007-07-01,Stress (finding),1,500
2007-08-01,Stress (finding),2,1000
2007-09-01,Stress (finding),3,1500
2007-10-01,Stress (finding),1,500
2007-11-01,Stress (finding),7,3500
2007-12-01,Stress (finding),4,2000
2008-01-01,Stress (finding),4,2000
2008-02-01,Stress (finding),2,1000
2008-03-01,Stress (finding),4,2000
2008-04-01,Stress (finding),4,2000
2008-05-01,Stress (finding),4,2000
2008-06-01,Stress (finding),5,2500
2008-07-01,Stress (finding),5,2500
2008-08-01,Stress (finding),7,3500
2008-09-01,Stress (finding),5,2500
2008-10-01,Stress (finding),4,2000
2008-11-01,Stress (finding),5,2500
2008-12-01,Stress (finding),5,2500
2009-01-01,Stress (finding),2,1000
2009-02-01,Stress (finding),5,2500
2009-03-01,Stress (finding),5,2500
2009-04-01,Stress (finding),6,3000
2009-05-01,Stress (finding),6,3000
2009-06-01,Stress (finding),4,2000
2009-07-01,Stress (finding),4,2000
2009-08-01,Stress (finding),3,1500
2009-09-01,Stress (finding),5,2500
2009-10-01,Stress (finding),3,1500
2009-11-01,Stress (finding),3,1500
2009-12-01,Stress (finding),8,4000
2010-01-01,Stress (finding),2,1000
2010-02-01,Stress (finding),3,1500
2010-03-01,Stress (finding),5,2500
2010-04-01,Stress (finding),11,5500
2010-05-01,Stress (finding),10,5000
2010-06-01,Stress (finding),10,5000
2010-07-01,Stress (finding),13,6500
2010-08-01,Stress (finding),8,4000
2010-09-01,Stress (finding),10,5000
2010-10-01,Stress (finding),9,4500
2010-11-01,Stress (finding),6,3000
2010-12-01,Stress (finding),3,1500
2011-01-01,Stress (finding),10,5000
2011-02-01,Stress (finding),5,2500
2011-03-01,Stress (finding),8,4000
2011-04-01,Stress (finding),10,5000
2011-05-01,Stress (finding),9,4500
2011-06-01,Stress (finding),13,6500
2011-07-01,Stress (finding),14,7000
2011-08-01,Stress (finding),2,1000
2011-09-01,Stress (finding),5,2500
2011-10-01,Stress (finding),7,3500
2011-11-01,Stress (finding),8,4000
2011-12-01,Stress (finding),10,5000
2012-01-01,Stress (finding),10,5000
2012-02-01,Stress (finding),14,7000
2012-03-01,Stress (finding),15,7500
2012-04-01,Stress (finding),8,4000
2012-05-01,Stress (finding),7,3500
2012-06-01,Stress (finding),9,4500
2012-07-01,Stress (finding),9,4500
2012-08-01,Stress (finding),11,5500
2012-09-01,Stress (finding),6,3000
2012-10-01,Stress (finding),14,7000
2012-11-01,Stress (finding),11,5500
2012-12-01,Stress (finding),10,5000
2013-01-01,Stress (finding),11,5500
2013-02-01,Stress (finding),9,4500
2013-03-01,Stress (finding),7,3500
2013-04-01,Stress (finding),7,3500
2013-05-01,Stress (finding),11,5500
2013-06-01,Stress (finding),12,6000
2013-07-01,Stress (finding),22,11000
2013-08-01,Stress (finding),10,5000
2013-09-01,Stress (finding),15,7500
2013-10-01,Stress (finding),12,6000
2013-11-01,Stress (finding),14,7000
2013-12-01,Stress (finding),13,6500
2014-01-01,Stress (finding),12,6000
2014-02-01,Stress (finding),20,10000
2014-03-01,Stress (finding),15,7500
2014-04-01,Stress (finding),12,6000
2014-05-01,Stress (finding),11,5500
2014-06-01,Stress (finding),17,8500
2014-07-01,Stress (finding),23,11500
2014-08-01,Stress (finding),16,8000
2014-09-01,Stress (finding),14,7000
2014-10-01,Stress (finding),15,7500
2014-11-01,Stress (finding),14,7000
2014-12-01,Stress (finding),15,7500
2015-01-01,Stress (finding),15,7500
2015-02-01,Stress (finding),36,18000
2015-03-01,Stress (finding),19,9500
2015-04-01,Stress (finding),26,13000
2015-05-01,Stress (finding),23,11500
2015-06-01,Stress (finding),29,14500
2015-07-01,Stress (finding),22,11000
2015-08-01,Stress (finding),26,13000
2015-09-01,Stress (finding),20,10000
2015-10-01,Stress (finding),20,10000
2015-11-01,Stress (finding),22,11000
2015-12-01,Stress (finding),22,11000
2016-01-01,Stress (finding),33,16500
2016-02-01,Stress (finding),31,16000
2016-03-01,Stress (finding),29,14500
2016-04-01,Stress (finding),23,11500
2016-05-01,Stress (finding),31,15500
2016-06-01,Stress (finding),28,14000
2016-07-01,Stress (finding),33,16500
2016-08-01,Stress (finding),30,15000
2016-09-01,Stress (finding),19,9500
2016-10-01,Stress (finding),27,13500
2016-11-01,Stress (finding),23,11500
2016-12-01,Stress (finding),22,11000
2017-01-01,Stress (finding),28,14000
2017-02-01,Stress (finding),26,13000
2017-03-01,Stress (finding),50,25000
2017-04-01,Stress (finding),25,12500
2017-05-01,Stress (finding),30,15000
2017-06-01,Stress (finding),33,16500
2017-07-01,Stress (finding),19,9500
2017-08-01,Stress (finding),44,22000
2017-09-01,Stress (finding),20,10000
2017-10-01,Stress (finding),22,11000
2017-11-01,Stress (finding),18,9000
2017-12-01,Stress (finding),24,12000
2018-01-01,Stress (finding),23,11500
2018-02-01,Stress (finding),31,15500
2018-03-01,Stress (finding),48,24000
2018-04-01,Stress (finding),16,8000
2018-05-01,Stress (finding),33,16500
2018-06-01,Stress (finding),23,11500
2018-07-01,Stress (finding),33,16500
2018-08-01,Stress (finding),33,16500
2018-09-01,Stress (finding),19,9500
2018-10-01,Stress (finding),26,13000
2018-11-01,Stress (finding),31,15500
2018-12-01,Stress (finding),28,14000
2019-01-01,Stress (finding),24,12000
2019-02-01,Stress (finding),27,13500
2019-03-01,Stress (finding),34,17000
2019-04-01,Stress (finding),17,8500
2019-05-01,Stress (finding),32,16000
2019-06-01,Stress (finding),32,16000
2019-07-01,Stress (finding),40,20000
2019-08-01,Stress (finding),36,18000
2019-09-01,Stress (finding),26,13000
2019-10-01,Stress (finding),23,11500
2019-11-01,Stress (finding),25,12500
2019-12-01,Stress (finding),21,10500
2020-01-01,Stress (finding),39,19500
2020-02-01,Stress (finding),20,10000
2020-03-01,Stress (finding),54,27000
2020-04-01,Stress (finding),24,12000
2020-05-01,Stress (finding),27,13500
2020-06-01,Stress (finding),28,14000
2020-07-01,Stress (finding),23,11500
2020-08-01,Stress (finding),35,17500
2020-09-01,Stress (finding),36,18000
2020-10-01,Stress (finding),38,19000
2020-11-01,Stress (finding),26,13000
2020-12-01,Stress (finding),35,17500
2021-01-01,Stress (finding),27,13500
2021-02-01,Stress (finding),26,13000
2021-03-01,Stress (finding),55,27500
2021-04-01,Stress (finding),27,13500
2021-05-01,Stress (finding),31,15500
2021-06-01,Stress (finding),33,16500
2021-07-01,Stress (finding),36,18000
2021-08-01,Stress (finding),34,17000
2021-09-01,Stress (finding),32,16000
2021-10-01,Stress (finding),30,15000
2021-11-01,Stress (finding),30,15000
2021-12-01,Stress (finding),26,13000
2022-01-01,Stress (finding),31,15500
2022-02-01,Stress (finding),30,15000
2022-03-01,Stress (finding),29,14500
2022-04-01,Stress (finding),56,28000
2022-05-01,Stress (finding),36,18000
2022-06-01,Stress (finding),30,15000
2022-07-01,Stress (finding),34,17000
2022-08-01,Stress (finding),39,19500
2022-09-01,Stress (finding),31,15500
2022-10-01,Stress (finding),31,15500
2022-11-01,Stress (finding),25,12500
2022-12-01,Stress (finding),32,16000
2023-01-01,Stress (finding),25,12500
2023-02-01,Stress (finding),23,11500
2023-03-01,Stress (finding),41,20500
2023-04-01,Stress (finding),45,22500
2023-05-01,Stress (finding),28,14000
2023-06-01,Stress (finding),36,18500
2023-07-01,Stress (finding),40,20000
2023-08-01,Stress (finding),37,18500
2023-09-01,Stress (finding),44,22000
2023-10-01,Stress (finding),32,16000
2023-11-01,Stress (finding),31,15500
2023-12-01,Stress (finding),27,13500
2024-01-01,Stress (finding),31,15500
2024-02-01,Stress (finding),22,11000
2024-03-01,Stress (finding),33,16500
2024-04-01,Stress (finding),55,27500
2024-05-01,Stress (finding),46,23000
2024-06-01,Stress (finding),23,11500
2024-07-01,Stress (finding),39,19500
2024-08-01,Stress (finding),31,15500
2024-09-01,Stress (finding),38,19000
2024-10-01,Stress (finding),29,14500
2024-11-01,Stress (finding),35,17500
2024-12-01,Stress (finding),31,15500
2025-01-01,Stress (finding),30,15000
2025-02-01,Stress (finding),32,16000
2025-03-01,Stress (finding),36,18000
2025-04-01,Stress (finding),47,23500
2025-05-01,Stress (finding),29,14500
2025-06-01,Stress (finding),40,20000
2025-07-01,Stress (finding),30,15000
2025-08-01,Stress (finding),34,17000
2025-09-01,Stress (finding),27,13500
2025-10-01,Stress (finding),32,16000
2025-11-01,Stress (finding),34,17000
2025-12-01,Stress (finding),34,17000
2026-01-01,Stress (finding),34,17000
1959-10-01,Unemployed (finding),1,500
1970-03-01,Unemployed (finding),1,500
1971-10-01,Unemployed (finding),1,500
1973-04-01,Unemployed (finding),1,500
1973-11-01,Unemployed (finding),1,500
1974-02-01,Unemployed (finding),1,500
1974-12-01,Unemployed (finding),1,500
1975-01-01,Unemployed (finding),1,500
1976-03-01,Unemployed (finding),1,500
1978-01-01,Unemployed (finding),1,500
1979-08-01,Unemployed (finding),1,500
1979-09-01,Unemployed (finding),1,500
1979-11-01,Unemployed (finding),1,500
1980-02-01,Unemployed (finding),1,500
1980-05-01,Unemployed (finding),1,500
1980-11-01,Unemployed (finding),1,500
1982-08-01,Unemployed (finding),3,1500
1983-11-01,Unemployed (finding),1,500
1984-12-01,Unemployed (finding),1,500
1985-01-01,Unemployed (finding),1,500
1986-02-01,Unemployed (finding),1,500
1986-03-01,Unemployed (finding),1,500
1987-12-01,Unemployed (finding),1,500
1988-05-01,Unemployed (finding),1,500
1988-06-01,Unemployed (finding),1,500
1989-07-01,Unemployed (finding),1,500
1989-12-01,Unemployed (finding),1,500
1990-03-01,Unemployed (finding),1,500
1991-01-01,Unemployed (finding),1,500
1991-12-01,Unemployed (finding),1,500
1992-01-01,Unemployed (finding),2,1000
1992-09-01,Unemployed (finding),1,500
1993-07-01,Unemployed (finding),1,500
1993-09-01,Unemployed (finding),1,500
1993-11-01,Unemployed (finding),1,500
1993-12-01,Unemployed (finding),1,500
1994-02-01,Unemployed (finding),1,500
1994-06-01,Unemployed (finding),1,500
1994-08-01,Unemployed (finding),1,500
1995-09-01,Unemployed (finding),1,500
1996-02-01,Unemployed (finding),2,1000
1996-06-01,Unemployed (finding),1,500
1996-08-01,Unemployed (finding),1,500
1996-11-01,Unemployed (finding),1,500
1997-03-01,Unemployed (finding),1,500
1997-08-01,Unemployed (finding),1,500
1997-12-01,Unemployed (finding),1,500
1998-03-01,Unemployed (finding),2,1000
1998-05-01,Unemployed (finding),1,500
1998-06-01,Unemployed (finding),1,500
1998-10-01,Unemployed (finding),1,500
1999-02-01,Unemployed (finding),1,500
1999-09-01,Unemployed (finding),1,500
1999-10-01,Unemployed (finding),1,500
1999-12-01,Unemployed (finding),1,500
2000-01-01,Unemployed (finding),1,500
2000-04-01,Unemployed (finding),1,500
2000-07-01,Unemployed (finding),1,500
2000-12-01,Unemployed (finding),1,500
2001-10-01,Unemployed (finding),1,500
2001-11-01,Unemployed (finding),1,500
2002-03-01,Unemployed (finding),1,500
2002-11-01,Unemployed (finding),2,1000
2002-12-01,Unemployed (finding),1,500
2003-02-01,Unemployed (finding),1,500
2003-06-01,Unemployed (finding),1,500
2003-11-01,Unemployed (finding),2,1000
2004-02-01,Unemployed (finding),1,500
2004-04-01,Unemployed (finding),1,500
2004-06-01,Unemployed (finding),2,1000
2004-07-01,Unemployed (finding),1,500
2004-08-01,Unemployed (finding),1,500
2004-11-01,Unemployed (finding),1,500
2005-01-01,Unemployed (finding),1,500
2005-03-01,Unemployed (finding),1,500
2005-05-01,Unemployed (finding),1,500
2005-06-01,Unemployed (finding),2,1000
2005-12-01,Unemployed (finding),1,500
2006-05-01,Unemployed (finding),1,500
2006-06-01,Unemployed (finding),1,500
2006-07-01,Unemployed (finding),1,500
2006-08-01,Unemployed (finding),1,500
2007-03-01,Unemployed (finding),3,1500
2007-07-01,Unemployed (finding),2,1000
2007-09-01,Unemployed (finding),1,500
2007-11-01,Unemployed (finding),1,500
2008-05-01,Unemployed (finding),1,500
2008-09-01,Unemployed (finding),1,500
2008-10-01,Unemployed (finding),1,500
2009-03-01,Unemployed (finding),2,1000
2009-04-01,Unemployed (finding),1,500
2010-02-01,Unemployed (finding),1,500
2010-03-01,Unemployed (finding),1,500
2010-04-01,Unemployed (finding),1,500
2010-06-01,Unemployed (finding),1,500
2010-11-01,Unemployed (finding),1,500
2011-01-01,Unemployed (finding),1,500
2011-10-01,Unemployed (finding),2,1000
2011-11-01,Unemployed (finding),2,1000
2011-12-01,Unemployed (finding),1,500
2012-01-01,Unemployed (finding),1,500
2012-03-01,Unemployed (finding),1,500
2012-04-01,Unemployed (finding),1,500
2012-05-01,Unemployed (finding),1,500
2012-06-01,Unemployed (finding),1,500
2012-07-01,Unemployed (finding),1,500
2012-12-01,Unemployed (finding),1,500
2013-01-01,Unemployed (finding),1,500
2013-02-01,Unemployed (finding),1,500
2013-04-01,Unemployed (finding),2,1000
2013-05-01,Unemployed (finding),4,2000
2013-06-01,Unemployed (finding),1,500
2013-07-01,Unemployed (finding),1,500
2013-11-01,Unemployed (finding),2,1000
2014-01-01,Unemployed (finding),1,500
2014-02-01,Unemployed (finding),4,2000
2014-03-01,Unemployed (finding),3,1500
2014-04-01,Unemployed (finding),2,1000
2014-06-01,Unemployed (finding),1,500
2014-07-01,Unemployed (finding),4,2000
2014-08-01,Unemployed (finding),3,1500
2014-09-01,Unemployed (finding),4,2000
2014-10-01,Unemployed (finding),1,500
2014-11-01,Unemployed (finding),3,1500
2014-12-01,Unemployed (finding),1,500
2015-01-01,Unemployed (finding),3,1500
2015-02-01,Unemployed (finding),8,4000
2015-03-01,Unemployed (finding),4,2000
2015-04-01,Unemployed (finding),4,2000
2015-05-01,Unemployed (finding),4,2000
2015-06-01,Unemployed (finding),3,1500
2015-07-01,Unemployed (finding),10,5000
2015-09-01,Unemployed (finding),4,2000
2015-10-01,Unemployed (finding),5,2500
2015-11-01,Unemployed (finding),4,2000
2015-12-01,Unemployed (finding),3,1500
2016-01-01,Unemployed (finding),4,2000
2016-02-01,Unemployed (finding),6,3000
2016-03-01,Unemployed (finding),6,3000
2016-04-01,Unemployed (finding),5,2500
2016-05-01,Unemployed (finding),10,5000
2016-06-01,Unemployed (finding),7,3500
2016-07-01,Unemployed (finding),6,3000
2016-08-01,Unemployed (finding),3,1500
2016-09-01,Unemployed (finding),6,3000
2016-10-01,Unemployed (finding),5,2500
2016-11-01,Unemployed (finding),7,3500
2016-12-01,Unemployed (finding),1,500
2017-01-01,Unemployed (finding),8,4000
2017-02-01,Unemployed (finding),4,2000
2017-03-01,Unemployed (finding),15,7500
2017-04-01,Unemployed (finding),7,3500
2017-05-01,Unemployed (finding),4,2000
2017-06-01,Unemployed (finding),8,4000
2017-07-01,Unemployed (finding),7,3500
2017-08-01,Unemployed (finding),4,2000
2017-09-01,Unemployed (finding),2,1000
2017-10-01,Unemployed (finding),3,1500
2017-11-01,Unemployed (finding),7,3500
2017-12-01,Unemployed (finding),4,2000
2018-01-01,Unemployed (finding),10,5000
2018-02-01,Unemployed (finding),3,1500
2018-03-01,Unemployed (finding),14,7000
2018-04-01,Unemployed (finding),3,1500
2018-05-01,Unemployed (finding),2,1000
2018-06-01,Unemployed (finding),3,1500
2018-07-01,Unemployed (finding),4,2000
2018-08-01,Unemployed (finding),8,4000
2018-09-01,Unemployed (finding),3,1500
2018-10-01,Unemployed (finding),4,2000
2018-11-01,Unemployed (finding),3,1500
2018-12-01,Unemployed (finding),2,1000
2019-01-01,Unemployed (finding),4,2000
2019-02-01,Unemployed (finding),9,4500
2019-03-01,Unemployed (finding),13,6500
2019-04-01,Unemployed (finding),5,2500
2019-05-01,Unemployed (finding),2,1000
2019-06-01,Unemployed (finding),4,2000
2019-07-01,Unemployed (finding),5,2500
2019-08-01,Unemployed (finding),8,4000
2019-09-01,Unemployed (finding),8,4000
2019-10-01,Unemployed (finding),7,3500
2019-11-01,Unemployed (finding),6,3000
2019-12-01,Unemployed (finding),2,1000
2020-01-01,Unemployed (finding),9,4500
2020-02-01,Unemployed (finding),3,1500
2020-03-01,Unemployed (finding),9,4500
2020-04-01,Unemployed (finding),3,1500
2020-05-01,Unemployed (finding),11,5500
2020-06-01,Unemployed (finding),3,1500
2020-07-01,Unemployed (finding),4,2000
2020-08-01,Unemployed (finding),8,4000
2020-09-01,Unemployed (finding),5,2500
2020-10-01,Unemployed (finding),6,3000
2020-11-01,Unemployed (finding),4,2000
2020-12-01,Unemployed (finding),2,1000
2021-01-01,Unemployed (finding),4,2000
2021-02-01,Unemployed (finding),5,2500
2021-03-01,Unemployed (finding),9,4500
2021-04-01,Unemployed (finding),7,3500
2021-05-01,Unemployed (finding),7,3500
2021-06-01,Unemployed (finding),4,2000
2021-07-01,Unemployed (finding),4,2000
2021-08-01,Unemployed (finding),9,4500
2021-09-01,Unemployed (finding),3,1500
2021-10-01,Unemployed (finding),7,3500
2021-11-01,Unemployed (finding),7,3500
2021-12-01,Unemployed (finding),4,2000
2022-01-01,Unemployed (finding),4,2000
2022-02-01,Unemployed (finding),5,2500
2022-03-01,Unemployed (finding),6,3000
2022-04-01,Unemployed (finding),10,5000
2022-05-01,Unemployed (finding),4,2000
2022-06-01,Unemployed (finding),2,1000
2022-07-01,Unemployed (finding),6,3000
2022-08-01,Unemployed (finding),8,4000
2022-09-01,Unemployed (finding),8,4000
2022-10-01,Unemployed (finding),6,3000
2022-11-01,Unemployed (finding),5,2500
2022-12-01,Unemployed (finding),5,2500
2023-01-01,Unemployed (finding),4,2000
2023-02-01,Unemployed (finding),2,1000
2023-03-01,Unemployed (finding),3,1500
2023-04-01,Unemployed (finding),10,5000
2023-05-01,Unemployed (finding),6,3000
2023-06-01,Unemployed (finding),6,3000
2023-07-01,Unemployed (finding),5,2500
2023-08-01,Unemployed (finding),4,2000
2023-09-01,Unemployed (finding),9,4500
2023-10-01,Unemployed (finding),9,4500
2023-11-01,Unemployed (finding),5,2500
2023-12-01,Unemployed (finding),4,2000
2024-01-01,Unemployed (finding),4,2000
2024-02-01,Unemployed (finding),3,1500
2024-03-01,Unemployed (finding),8,4000
2024-04-01,Unemployed (finding),12,6000
2024-05-01,Unemployed (finding),6,3000
2024-06-01,Unemployed (finding),5,2500
2024-07-01,Unemployed (finding),10,5000
2024-08-01,Unemployed (finding),6,3000
2024-09-01,Unemployed (finding),7,3500
2024-10-01,Unemployed (finding),4,2000
2024-11-01,Unemployed (finding),3,1500
2024-12-01,Unemployed (finding),5,2500
2025-01-01,Unemployed (finding),7,3500
2025-02-01,Unemployed (finding),2,1000
2025-03-01,Unemployed (finding),6,3000
2025-04-01,Unemployed (finding),15,7500
2025-05-01,Unemployed (finding),4,2000
2025-06-01,Unemployed (finding),3,1500
2025-07-01,Unemployed (finding),8,4000
2025-08-01,Unemployed (finding),2,1000
2025-09-01,Unemployed (finding),2,1000
2025-10-01,Unemployed (finding),15,7500
2025-11-01,Unemployed (finding),8,4000
2025-12-01,Unemployed (finding),6,3000
2026-01-01,Unemployed (finding),8,4000
1938-12-01,Victim of intimate partner abuse (finding),1,500
1944-12-01,Victim of intimate partner abuse (finding),1,500
1954-08-01,Victim of intimate partner abuse (finding),1,500
1961-02-01,Victim of intimate partner abuse (finding),1,500
1961-03-01,Victim of intimate partner abuse (finding),1,500
1961-05-01,Victim of intimate partner abuse (finding),1,500
1964-10-01,Victim of intimate partner abuse (finding),1,500
1964-12-01,Victim of intimate partner abuse (finding),1,500
1965-05-01,Victim of intimate partner abuse (finding),1,500
1966-08-01,Victim of intimate partner abuse (finding),1,500
1968-01-01,Victim of intimate partner abuse (finding),3,1500
1969-07-01,Victim of intimate partner abuse (finding),1,500
1970-07-01,Victim of intimate partner abuse (finding),2,1000
1970-10-01,Victim of intimate partner abuse (finding),1,500
1970-11-01,Victim of intimate partner abuse (finding),1,500
1971-07-01,Victim of intimate partner abuse (finding),1,500
1973-08-01,Victim of intimate partner abuse (finding),1,500
1974-12-01,Victim of intimate partner abuse (finding),1,500
1975-01-01,Victim of intimate partner abuse (finding),1,500
1975-02-01,Victim of intimate partner abuse (finding),1,500
1975-08-01,Victim of intimate partner abuse (finding),1,500
1976-06-01,Victim of intimate partner abuse (finding),1,500
1977-02-01,Victim of intimate partner abuse (finding),1,500
1977-07-01,Victim of intimate partner abuse (finding),1,500
1977-09-01,Victim of intimate partner abuse (finding),1,500
1978-03-01,Victim of intimate partner abuse (finding),1,500
1979-05-01,Victim of intimate partner abuse (finding),1,500
1980-07-01,Victim of intimate partner abuse (finding),1,500
1981-01-01,Victim of intimate partner abuse (finding),2,1000
1981-02-01,Victim of intimate partner abuse (finding),2,1000
1981-04-01,Victim of intimate partner abuse (finding),1,500
1981-07-01,Victim of intimate partner abuse (finding),2,1000
1981-12-01,Victim of intimate partner abuse (finding),1,500
1982-01-01,Victim of intimate partner abuse (finding),2,1000
1983-02-01,Victim of intimate partner abuse (finding),2,1000
1983-05-01,Victim of intimate partner abuse (finding),1,500
1983-08-01,Victim of intimate partner abuse (finding),2,1000
1983-11-01,Victim of intimate partner abuse (finding),1,500
1984-01-01,Victim of intimate partner abuse (finding),2,1000
1984-02-01,Victim of intimate partner abuse (finding),1,500
1984-04-01,Victim of intimate partner abuse (finding),1,500
1984-07-01,Victim of intimate partner abuse (finding),1,500
1984-08-01,Victim of intimate partner abuse (finding),1,500
1984-09-01,Victim of intimate partner abuse (finding),1,500
1984-10-01,Victim of intimate partner abuse (finding),2,1000
1985-03-01,Victim of intimate partner abuse (finding),1,500
1985-08-01,Victim of intimate partner abuse (finding),1,500
1985-12-01,Victim of intimate partner abuse (finding),1,500
1986-01-01,Victim of intimate partner abuse (finding),1,500
1986-03-01,Victim of intimate partner abuse (finding),2,1000
1986-05-01,Victim of intimate partner abuse (finding),2,1000
1986-06-01,Victim of intimate partner abuse (finding),1,500
1986-11-01,Victim of intimate partner abuse (finding),1,500
1987-03-01,Victim of intimate partner abuse (finding),1,500
1987-06-01,Victim of intimate partner abuse (finding),1,500
1988-01-01,Victim of intimate partner abuse (finding),3,1500
1988-02-01,Victim of intimate partner abuse (finding),1,500
1988-04-01,Victim of intimate partner abuse (finding),1,500
1988-08-01,Victim of intimate partner abuse (finding),1,500
1988-12-01,Victim of intimate partner abuse (finding),1,500
1989-03-01,Victim of intimate partner abuse (finding),1,500
1989-11-01,Victim of intimate partner abuse (finding),1,500
1990-01-01,Victim of intimate partner abuse (finding),1,500
1990-02-01,Victim of intimate partner abuse (finding),1,500
1990-05-01,Victim of intimate partner abuse (finding),1,500
1990-10-01,Victim of intimate partner abuse (finding),1,500
1991-06-01,Victim of intimate partner abuse (finding),1,500
1991-08-01,Victim of intimate partner abuse (finding),1,500
1991-10-01,Victim of intimate partner abuse (finding),1,500
1991-12-01,Victim of intimate partner abuse (finding),2,1000
1992-04-01,Victim of intimate partner abuse (finding),1,500
1992-06-01,Victim of intimate partner abuse (finding),1,500
1992-08-01,Victim of intimate partner abuse (finding),1,500
1992-09-01,Victim of intimate partner abuse (finding),1,500
1992-12-01,Victim of intimate partner abuse (finding),2,1000
1993-06-01,Victim of intimate partner abuse (finding),1,500
1993-08-01,Victim of intimate partner abuse (finding),1,500
1993-10-01,Victim of intimate partner abuse (finding),2,1000
1993-11-01,Victim of intimate partner abuse (finding),1,500
1994-01-01,Victim of intimate partner abuse (finding),1,500
1994-02-01,Victim of intimate partner abuse (finding),3,1500
1994-03-01,Victim of intimate partner abuse (finding),1,500
1994-06-01,Victim of intimate partner abuse (finding),1,500
1994-08-01,Victim of intimate partner abuse (finding),1,500
1995-01-01,Victim of intimate partner abuse (finding),1,500
1995-05-01,Victim of intimate partner abuse (finding),1,500
1995-06-01,Victim of intimate partner abuse (finding),1,500
1995-07-01,Victim of intimate partner abuse (finding),1,500
1995-08-01,Victim of intimate partner abuse (finding),1,500
1995-10-01,Victim of intimate partner abuse (finding),1,500
1995-11-01,Victim of intimate partner abuse (finding),2,1000
1995-12-01,Victim of intimate partner abuse (finding),1,500
1996-02-01,Victim of intimate partner abuse (finding),2,1000
1996-03-01,Victim of intimate partner abuse (finding),2,1000
1996-04-01,Victim of intimate partner abuse (finding),1,500
1996-05-01,Victim of intimate partner abuse (finding),2,1000
1996-06-01,Victim of intimate partner abuse (finding),1,500
1996-09-01,Victim of intimate partner abuse (finding),1,500
1996-10-01,Victim of intimate partner abuse (finding),2,1000
1996-11-01,Victim of intimate partner abuse (finding),1,500
1996-12-01,Victim of intimate partner abuse (finding),1,500
1997-02-01,Victim of intimate partner abuse (finding),1,500
1997-03-01,Victim of intimate partner abuse (finding),1,500
1997-05-01,Victim of intimate partner abuse (finding),2,1000
1997-07-01,Victim of intimate partner abuse (finding),1,500
1997-08-01,Victim of intimate partner abuse (finding),2,1000
1997-09-01,Victim of intimate partner abuse (finding),2,1000
1997-10-01,Victim of intimate partner abuse (finding),1,500
1997-11-01,Victim of intimate partner abuse (finding),1,500
1998-03-01,Victim of intimate partner abuse (finding),1,500
1998-07-01,Victim of intimate partner abuse (finding),2,1000
1998-09-01,Victim of intimate partner abuse (finding),1,500
1998-10-01,Victim of intimate partner abuse (finding),2,1000
1998-11-01,Victim of intimate partner abuse (finding),1,500
1998-12-01,Victim of intimate partner abuse (finding),1,500
1999-01-01,Victim of intimate partner abuse (finding),1,500
1999-02-01,Victim of intimate partner abuse (finding),2,1000
1999-04-01,Victim of intimate partner abuse (finding),1,500
1999-05-01,Victim of intimate partner abuse (finding),1,500
1999-08-01,Victim of intimate partner abuse (finding),1,500
1999-09-01,Victim of intimate partner abuse (finding),3,1500
1999-10-01,Victim of intimate partner abuse (finding),1,500
1999-11-01,Victim of intimate partner abuse (finding),2,1000
2000-01-01,Victim of intimate partner abuse (finding),1,500
2000-02-01,Victim of intimate partner abuse (finding),1,500
2000-04-01,Victim of intimate partner abuse (finding),2,1000
2000-09-01,Victim of intimate partner abuse (finding),2,1000
2000-10-01,Victim of intimate partner abuse (finding),1,500
2000-12-01,Victim of intimate partner abuse (finding),2,1000
2001-03-01,Victim of intimate partner abuse (finding),1,500
2001-04-01,Victim of intimate partner abuse (finding),2,1000
2001-06-01,Victim of intimate partner abuse (finding),1,500
2001-08-01,Victim of intimate partner abuse (finding),3,1500
2001-11-01,Victim of intimate partner abuse (finding),1,500
2001-12-01,Victim of intimate partner abuse (finding),1,500
2002-01-01,Victim of intimate partner abuse (finding),2,1000
2002-02-01,Victim of intimate partner abuse (finding),1,500
2002-03-01,Victim of intimate partner abuse (finding),2,1000
2002-04-01,Victim of intimate partner abuse (finding),1,500
2002-05-01,Victim of intimate partner abuse (finding),1,500
2002-07-01,Victim of intimate partner abuse (finding),1,500
2002-08-01,Victim of intimate partner abuse (finding),1,500
2002-10-01,Victim of intimate partner abuse (finding),2,1000
2003-01-01,Victim of intimate partner abuse (finding),1,500
2003-02-01,Victim of intimate partner abuse (finding),1,500
2003-03-01,Victim of intimate partner abuse (finding),1,500
2003-05-01,Victim of intimate partner abuse (finding),2,1000
2003-06-01,Victim of intimate partner abuse (finding),2,1000
2003-07-01,Victim of intimate partner abuse (finding),1,500
2003-09-01,Victim of intimate partner abuse (finding),1,500
2003-10-01,Victim of intimate partner abuse (finding),1,500
2004-02-01,Victim of intimate partner abuse (finding),1,500
2004-03-01,Victim of intimate partner abuse (finding),1,500
2004-04-01,Victim of intimate partner abuse (finding),2,1000
2004-05-01,Victim of intimate partner abuse (finding),1,500
2004-06-01,Victim of intimate partner abuse (finding),3,1500
2004-07-01,Victim of intimate partner abuse (finding),2,1000
2004-09-01,Victim of intimate partner abuse (finding),4,2000
2004-11-01,Victim of intimate partner abuse (finding),2,1000
2004-12-01,Victim of intimate partner abuse (finding),2,1000
2005-01-01,Victim of intimate partner abuse (finding),1,500
2005-02-01,Victim of intimate partner abuse (finding),1,500
2005-03-01,Victim of intimate partner abuse (finding),1,500
2005-05-01,Victim of intimate partner abuse (finding),1,500
2005-06-01,Victim of intimate partner abuse (finding),1,500
2005-07-01,Victim of intimate partner abuse (finding),2,1000
2005-08-01,Victim of intimate partner abuse (finding),1,500
2005-09-01,Victim of intimate partner abuse (finding),3,1500
2005-10-01,Victim of intimate partner abuse (finding),3,1500
2006-02-01,Victim of intimate partner abuse (finding),4,2000
2006-03-01,Victim of intimate partner abuse (finding),1,500
2006-04-01,Victim of intimate partner abuse (finding),1,500
2006-05-01,Victim of intimate partner abuse (finding),2,1000
2006-06-01,Victim of intimate partner abuse (finding),1,500
2006-09-01,Victim of intimate partner abuse (finding),2,1000
2006-10-01,Victim of intimate partner abuse (finding),2,1000
2006-11-01,Victim of intimate partner abuse (finding),1,500
2006-12-01,Victim of intimate partner abuse (finding),1,500
2007-01-01,Victim of intimate partner abuse (finding),1,500
2007-02-01,Victim of intimate partner abuse (finding),1,500
2007-03-01,Victim of intimate partner abuse (finding),1,500
2007-04-01,Victim of intimate partner abuse (finding),1,500
2007-06-01,Victim of intimate partner abuse (finding),2,1000
2007-07-01,Victim of intimate partner abuse (finding),4,2000
2007-08-01,Victim of intimate partner abuse (finding),1,500
2007-09-01,Victim of intimate partner abuse (finding),1,500
2007-10-01,Victim of intimate partner abuse (finding),2,1000
2007-11-01,Victim of intimate partner abuse (finding),2,1000
2007-12-01,Victim of intimate partner abuse (finding),3,1500
2008-01-01,Victim of intimate partner abuse (finding),1,500
2008-02-01,Victim of intimate partner abuse (finding),2,1000
2008-03-01,Victim of intimate partner abuse (finding),1,500
2008-04-01,Victim of intimate partner abuse (finding),1,500
2008-06-01,Victim of intimate partner abuse (finding),1,500
2008-07-01,Victim of intimate partner abuse (finding),1,500
2008-08-01,Victim of intimate partner abuse (finding),3,1500
2008-11-01,Victim of intimate partner abuse (finding),1,500
2008-12-01,Victim of intimate partner abuse (finding),2,1000
2009-01-01,Victim of intimate partner abuse (finding),1,500
2009-02-01,Victim of intimate partner abuse (finding),4,2000
2009-03-01,Victim of intimate partner abuse (finding),1,500
2009-04-01,Victim of intimate partner abuse (finding),2,1000
2009-05-01,Victim of intimate partner abuse (finding),2,1000
2009-06-01,Victim of intimate partner abuse (finding),2,1000
2009-07-01,Victim of intimate partner abuse (finding),3,1500
2009-09-01,Victim of intimate partner abuse (finding),1,500
2009-11-01,Victim of intimate partner abuse (finding),1,500
2010-01-01,Victim of intimate partner abuse (finding),1,500
2010-02-01,Victim of intimate partner abuse (finding),1,500
2010-04-01,Victim of intimate partner abuse (finding),1,500
2010-05-01,Victim of intimate partner abuse (finding),2,1000
2010-06-01,Victim of intimate partner abuse (finding),2,1000
2010-07-01,Victim of intimate partner abuse (finding),3,1500
2010-08-01,Victim of intimate partner abuse (finding),4,2000
2010-10-01,Victim of intimate partner abuse (finding),4,2000
2010-11-01,Victim of intimate partner abuse (finding),5,2500
2010-12-01,Victim of intimate partner abuse (finding),2,1000
2011-02-01,Victim of intimate partner abuse (finding),4,2000
2011-03-01,Victim of intimate partner abuse (finding),2,1000
2011-04-01,Victim of intimate partner abuse (finding),2,1000
2011-05-01,Victim of intimate partner abuse (finding),3,1500
2011-06-01,Victim of intimate partner abuse (finding),1,500
2011-07-01,Victim of intimate partner abuse (finding),1,500
2011-09-01,Victim of intimate partner abuse (finding),2,1000
2011-10-01,Victim of intimate partner abuse (finding),1,500
2011-11-01,Victim of intimate partner abuse (finding),1,500
2012-01-01,Victim of intimate partner abuse (finding),2,1000
2012-03-01,Victim of intimate partner abuse (finding),5,2500
2012-04-01,Victim of intimate partner abuse (finding),2,1000
2012-05-01,Victim of intimate partner abuse (finding),2,1000
2012-06-01,Victim of intimate partner abuse (finding),2,1000
2012-07-01,Victim of intimate partner abuse (finding),3,1500
2012-08-01,Victim of intimate partner abuse (finding),2,1000
2012-09-01,Victim of intimate partner abuse (finding),1,500
2012-10-01,Victim of intimate partner abuse (finding),1,500
2012-11-01,Victim of intimate partner abuse (finding),4,2000
2013-01-01,Victim of intimate partner abuse (finding),3,1500
2013-02-01,Victim of intimate partner abuse (finding),3,1500
2013-04-01,Victim of intimate partner abuse (finding),1,500
2013-05-01,Victim of intimate partner abuse (finding),4,2000
2013-06-01,Victim of intimate partner abuse (finding),1,500
2013-07-01,Victim of intimate partner abuse (finding),2,1000
2013-08-01,Victim of intimate partner abuse (finding),4,2000
2013-10-01,Victim of intimate partner abuse (finding),3,1500
2013-11-01,Victim of intimate partner abuse (finding),3,1500
2013-12-01,Victim of intimate partner abuse (finding),1,500
2014-01-01,Victim of intimate partner abuse (finding),1,500
2014-02-01,Victim of intimate partner abuse (finding),4,2000
2014-03-01,Victim of intimate partner abuse (finding),7,3500
2014-04-01,Victim of intimate partner abuse (finding),3,1500
2014-05-01,Victim of intimate partner abuse (finding),1,500
2014-06-01,Victim of intimate partner abuse (finding),3,1500
2014-07-01,Victim of intimate partner abuse (finding),3,1500
2014-08-01,Victim of intimate partner abuse (finding),7,3500
2014-09-01,Victim of intimate partner abuse (finding),1,500
2014-11-01,Victim of intimate partner abuse (finding),4,2000
2014-12-01,Victim of intimate partner abuse (finding),2,1000
2015-01-01,Victim of intimate partner abuse (finding),5,2500
2015-02-01,Victim of intimate partner abuse (finding),8,4000
2015-03-01,Victim of intimate partner abuse (finding),3,1500
2015-04-01,Victim of intimate partner abuse (finding),5,2500
2015-05-01,Victim of intimate partner abuse (finding),5,2500
2015-06-01,Victim of intimate partner abuse (finding),5,2500
2015-07-01,Victim of intimate partner abuse (finding),2,1000
2015-08-01,Victim of intimate partner abuse (finding),2,1000
2015-09-01,Victim of intimate partner abuse (finding),5,2500
2015-10-01,Victim of intimate partner abuse (finding),7,3500
2015-11-01,Victim of intimate partner abuse (finding),8,4000
2015-12-01,Victim of intimate partner abuse (finding),5,2500
2016-01-01,Victim of intimate partner abuse (finding),6,3000
2016-02-01,Victim of intimate partner abuse (finding),10,5000
2016-03-01,Victim of intimate partner abuse (finding),8,4000
2016-04-01,Victim of intimate partner abuse (finding),3,1500
2016-05-01,Victim of intimate partner abuse (finding),8,4000
2016-06-01,Victim of intimate partner abuse (finding),9,4500
2016-07-01,Victim of intimate partner abuse (finding),5,2500
2016-08-01,Victim of intimate partner abuse (finding),9,4500
2016-09-01,Victim of intimate partner abuse (finding),3,1500
2016-10-01,Victim of intimate partner abuse (finding),6,3000
2016-11-01,Victim of intimate partner abuse (finding),3,1500
2016-12-01,Victim of intimate partner abuse (finding),4,2000
2017-01-01,Victim of intimate partner abuse (finding),10,5000
2017-02-01,Victim of intimate partner abuse (finding),4,2000
2017-03-01,Victim of intimate partner abuse (finding),9,4500
2017-04-01,Victim of intimate partner abuse (finding),3,1500
2017-05-01,Victim of intimate partner abuse (finding),12,6000
2017-06-01,Victim of intimate partner abuse (finding),7,3500
2017-07-01,Victim of intimate partner abuse (finding),5,2500
2017-08-01,Victim of intimate partner abuse (finding),8,4000
2017-09-01,Victim of intimate partner abuse (finding),5,2500
2017-10-01,Victim of intimate partner abuse (finding),4,2000
2017-11-01,Victim of intimate partner abuse (finding),3,1500
2017-12-01,Victim of intimate partner abuse (finding),6,3000
2018-01-01,Victim of intimate partner abuse (finding),6,3000
2018-02-01,Victim of intimate partner abuse (finding),8,4000
2018-03-01,Victim of intimate partner abuse (finding),8,4000
2018-04-01,Victim of intimate partner abuse (finding),12,6000
2018-05-01,Victim of intimate partner abuse (finding),4,2000
2018-06-01,Victim of intimate partner abuse (finding),3,1500
2018-07-01,Victim of intimate partner abuse (finding),6,3000
2018-08-01,Victim of intimate partner abuse (finding),8,4000
2018-09-01,Victim of intimate partner abuse (finding),6,3000
2018-10-01,Victim of intimate partner abuse (finding),6,3000
2018-11-01,Victim of intimate partner abuse (finding),4,2000
2018-12-01,Victim of intimate partner abuse (finding),4,2000
2019-01-01,Victim of intimate partner abuse (finding),4,2000
2019-02-01,Victim of intimate partner abuse (finding),6,3000
2019-03-01,Victim of intimate partner abuse (finding),7,3500
2019-04-01,Victim of intimate partner abuse (finding),11,5500
2019-05-01,Victim of intimate partner abuse (finding),4,2000
2019-06-01,Victim of intimate partner abuse (finding),9,4500
2019-07-01,Victim of intimate partner abuse (finding),5,2500
2019-08-01,Victim of intimate partner abuse (finding),7,3500
2019-09-01,Victim of intimate partner abuse (finding),3,1500
2019-10-01,Victim of intimate partner abuse (finding),3,1500
2019-11-01,Victim of intimate partner abuse (finding),5,2500
2019-12-01,Victim of intimate partner abuse (finding),5,2500
2020-01-01,Victim of intimate partner abuse (finding),8,4000
2020-02-01,Victim of intimate partner abuse (finding),4,2000
2020-03-01,Victim of intimate partner abuse (finding),17,8500
2020-04-01,Victim of intimate partner abuse (finding),7,3500
2020-05-01,Victim of intimate partner abuse (finding),5,2500
2020-06-01,Victim of intimate partner abuse (finding),6,3000
2020-07-01,Victim of intimate partner abuse (finding),8,4000
2020-08-01,Victim of intimate partner abuse (finding),10,5000
2020-09-01,Victim of intimate partner abuse (finding),3,1500
2020-10-01,Victim of intimate partner abuse (finding),7,3500
2020-11-01,Victim of intimate partner abuse (finding),8,4000
2020-12-01,Victim of intimate partner abuse (finding),5,2500
2021-01-01,Victim of intimate partner abuse (finding),7,3500
2021-02-01,Victim of intimate partner abuse (finding),6,3000
2021-03-01,Victim of intimate partner abuse (finding),9,4500
2021-04-01,Victim of intimate partner abuse (finding),4,2000
2021-05-01,Victim of intimate partner abuse (finding),3,1500
2021-06-01,Victim of intimate partner abuse (finding),8,4000
2021-07-01,Victim of intimate partner abuse (finding),7,3500
2021-08-01,Victim of intimate partner abuse (finding),4,2000
2021-09-01,Victim of intimate partner abuse (finding),2,1000
2021-10-01,Victim of intimate partner abuse (finding),5,2500
2021-11-01,Victim of intimate partner abuse (finding),8,4000
2021-12-01,Victim of intimate partner abuse (finding),8,4000
2022-01-01,Victim of intimate partner abuse (finding),12,6000
2022-02-01,Victim of intimate partner abuse (finding),5,2500
2022-03-01,Victim of intimate partner abuse (finding),7,3500
2022-04-01,Victim of intimate partner abuse (finding),11,5500
2022-05-01,Victim of intimate partner abuse (finding),10,5000
2022-06-01,Victim of intimate partner abuse (finding),5,2500
2022-07-01,Victim of intimate partner abuse (finding),2,1000
2022-08-01,Victim of intimate partner abuse (finding),7,3500
2022-09-01,Victim of intimate partner abuse (finding),15,7500
2022-10-01,Victim of intimate partner abuse (finding),4,2000
2022-11-01,Victim of intimate partner abuse (finding),11,5500
2022-12-01,Victim of intimate partner abuse (finding),7,3500
2023-01-01,Victim of intimate partner abuse (finding),7,3500
2023-02-01,Victim of intimate partner abuse (finding),8,4000
2023-03-01,Victim of intimate partner abuse (finding),2,1000
2023-04-01,Victim of intimate partner abuse (finding),14,7000
2023-05-01,Victim of intimate partner abuse (finding),6,3000
2023-06-01,Victim of intimate partner abuse (finding),6,3000
2023-07-01,Victim of intimate partner abuse (finding),7,3500
2023-08-01,Victim of intimate partner abuse (finding),8,4000
2023-09-01,Victim of intimate partner abuse (finding),5,2500
2023-10-01,Victim of intimate partner abuse (finding),7,3500
2023-11-01,Victim of intimate partner abuse (finding),6,3000
2023-12-01,Victim of intimate partner abuse (finding),7,3500
2024-01-01,Victim of intimate partner abuse (finding),7,3500
2024-02-01,Victim of intimate partner abuse (finding),6,3000
2024-03-01,Victim of intimate partner abuse (finding),8,4000
2024-04-01,Victim of intimate partner abuse (finding),13,6500
2024-05-01,Victim of intimate partner abuse (finding),10,5000
2024-06-01,Victim of intimate partner abuse (finding),6,3000
2024-07-01,Victim of intimate partner abuse (finding),7,3500
2024-08-01,Victim of intimate partner abuse (finding),9,4500
2024-09-01,Victim of intimate partner abuse (finding),6,3000
2024-10-01,Victim of intimate partner abuse (finding),4,2000
2024-11-01,Victim of intimate partner abuse (finding),10,5000
2024-12-01,Victim of intimate partner abuse (finding),7,3500
2025-01-01,Victim of intimate partner abuse (finding),5,2500
2025-02-01,Victim of intimate partner abuse (finding),8,4000
2025-03-01,Victim of intimate partner abuse (finding),8,4000
2025-04-01,Victim of intimate partner abuse (finding),10,5000
2025-05-01,Victim of intimate partner abuse (finding),6,3000
2025-06-01,Victim of intimate partner abuse (finding),3,1500
2025-07-01,Victim of intimate partner abuse (finding),6,3000
2025-08-01,Victim of intimate partner abuse (finding),8,4000
2025-09-01,Victim of intimate partner abuse (finding),3,1500
2025-10-01,Victim of intimate partner abuse (finding),12,6000
2025-11-01,Victim of intimate partner abuse (finding),3,1500
2025-12-01,Victim of intimate partner abuse (finding),9,4500
2026-01-01,Victim of intimate partner abuse (finding),9,4500
1939-02-01,Viral sinusitis (disorder),1,500
1943-02-01,Viral sinusitis (disorder),1,500
1943-12-01,Viral sinusitis (disorder),1,500
1947-10-01,Viral sinusitis (disorder),1,500
1955-09-01,Viral sinusitis (disorder),1,500
1957-07-01,Viral sinusitis (disorder),1,500
1959-01-01,Viral sinusitis (disorder),1,500
1963-03-01,Viral sinusitis (disorder),1,500
1964-05-01,Viral sinusitis (disorder),1,500
1966-02-01,Viral sinusitis (disorder),1,500
1966-04-01,Viral sinusitis (disorder),1,500
1966-12-01,Viral sinusitis (disorder),1,500
1968-07-01,Viral sinusitis (disorder),1,500
1969-04-01,Viral sinusitis (disorder),1,500
1969-05-01,Viral sinusitis (disorder),1,500
1969-09-01,Viral sinusitis (disorder),1,500
1970-03-01,Viral sinusitis (disorder),1,500
1970-08-01,Viral sinusitis (disorder),1,500
1970-10-01,Viral sinusitis (disorder),1,500
1970-12-01,Viral sinusitis (disorder),1,500
1971-12-01,Viral sinusitis (disorder),1,500
1972-01-01,Viral sinusitis (disorder),1,500
1972-03-01,Viral sinusitis (disorder),1,500
1973-04-01,Viral sinusitis (disorder),1,500
1973-05-01,Viral sinusitis (disorder),1,500
1974-10-01,Viral sinusitis (disorder),1,500
1974-11-01,Viral sinusitis (disorder),2,1000
1976-07-01,Viral sinusitis (disorder),1,500
1976-11-01,Viral sinusitis (disorder),1,500
1977-01-01,Viral sinusitis (disorder),1,500
1977-09-01,Viral sinusitis (disorder),1,500
1978-04-01,Viral sinusitis (disorder),1,500
1978-06-01,Viral sinusitis (disorder),1,500
1978-08-01,Viral sinusitis (disorder),1,500
1979-02-01,Viral sinusitis (disorder),1,500
1979-12-01,Viral sinusitis (disorder),1,500
1980-01-01,Viral sinusitis (disorder),1,500
1980-02-01,Viral sinusitis (disorder),1,500
1980-05-01,Viral sinusitis (disorder),1,500
1980-08-01,Viral sinusitis (disorder),1,500
1980-12-01,Viral sinusitis (disorder),1,500
1981-07-01,Viral sinusitis (disorder),1,500
1981-09-01,Viral sinusitis (disorder),1,500
1982-09-01,Viral sinusitis (disorder),2,1000
1983-02-01,Viral sinusitis (disorder),1,500
1983-03-01,Viral sinusitis (disorder),1,500
1983-07-01,Viral sinusitis (disorder),1,500
1983-12-01,Viral sinusitis (disorder),1,500
1984-03-01,Viral sinusitis (disorder),1,500
1984-07-01,Viral sinusitis (disorder),2,1000
1984-11-01,Viral sinusitis (disorder),1,500
1985-06-01,Viral sinusitis (disorder),1,500
1985-11-01,Viral sinusitis (disorder),1,500
1986-07-01,Viral sinusitis (disorder),3,1500
1987-04-01,Viral sinusitis (disorder),1,500
1987-10-01,Viral sinusitis (disorder),1,500
1987-11-01,Viral sinusitis (disorder),1,500
1988-01-01,Viral sinusitis (disorder),1,500
1988-02-01,Viral sinusitis (disorder),1,500
1988-10-01,Viral sinusitis (disorder),1,500
1988-12-01,Viral sinusitis (disorder),1,500
1989-01-01,Viral sinusitis (disorder),2,1000
1989-06-01,Viral sinusitis (disorder),1,500
1989-07-01,Viral sinusitis (disorder),2,1000
1989-09-01,Viral sinusitis (disorder),1,500
1989-11-01,Viral sinusitis (disorder),1,500
1990-07-01,Viral sinusitis (disorder),1,500
1990-10-01,Viral sinusitis (disorder),1,500
1990-12-01,Viral sinusitis (disorder),2,1000
1991-05-01,Viral sinusitis (disorder),3,1500
1991-06-01,Viral sinusitis (disorder),1,500
1991-10-01,Viral sinusitis (disorder),1,500
1992-01-01,Viral sinusitis (disorder),1,500
1992-03-01,Viral sinusitis (disorder),1,500
1992-04-01,Viral sinusitis (disorder),1,500
1992-05-01,Viral sinusitis (disorder),1,500
1992-06-01,Viral sinusitis (disorder),1,500
1992-11-01,Viral sinusitis (disorder),1,500
1993-01-01,Viral sinusitis (disorder),2,1000
1993-02-01,Viral sinusitis (disorder),1,500
1993-03-01,Viral sinusitis (disorder),1,500
1993-07-01,Viral sinusitis (disorder),1,500
1993-09-01,Viral sinusitis (disorder),1,500
1993-10-01,Viral sinusitis (disorder),1,500
1993-11-01,Viral sinusitis (disorder),1,500
1993-12-01,Viral sinusitis (disorder),1,500
1994-03-01,Viral sinusitis (disorder),1,500
1994-06-01,Viral sinusitis (disorder),1,500
1994-11-01,Viral sinusitis (disorder),1,500
1995-05-01,Viral sinusitis (disorder),2,1000
1995-07-01,Viral sinusitis (disorder),1,500
1995-10-01,Viral sinusitis (disorder),2,1000
1995-11-01,Viral sinusitis (disorder),2,1000
1996-03-01,Viral sinusitis (disorder),1,500
1996-05-01,Viral sinusitis (disorder),1,500
1996-06-01,Viral sinusitis (disorder),1,500
1996-07-01,Viral sinusitis (disorder),1,500
1996-09-01,Viral sinusitis (disorder),2,1000
1997-08-01,Viral sinusitis (disorder),2,1000
1997-09-01,Viral sinusitis (disorder),1,500
1998-02-01,Viral sinusitis (disorder),2,1000
1998-03-01,Viral sinusitis (disorder),2,1000
1998-05-01,Viral sinusitis (disorder),1,500
1998-06-01,Viral sinusitis (disorder),2,1000
1998-07-01,Viral sinusitis (disorder),1,500
1998-09-01,Viral sinusitis (disorder),2,1000
1998-10-01,Viral sinusitis (disorder),3,1500
1998-12-01,Viral sinusitis (disorder),1,500
1999-05-01,Viral sinusitis (disorder),1,500
1999-08-01,Viral sinusitis (disorder),1,500
1999-10-01,Viral sinusitis (disorder),1,500
1999-11-01,Viral sinusitis (disorder),1,500
2000-01-01,Viral sinusitis (disorder),1,500
2000-04-01,Viral sinusitis (disorder),1,500
2000-07-01,Viral sinusitis (disorder),1,500
2000-09-01,Viral sinusitis (disorder),1,500
2001-01-01,Viral sinusitis (disorder),1,500
2001-06-01,Viral sinusitis (disorder),1,500
2001-10-01,Viral sinusitis (disorder),1,500
2002-06-01,Viral sinusitis (disorder),1,500
2003-01-01,Viral sinusitis (disorder),1,500
2003-02-01,Viral sinusitis (disorder),1,500
2003-03-01,Viral sinusitis (disorder),1,500
2003-05-01,Viral sinusitis (disorder),1,500
2003-07-01,Viral sinusitis (disorder),1,500
2003-10-01,Viral sinusitis (disorder),1,500
2003-12-01,Viral sinusitis (disorder),1,500
2004-01-01,Viral sinusitis (disorder),1,500
2004-06-01,Viral sinusitis (disorder),1,500
2004-09-01,Viral sinusitis (disorder),1,500
2004-11-01,Viral sinusitis (disorder),2,1000
2004-12-01,Viral sinusitis (disorder),1,500
2005-03-01,Viral sinusitis (disorder),1,500
2005-04-01,Viral sinusitis (disorder),1,500
2005-05-01,Viral sinusitis (disorder),1,500
2005-06-01,Viral sinusitis (disorder),2,1000
2005-09-01,Viral sinusitis (disorder),4,2000
2005-10-01,Viral sinusitis (disorder),1,500
2006-01-01,Viral sinusitis (disorder),1,500
2006-05-01,Viral sinusitis (disorder),1,500
2006-06-01,Viral sinusitis (disorder),1,500
2006-07-01,Viral sinusitis (disorder),1,500
2007-04-01,Viral sinusitis (disorder),2,1000
2007-08-01,Viral sinusitis (disorder),1,500
2007-09-01,Viral sinusitis (disorder),1,500
2007-11-01,Viral sinusitis (disorder),2,1000
2008-02-01,Viral sinusitis (disorder),1,500
2008-03-01,Viral sinusitis (disorder),3,1500
2008-04-01,Viral sinusitis (disorder),2,1000
2008-09-01,Viral sinusitis (disorder),1,500
2009-02-01,Viral sinusitis (disorder),1,500
2009-03-01,Viral sinusitis (disorder),2,1000
2009-04-01,Viral sinusitis (disorder),1,500
2009-09-01,Viral sinusitis (disorder),1,500
2010-01-01,Viral sinusitis (disorder),1,500
2010-02-01,Viral sinusitis (disorder),2,1000
2010-03-01,Viral sinusitis (disorder),1,500
2010-04-01,Viral sinusitis (disorder),1,500
2010-07-01,Viral sinusitis (disorder),2,1000
2010-09-01,Viral sinusitis (disorder),1,500
2010-10-01,Viral sinusitis (disorder),2,1000
2011-01-01,Viral sinusitis (disorder),2,1000
2011-03-01,Viral sinusitis (disorder),1,500
2011-09-01,Viral sinusitis (disorder),1,500
2011-11-01,Viral sinusitis (disorder),1,500
2011-12-01,Viral sinusitis (disorder),2,1000
2012-02-01,Viral sinusitis (disorder),3,1500
2012-05-01,Viral sinusitis (disorder),2,1000
2012-06-01,Viral sinusitis (disorder),1,500
2012-07-01,Viral sinusitis (disorder),1,500
2012-09-01,Viral sinusitis (disorder),1,500
2012-10-01,Viral sinusitis (disorder),1,500
2012-11-01,Viral sinusitis (disorder),1,500
2013-01-01,Viral sinusitis (disorder),3,1500
2013-02-01,Viral sinusitis (disorder),1,500
2013-08-01,Viral sinusitis (disorder),1,500
2013-11-01,Viral sinusitis (disorder),1,500
2014-03-01,Viral sinusitis (disorder),1,500
2014-06-01,Viral sinusitis (disorder),1,500
2014-08-01,Viral sinusitis (disorder),2,1000
2014-12-01,Viral sinusitis (disorder),2,1000
2015-01-01,Viral sinusitis (disorder),2,1000
2015-02-01,Viral sinusitis (disorder),2,1000
2015-03-01,Viral sinusitis (disorder),1,500
2015-04-01,Viral sinusitis (disorder),1,500
2015-05-01,Viral sinusitis (disorder),1,500
2016-01-01,Viral sinusitis (disorder),3,1500
2016-02-01,Viral sinusitis (disorder),10,5000
2016-03-01,Viral sinusitis (disorder),12,6000
2016-04-01,Viral sinusitis (disorder),15,7500
2016-05-01,Viral sinusitis (disorder),21,10500
2016-06-01,Viral sinusitis (disorder),19,9500
2016-07-01,Viral sinusitis (disorder),14,7000
2016-08-01,Viral sinusitis (disorder),19,9500
2016-09-01,Viral sinusitis (disorder),20,10000
2016-10-01,Viral sinusitis (disorder),15,7500
2016-11-01,Viral sinusitis (disorder),16,8000
2016-12-01,Viral sinusitis (disorder),17,8500
2017-01-01,Viral sinusitis (disorder),12,6000
2017-02-01,Viral sinusitis (disorder),15,7500
2017-03-01,Viral sinusitis (disorder),13,6500
2017-04-01,Viral sinusitis (disorder),16,8000
2017-05-01,Viral sinusitis (disorder),14,7000
2017-06-01,Viral sinusitis (disorder),17,8500
2017-07-01,Viral sinusitis (disorder),18,9000
2017-08-01,Viral sinusitis (disorder),22,11000
2017-09-01,Viral sinusitis (disorder),13,6500
2017-10-01,Viral sinusitis (disorder),19,9500
2017-11-01,Viral sinusitis (disorder),14,7000
2017-12-01,Viral sinusitis (disorder),16,8000
2018-01-01,Viral sinusitis (disorder),18,9000
2018-02-01,Viral sinusitis (disorder),17,8500
2018-03-01,Viral sinusitis (disorder),19,9500
2018-04-01,Viral sinusitis (disorder),16,8000
2018-05-01,Viral sinusitis (disorder),22,11000
2018-06-01,Viral sinusitis (disorder),14,7000
2018-07-01,Viral sinusitis (disorder),13,6500
2018-08-01,Viral sinusitis (disorder),15,7500
2018-09-01,Viral sinusitis (disorder),16,8000
2018-10-01,Viral sinusitis (disorder),17,8500
2018-11-01,Viral sinusitis (disorder),18,9000
2018-12-01,Viral sinusitis (disorder),15,7500
2019-01-01,Viral sinusitis (disorder),18,9000
2019-02-01,Viral sinusitis (disorder),9,4500
2019-03-01,Viral sinusitis (disorder),20,10000
2019-04-01,Viral sinusitis (disorder),17,8500
2019-05-01,Viral sinusitis (disorder),20,10000
2019-06-01,Viral sinusitis (disorder),17,8500
2019-07-01,Viral sinusitis (disorder),24,12000
2019-08-01,Viral sinusitis (disorder),15,7500
2019-09-01,Viral sinusitis (disorder),17,8500
2019-10-01,Viral sinusitis (disorder),17,8500
2019-11-01,Viral sinusitis (disorder),18,9000
2019-12-01,Viral sinusitis (disorder),24,12000
2020-01-01,Viral sinusitis (disorder),15,7500
2020-02-01,Viral sinusitis (disorder),13,6500
2020-03-01,Viral sinusitis (disorder),9,4500
2020-04-01,Viral sinusitis (disorder),24,12000
2020-05-01,Viral sinusitis (disorder),26,13000
2020-06-01,Viral sinusitis (disorder),18,9000
2020-07-01,Viral sinusitis (disorder),30,15000
2020-08-01,Viral sinusitis (disorder),9,4500
2020-09-01,Viral sinusitis (disorder),16,8000
2020-10-01,Viral sinusitis (disorder),21,10500
2020-11-01,Viral sinusitis (disorder),15,7500
2020-12-01,Viral sinusitis (disorder),21,10500
2021-01-01,Viral sinusitis (disorder),20,10000
2021-02-01,Viral sinusitis (disorder),21,10500
2021-03-01,Viral sinusitis (disorder),15,7500
2021-04-01,Viral sinusitis (disorder),21,10500
2021-05-01,Viral sinusitis (disorder),17,8500
2021-06-01,Viral sinusitis (disorder),16,8000
2021-07-01,Viral sinusitis (disorder),23,11500
2021-08-01,Viral sinusitis (disorder),20,10000
2021-09-01,Viral sinusitis (disorder),12,6000
2021-10-01,Viral sinusitis (disorder),17,8500
2021-11-01,Viral sinusitis (disorder),20,10000
2021-12-01,Viral sinusitis (disorder),22,11000
2022-01-01,Viral sinusitis (disorder),24,12000
2022-02-01,Viral sinusitis (disorder),25,12500
2022-03-01,Viral sinusitis (disorder),18,9000
2022-04-01,Viral sinusitis (disorder),12,6000
2022-05-01,Viral sinusitis (disorder),23,11500
2022-06-01,Viral sinusitis (disorder),16,8000
2022-07-01,Viral sinusitis (disorder),12,6000
2022-08-01,Viral sinusitis (disorder),18,9000
2022-09-01,Viral sinusitis (disorder),24,12000
2022-10-01,Viral sinusitis (disorder),19,9500
2022-11-01,Viral sinusitis (disorder),19,9500
2022-12-01,Viral sinusitis (disorder),27,13500
2023-01-01,Viral sinusitis (disorder),13,6500
2023-02-01,Viral sinusitis (disorder),11,5500
2023-03-01,Viral sinusitis (disorder),16,8000
2023-04-01,Viral sinusitis (disorder),22,11000
2023-05-01,Viral sinusitis (disorder),13,6500
2023-06-01,Viral sinusitis (disorder),18,9000
2023-07-01,Viral sinusitis (disorder),24,12000
2023-08-01,Viral sinusitis (disorder),15,7500
2023-09-01,Viral sinusitis (disorder),13,6500
2023-10-01,Viral sinusitis (disorder),20,10000
2023-11-01,Viral sinusitis (disorder),23,11500
2023-12-01,Viral sinusitis (disorder),25,12500
2024-01-01,Viral sinusitis (disorder),15,7500
2024-02-01,Viral sinusitis (disorder),11,5500
2024-03-01,Viral sinusitis (disorder),17,8500
2024-04-01,Viral sinusitis (disorder),22,11000
2024-05-01,Viral sinusitis (disorder),22,11000
2024-06-01,Viral sinusitis (disorder),22,11000
2024-07-01,Viral sinusitis (disorder),13,6500
2024-08-01,Viral sinusitis (disorder),15,7500
2024-09-01,Viral sinusitis (disorder),15,7500
2024-10-01,Viral sinusitis (disorder),16,8000
2024-11-01,Viral sinusitis (disorder),17,8500
2024-12-01,Viral sinusitis (disorder),21,10500
2025-01-01,Viral sinusitis (disorder),23,11500
2025-02-01,Viral sinusitis (disorder),14,7000
2025-03-01,Viral sinusitis (disorder),21,10500
2025-04-01,Viral sinusitis (disorder),22,11000
2025-05-01,Viral sinusitis (disorder),14,7000
2025-06-01,Viral sinusitis (disorder),20,10000
2025-07-01,Viral sinusitis (disorder),18,9000
2025-08-01,Viral sinusitis (disorder),24,12000
2025-09-01,Viral sinusitis (disorder),22,11000
2025-10-01,Viral sinusitis (disorder),23,11500
2025-11-01,Viral sinusitis (disorder),13,6500
2025-12-01,Viral sinusitis (disorder),26,13000
2026-01-01,Viral sinusitis (disorder),17,8500
